material_id,Material,description,Size,Fuel,source,type,id,unit,province_state,city,year,material_cost,labour_cost,equipment_cost,material_op_factor,labour_op_factor,equipment_op_factor,comments,material_mult,labour_mult
1,GasLine,"Gas Line tubing with lightning protection 3/4""",0.75,,rs-means,Unit,180467,L.F.,,,,,,,,,,,1.0,1.0
2,GasLine,"Gas line fitting connection, flexible manifold with 4 ports (3/4 "" x 1/2"" x 1/2"" (4))",4,,rs-means,Unit,180468,each,,,,,,,,,,,1.0,1.0
3,OilLine,"Oil line with lightning protection 1""",1,,rs-means,Unit,180467,L.F.,,,,,,,,,,,1.0,1.0
4,OilLine,Oil filter 32 gph,32,,rs-means,Unit,180469,each,,,,,,,,,,,1.0,1.0
5,OilTanks,"Double steel wall above ground storage tank includig cradles, 2000 gallon (US) capacity",2000,,rs-means,Unit,180470,each,,,,,,,,,,,1.0,1.0
6,OilTanks,"Underground storage tank, steel, sti-P3, set in place, single wall, 1,000 gal cap, 7 ga. shell, excl. hold-down bars, excavation, pad pumps & piping",1000,,rs-means,Unit,180471,each,,,,,,,,,,,1.0,1.0
7,OilTanks,"Storage tank, horizontal, steel, above ground, single wall, 550 gallon, incl. cradles, coating & fittings, excl. foundation, pumps or piping",550,,rs-means,Unit,180472,each,,,,,,,,,,,1.0,1.0
8,OilTanks,Oil pump and motor 27 gph 1/3,27,,rs-means,Unit,180473,each,,,,,,,,,,,1.0,1.0
9,Valves,"Valves, brass, gas cocks, threaded, 3/4""",0.75,,rs-means,Unit,180474,each,,,,,,,,,,,1.0,1.0
10,ValvesGate,"Valves, bronze, gate, non-rising stem, soldered, 125 psi, 1-1/4""",1.25,,rs-means,Unit,180475,each,,,,,,,,,,,1.0,1.0
11,ValvesGate,"Valves, bronze, gate, non-rising stem, soldered, 125 psi, 1-1/2""",1.5,,rs-means,Unit,180476,each,,,,,,,,,,,1.0,1.0
12,ValvesGate,"Valves, bronze, gate, non-rising stem, threaded, class 150, 3/4""",0.75,,rs-means,Unit,180477,each,,,,,,,,,,,1.0,1.0
13,ValvesGate,"Valves, bronze, gate, non-rising stem, threaded, class 150, 1""",1,,rs-means,Unit,180478,each,,,,,,,,,,,1.0,1.0
14,ValvesGate,"Valves, bronze, gate, non-rising stem, threaded, class 150, 1-1/4""",1.25,,rs-means,Unit,180479,each,,,,,,,,,,,1.0,1.0
15,ValvesGate,"Valves, bronze, gate, non-rising stem, threaded, class 150, 2""",2,,rs-means,Unit,180480,each,,,,,,,,,,,1.0,1.0
16,ValvesPressure,"Valves, bronze, relief, pressure & temperature, self-closing, threaded, 3/4"", ASME",0.75,,rs-means,Unit,180481,each,,,,,,,,,,,1.0,1.0
17,ValvesBFly,"Valves, iron body, butterfly, wafer type, lever actuator, 200 lb., 2""",2,,rs-means,Unit,180482,each,,,,,,,,,,,1.0,1.0
18,ValvesBFly,"Valves, iron body, butterfly, wafer type, lever actuator, 200 lb., 2-1/2""",2.5,,rs-means,Unit,180483,each,,,,,,,,,,,1.0,1.0
19,ValvesBFly,"Valves, iron body, butterfly, wafer type, lever actuator, 200 lb., 4""",4,,rs-means,Unit,180484,each,,,,,,,,,,,1.0,1.0
20,ValvesBig,"Valves, iron body, gate, non-rising stem, flanged, 125 lb., 2""",2,,rs-means,Unit,180485,each,,,,,,,,,,,1.0,1.0
21,ValvesBig,"Valves, iron body, gate, non-rising stem, flanged, 125 lb., 2-1/2""",2.5,,rs-means,Unit,180486,each,,,,,,,,,,,1.0,1.0
22,ValvesBig,"Valves, iron body, gate, non-rising stem, flanged, 125 lb., 4""",4,,rs-means,Unit,180487,each,,,,,,,,,,,1.0,1.0
23,ValvesBig,"Valves, cast iron body, multipurpose, functions as a shut off, balancing, check and metering valve, threaded, 2"" size",,,rs-means,Unit,180488,each,,,,,,,,,,,1.0,1.0
24,PipeInsulationsilica,"Insulation, pipe covering (price copper tube one size less than I.P.S.), calcium silicate, 1"" wall, 1"" iron pipe size, includes 8 oz. canvas cover",1,,rs-means,Unit,180489,L.F.,,,,,,,,,,,1.0,1.0
25,PipeInsulationsilica,"Insulation, pipe covering (price copper tube one size less than I.P.S.), calcium silicate, 1"" wall, 1-1/4"" iron pipe size, includes 8 oz. canvas cover",1.25,,rs-means,Unit,180490,L.F.,,,,,,,,,,,1.0,1.0
26,PipeInsulationsilica,"Insulation, pipe covering (price copper tube one size less than I.P.S.), calcium silicate, 1"" wall, 1-1/2"" iron pipe size, includes 8 oz. canvas cover",1.6,,rs-means,Unit,180491,L.F.,,,,,,,,,,,1.0,1.0
27,PipeInsulationsilica,"Insulation, pipe covering (price copper tube one size less than I.P.S.), calcium silicate, 1"" wall, 3"" iron pipe size, includes 8 oz. canvas cover",3,,rs-means,Unit,180492,L.F.,,,,,,,,,,,1.0,1.0
28,PipeInsulation,"Insulation, pipe covering (price copper tube one size less than I.P.S.), fiberglass with all service jacket, 1"" wall, 3/4"" iron pipe size",0.75,,rs-means,Unit,180493,L.F.,,,,,,,,,,,1.0,1.0
29,PipeInsulation,"Insulation, pipe covering (price copper tube one size less than I.P.S.), fiberglass with all service jacket, 1"" wall, 1"" iron pipe size",1,,rs-means,Unit,180494,L.F.,,,,,,,,,,,1.0,1.0
30,PipeInsulation,"Insulation, pipe covering (price copper tube one size less than I.P.S.), fiberglass with all service jacket, 1"" wall, 1-1/4"" iron pipe size",1.25,,rs-means,Unit,180495,L.F.,,,,,,,,,,,1.0,1.0
31,PipeInsulation,"Insulation, pipe covering (price copper tube one size less than I.P.S.), fiberglass with all service jacket, 1"" wall, 1-1/2"" iron pipe size",1.5,,rs-means,Unit,180496,L.F.,,,,,,,,,,,1.0,1.0
32,PipeInsulation,"Insulation, pipe covering (price copper tube one size less than I.P.S.), fiberglass with all service jacket, 1"" wall, 2"" iron pipe size",2,,rs-means,Unit,180497,L.F.,,,,,,,,,,,1.0,1.0
33,PipeInsulation,"Insulation, pipe covering (price copper tube one size less than I.P.S.), fiberglass with all service jacket, 1"" wall, 2-1/2"" iron pipe size",2.5,,rs-means,Unit,180498,L.F.,,,,,,,,,,,1.0,1.0
34,PipeInsulation,"Insulation, pipe covering (price copper tube one size less than I.P.S.), fiberglass with all service jacket, 1-1/2"" wall, 2-1/2"" iron pipe size",2.5,,rs-means,Unit,180499,L.F.,,,,,,,,,,,1.0,1.0
35,PipeInsulation,"Insulation, pipe covering (price copper tube one size less than I.P.S.), fiberglass with all service jacket, 1-1/2"" wall, 4"" iron pipe size",4,,rs-means,Unit,180500,L.F.,,,,,,,,,,,1.0,1.0
36,PipeJacket,"Insulation, pipe covering (price copper tube one size less than I.P.S.), finishes, .016"" thick, for aluminum jacket, add",4,,rs-means,Unit,180501,L.F.,,,,,,,,,,,1.0,1.0
37,CopperPipe,"Pipe, copper, tubing, solder, 3/4"" diameter, type L, includes coupling & clevis hanger assembly 10' O.C.",0.75,,rs-means,Unit,180502,L.F.,,,,,,,,,,,1.0,1.0
38,CopperPipe,"Pipe, copper, tubing, solder, 1"" diameter, type L, includes coupling & clevis hanger assembly 10' O.C.",1,,rs-means,Unit,180503,L.F.,,,,,,,,,,,1.0,1.0
39,CopperPipe,"Pipe, copper, tubing, solder, 1-1/4"" diameter, type L, includes coupling & clevis hanger assembly 10' O.C.",1.25,,rs-means,Unit,180504,L.F.,,,,,,,,,,,1.0,1.0
40,CopperPipe,"Pipe, copper, tubing, solder, 1-1/2"" diameter, type L, includes coupling & clevis hanger assembly 10' O.C.",1.5,,rs-means,Unit,180505,L.F.,,,,,,,,,,,1.0,1.0
41,CopperPipe,"Pipe, copper, tubing, solder, 2"" diameter, type L, includes coupling & clevis hanger assembly 10' O.C.",2,,rs-means,Unit,180506,L.F.,,,,,,,,,,,1.0,1.0
42,CopperPipe,"Pipe, copper, tubing, solder, 2.5"" diameter, type L, includes coupling & clevis hanger assembly 10' O.C.",2.5,,rs-means,Unit,180507,each,,,,,,,,,,,1.0,1.0
43,PipeAssem,"Pipe, sub assemblies used in assembly systems, chilled water unit, coil connections, per unit, under 10 ton",37.120000000000005,,rs-means,Unit,180508,each,,,,,,,,,,,1.0,1.0
44,PipeAssem,"Pipe, sub assemblies used in assembly systems, chilled water unit, coil connections, per unit, 10 ton and up",37.123712,,rs-means,Unit,180509,each,,,,,,,,,,,1.0,1.0
45,PipeDistribAssem,"Pipe, sub assemblies used in assembly systems, chilled water distribution piping, per ton, less than 61 ton systems",,,rs-means,Unit,180510,each,,,,,,,,,,,1.0,1.0
46,CopperPipeElbow,"Elbow, 90 Deg., copper, wrought, copper x copper, 3/4""",0.75,,rs-means,Unit,180511,each,,,,,,,,,,,1.0,1.0
47,CopperPipeElbow,"Elbow, 90 Deg., copper, wrought, copper x copper, 1""",1,,rs-means,Unit,180512,each,,,,,,,,,,,1.0,1.0
48,CopperPipeElbow,"Elbow, 90 Deg., copper, wrought, copper x copper, 1-1/4""",1.25,,rs-means,Unit,180513,each,,,,,,,,,,,1.0,1.0
49,CopperPipeElbow,"Elbow, 90 Deg., copper, wrought, copper x copper, 1-1/2""",1.5,,rs-means,Unit,180514,each,,,,,,,,,,,1.0,1.0
50,CopperPipeElbow,"Elbow, 90 Deg., copper, wrought, copper x copper, 2""",2,,rs-means,Unit,180515,each,,,,,,,,,,,1.0,1.0
51,CopperPipeElbow,"Elbow, 90 Deg., copper, wrought, copper x copper, 2-1/2""",2.5,,rs-means,Unit,180516,each,,,,,,,,,,,1.0,1.0
52,CopperPipeTee,"Tee, copper, wrought, copper x copper, 3/4""",0.75,,rs-means,Unit,180517,each,,,,,,,,,,,1.0,1.0
53,CopperPipeTee,"Tee, copper, wrought, copper x copper, 1""",1,,rs-means,Unit,180518,each,,,,,,,,,,,1.0,1.0
54,CopperPipeTee,"Tee, copper, wrought, copper x copper, 1-1/4""",1.25,,rs-means,Unit,180519,each,,,,,,,,,,,1.0,1.0
55,CopperPipeTee,"Tee, copper, wrought, copper x copper, 1-1/2""",1.5,,rs-means,Unit,180520,each,,,,,,,,,,,1.0,1.0
56,CopperPipeTee,"Tee, copper, wrought, copper x copper, 2""",2,,rs-means,Unit,180521,each,,,,,,,,,,,1.0,1.0
57,CopperPipeTee,"Tee, copper, wrought, copper x copper, 2-1/2""",2.5,,rs-means,Unit,180522,each,,,,,,,,,,,1.0,1.0
58,CopperPipeUnion,"Union, copper, cast, copper x copper, 3/4""",0.75,,rs-means,Unit,180523,each,,,,,,,,,,,1.0,1.0
59,CopperPipeUnion,"Union, copper, cast, copper x copper, 1""",1,,rs-means,Unit,180524,each,,,,,,,,,,,1.0,1.0
60,CopperPipeUnion,"Union, copper, cast, copper x copper, 1-1/4""",1.25,,rs-means,Unit,180525,each,,,,,,,,,,,1.0,1.0
61,CopperPipeUnion,"Union, copper, cast, copper x copper, 1-1/2""",1.5,,rs-means,Unit,180526,each,,,,,,,,,,,1.0,1.0
62,CopperPipeUnion,"Union, copper, cast, copper x copper, 2""",2,,rs-means,Unit,180527,each,,,,,,,,,,,1.0,1.0
63,CopperPipeUnion,"Union, copper, cast, copper x copper, 2-1/2""",2.5,,rs-means,Unit,180528,each,,,,,,,,,,,1.0,1.0
64,CopperAdapter,"Adapter, copper, wrought, copper x male I.P.S., 3/4""",0.75,,rs-means,Unit,180529,each,,,,,,,,,,,1.0,1.0
65,CopperAdapter,"Adapter, copper, wrought, copper x male I.P.S., 1""",1,,rs-means,Unit,180530,each,,,,,,,,,,,1.0,1.0
66,CopperAdapter,"Adapter, copper, wrought, copper x male I.P.S., 1-1/4""",1.25,,rs-means,Unit,180531,each,,,,,,,,,,,1.0,1.0
67,CopperAdapter,"Adapter, copper, wrought, copper x male I.P.S., 1-1/2""",1.5,,rs-means,Unit,180532,each,,,,,,,,,,,1.0,1.0
68,CopperAdapter,"Adapter, copper, wrought, copper x male I.P.S., 2""",2,,rs-means,Unit,180533,each,,,,,,,,,,,1.0,1.0
69,CopperAdapter,"Adapter, copper, wrought, copper x male I.P.S., 2-1/2""",2.5,,rs-means,Unit,180534,each,,,,,,,,,,,1.0,1.0
70,SteelPipe,"Pipe, steel, black, threaded, 1/2"" diameter, schedule 40, Spec. A-53, includes coupling and clevis hanger assembly sized for covering, 10' OC",0.5,,rs-means,Unit,180535,L.F.,,,,,,,,,,,1.0,1.0
71,SteelPipe,"Pipe, steel, black, threaded, 3/4"" diameter, schedule 40, Spec. A-53, includes coupling and clevis hanger assembly sized for covering, 10' OC",0.75,,rs-means,Unit,180536,L.F.,,,,,,,,,,,1.0,1.0
72,SteelPipe,"Pipe, steel, black, threaded, 1"" diameter, schedule 40, Spec. A-53, includes coupling and clevis hanger assembly sized for covering, 10' OC",1,,rs-means,Unit,180537,L.F.,,,,,,,,,,,1.0,1.0
73,SteelPipe,"Pipe, steel, black, threaded, 1-1/4"" diameter, schedule 40, Spec. A-53, includes coupling and clevis hanger assembly sized for covering, 10' OC",1.25,,rs-means,Unit,180538,L.F.,,,,,,,,,,,1.0,1.0
74,SteelPipe,"Pipe, steel, black, threaded, 1-1/2"" diameter, schedule 40, Spec. A-53, includes coupling and clevis hanger assembly sized for covering, 10' OC",1.5,,rs-means,Unit,180539,L.F.,,,,,,,,,,,1.0,1.0
75,SteelPipe,"Pipe, steel, black, threaded, 2"" diameter, schedule 40, Spec. A-53, includes coupling and clevis hanger assembly sized for covering, 10' OC",2,,rs-means,Unit,180540,L.F.,,,,,,,,,,,1.0,1.0
76,SteelPipe,"Pipe, steel, black, welded, 2-1/2"" diameter, schedule 40, Spec. A-53, includes yoke & roll hanger assembly, sized for covering, 10' OC",2.5,,rs-means,Unit,180541,L.F.,,,,,,,,,,,1.0,1.0
77,SteelPipe,"Pipe, steel, black, welded, 3"" diameter, schedule 40, Spec. A-53, includes yoke & roll hanger assembly, sized for covering, 10'",3,,rs-means,Unit,180542,L.F.,,,,,,,,,,,1.0,1.0
78,SteelPipe,"Pipe, steel, black, welded, 4"" diameter, schedule 40, Spec. A-53, includes yoke & roll hanger assembly, sized for covering, 10' OC",4,,rs-means,Unit,180543,L.F.,,,,,,,,,,,1.0,1.0
79,SteelPipeElbow,"Elbow, 90 Deg., steel, malleable iron, black, straight, threaded, 150 lb., 1/2""",0.5,,rs-means,Unit,180544,each,,,,,,,,,,,1.0,1.0
80,SteelPipeElbow,"Elbow, 90 Deg., steel, malleable iron, black, straight, threaded, 150 lb., 3/4""",0.75,,rs-means,Unit,180545,each,,,,,,,,,,,1.0,1.0
81,SteelPipeElbow,"Elbow, 90 Deg., steel, malleable iron, black, straight, threaded, 150 lb., 1""",1,,rs-means,Unit,180546,each,,,,,,,,,,,1.0,1.0
82,SteelPipeElbow,"Elbow, 90 Deg., steel, malleable iron, black, straight, threaded, 150 lb., 1-1/4""",1.25,,rs-means,Unit,180547,each,,,,,,,,,,,1.0,1.0
83,SteelPipeElbow,"Elbow, 90 Deg., steel, malleable iron, black, straight, threaded, 150 lb., 1-1/2""",1.5,,rs-means,Unit,180548,each,,,,,,,,,,,1.0,1.0
84,SteelPipeElbow,"Elbow, 90 Deg., steel, malleable iron, black, straight, threaded, 150 lb., 2""",2,,rs-means,Unit,180549,each,,,,,,,,,,,1.0,1.0
85,SteelPipeElbow,"Elbow, 90 Deg., steel, malleable iron, black, straight, threaded, 150 lb., 2-1/2""",2.5,,rs-means,Unit,180550,each,,,,,,,,,,,1.0,1.0
86,SteelPipeTee,"Tee, steel, malleable iron, black, straight, threaded, 150 lb., 3/4""",0.75,,rs-means,Unit,180551,each,,,,,,,,,,,1.0,1.0
87,SteelPipeTee,"Tee, steel, malleable iron, black, straight, threaded, 150 lb., 1""",1,,rs-means,Unit,180552,each,,,,,,,,,,,1.0,1.0
88,SteelPipeTee,"Tee, steel, malleable iron, black, straight, threaded, 150 lb., 1-1/4""",1.25,,rs-means,Unit,180553,each,,,,,,,,,,,1.0,1.0
89,SteelPipeTee,"Tee, steel, malleable iron, black, straight, threaded, 150 lb., 1-1/2""",1.5,,rs-means,Unit,180554,each,,,,,,,,,,,1.0,1.0
90,SteelPipeTee,"Tee, steel, malleable iron, black, straight, threaded, 150 lb., 2""",2,,rs-means,Unit,180555,each,,,,,,,,,,,1.0,1.0
91,SteelPipeTee,"Tee, steel, malleable iron, black, straight, threaded, 150 lb., 2-1/2""",2.5,,rs-means,Unit,180556,each,,,,,,,,,,,1.0,1.0
92,SteelPipeTeeRed,"Tee, steel, malleable iron, black, reducing on the outlet, threaded, 150 lb., 3/4""",0.75,,rs-means,Unit,180557,each,,,,,,,,,,,1.0,1.0
93,SteelPipeTeeRed,"Tee, steel, malleable iron, black, reducing on the outlet, threaded, 150 lb., 1""",1,,rs-means,Unit,180558,each,,,,,,,,,,,1.0,1.0
94,SteelPipeTeeRed,"Tee, steel, malleable iron, black, reducing on the outlet, threaded, 150 lb., 2""",2,,rs-means,Unit,180559,each,,,,,,,,,,,1.0,1.0
95,SteelPipeRed,"Reducer, steel, malleable iron, black, concentric, threaded, 150 lb., 3/4""",0.75,,rs-means,Unit,180560,each,,,,,,,,,,,1.0,1.0
96,SteelPipeRed,"Reducer, steel, malleable iron, black, concentric, threaded, 150 lb., 1-1/4""",1.25,,rs-means,Unit,180561,each,,,,,,,,,,,1.0,1.0
97,SteelPipeRed,"Reducer, steel, malleable iron, black, concentric, threaded, 150 lb., 2""",2,,rs-means,Unit,180562,each,,,,,,,,,,,1.0,1.0
98,SteelPipeCap,"Cap, steel, malleable iron, black, threaded, 150 lb., 3/4""",0.75,,rs-means,Unit,180563,each,,,,,,,,,,,1.0,1.0
99,SteelPipeUnion,"Union, steel, malleable iron, black, with brass seat, threaded, 150 lb., 3/4""",0.75,,rs-means,Unit,180564,each,,,,,,,,,,,1.0,1.0
100,SteelPipeUnion,"Union, steel, malleable iron, black, with brass seat, threaded, 150 lb., 1""",1,,rs-means,Unit,180565,each,,,,,,,,,,,1.0,1.0
101,SteelPipeUnion,"Union, steel, malleable iron, black, with brass seat, threaded, 150 lb., 1-1/4""",1.25,,rs-means,Unit,180566,each,,,,,,,,,,,1.0,1.0
102,SteelPipeUnion,"Union, steel, malleable iron, black, with brass seat, threaded, 150 lb., 1-1/2""",1.5,,rs-means,Unit,180567,each,,,,,,,,,,,1.0,1.0
103,SteelPipeUnion,"Union, steel, malleable iron, black, with brass seat, threaded, 150 lb., 2""",2,,rs-means,Unit,180568,each,,,,,,,,,,,1.0,1.0
104,SteelPipeUnion,"Union, steel, malleable iron, black, with brass seat, threaded, 150 lb., 2-1/2""",2.5,,rs-means,Unit,180569,each,,,,,,,,,,,1.0,1.0
105,CSteelElbow,"Elbow, 90 Deg., steel, carbon steel, black, long radius, butt weld, standard weight, 2-1/2"" pipe size, includes 1 weld per joint and weld machine",2.5,,rs-means,Unit,180570,each,,,,,,,,,,,1.0,1.0
106,CSteelElbow,"Elbow, 90 Deg., steel, carbon steel, black, long radius, butt weld, standard weight, 4"" pipe size, includes 1 weld per joint and weld machine",4,,rs-means,Unit,180571,each,,,,,,,,,,,1.0,1.0
107,CSteelRed,"Reducer, steel, carbon steel, black, eccentric, butt weld, standard weight, 2-1/2"" pipe size, includes 1 weld per joint and weld machine",2.5,,rs-means,Unit,180572,each,,,,,,,,,,,1.0,1.0
108,CSteelTee,"Tee, steel, carbon steel, black, reducing on the outlet, butt weld, standard weight, 2-1/2"" x 2"" pipe size, includes 1 weld per joint and weld machine",2.5,,rs-means,Unit,180573,each,,,,,,,,,,,1.0,1.0
109,CSteelNozzle,"Nozzle, steel, T-O-L, weld-on, 1/4"" pipe size, includes 1 weld per joint and weld machine",0.25,,rs-means,Unit,180574,each,,,,,,,,,,,1.0,1.0
110,CSteelNozzle,"Nozzle, steel, T-O-L, weld-on, 1/2"" pipe size, includes 1 weld per joint and weld machine",0.5,,rs-means,Unit,180575,each,,,,,,,,,,,1.0,1.0
111,CSteelNozzle,"Nozzle, steel, T-O-L, weld-on, 3/4"" pipe size, includes 1 weld per joint and weld machine",0.75,,rs-means,Unit,180576,each,,,,,,,,,,,1.0,1.0
112,SteelFlange,"Flange, steel, forged steel, weld neck, 150 lb., 2-1/2"" pipe size, includes 1 weld per joint and weld machine",2.5,,rs-means,Unit,180577,each,,,,,,,,,,,1.0,1.0
113,SteelFlange,"Flange, steel, forged steel, weld neck, 150 lb., 4"" pipe size, includes 1 weld per joint and weld machine",4,,rs-means,Unit,180578,each,,,,,,,,,,,1.0,1.0
114,SteelPlug,"Pressure & temperature safety plug, 3/4"" external thread, 3/8"" diameter element, 7-1/2"" insertion, 316 stainless steel",,,rs-means,Unit,180579,each,,,,,,,,,,,1.0,1.0
115,Strainers,"Strainer, Y type, bronze body, screwed, 125 lb., 3/4"" pipe size",0.75,,rs-means,Unit,180580,each,,,,,,,,,,,1.0,1.0
116,Strainers,"Strainer, Y type, bronze body, screwed, 125 lb., 1"" pipe size",1,,rs-means,Unit,180581,each,,,,,,,,,,,1.0,1.0
117,Strainers,"Strainer, Y type, bronze body, screwed, 125 lb., 1-1/4"" pipe size",1.25,,rs-means,Unit,180582,each,,,,,,,,,,,1.0,1.0
118,Strainers,"Strainer, Y type, bronze body, screwed, 125 lb., 1-1/2"" pipe size",1.5,,rs-means,Unit,180583,each,,,,,,,,,,,1.0,1.0
119,Strainers,"Strainer, Y type, bronze body, screwed, 125 lb., 2"" pipe size",2,,rs-means,Unit,180584,each,,,,,,,,,,,1.0,1.0
120,Strainers,"Strainer, Y type, bronze body, flanged, 150 lb., 2-1/2"" pipe size, flanged",2.5,,rs-means,Unit,180585,each,,,,,,,,,,,1.0,1.0
121,Strainers,"Strainer, Y type, bronze body, flanged, 150 lb., 3"" pipe size, flanged",3,,rs-means,Unit,180586,each,,,,,,,,,,,1.0,1.0
122,CircuitSetter,"Circuit setter balance valve, bronze body, threaded, 3/4"" pipe size",0.75,,rs-means,Unit,180587,each,,,,,,,,,,,1.0,1.0
123,CircuitSetter,"Circuit setter balance valve, bronze body, threaded, 1"" pipe size",1,,rs-means,Unit,180588,each,,,,,,,,,,,1.0,1.0
124,CircuitSetter,"Circuit setter balance valve, bronze body, threaded, 1-1/4"" pipe size",1.25,,rs-means,Unit,180589,each,,,,,,,,,,,1.0,1.0
125,CircuitSetter,"Circuit setter balance valve, bronze body, threaded, 1-1/2"" pipe size",1.5,,rs-means,Unit,180590,each,,,,,,,,,,,1.0,1.0
126,CircuitSetter,"Circuit setter balance valve, bronze body, threaded, 2"" pipe size",2,,rs-means,Unit,180591,each,,,,,,,,,,,1.0,1.0
127,CircuitSetter,"Circuit setter balance valve, bronze body, threaded, 2-1/2"" pipe size",2.5,,rs-means,Unit,180592,each,,,,,,,,,,,1.0,1.0
128,AirSeparator,"Air control, air separator, micro-bubble type for total air removal, closed loop system, water (hot or chilled), or glycol system, threaded, 2-1/2"" diameter, excludes necessary bladder type tank",,,rs-means,Unit,180593,each,,,,,,,,,,,1.0,1.0
129,ExpansionTanks,"Expansion joints, bellows type, neoprene cover, flanged spool, 6"" face to face, 2-1/2"" diameter",,,rs-means,Unit,180594,each,,,,,,,,,,,1.0,1.0
130,ExpansionTanks,"Expansion tanks, steel, liquid expansion, painted, 15 gallon capacity, ASME",15,,rs-means,Unit,180595,each,,,,,,,,,,,1.0,1.0
131,ExpansionTanks,"Expansion tanks, steel, liquid expansion, painted, 24 gallon capacity, ASME",24,,rs-means,Unit,180596,each,,,,,,,,,,,1.0,1.0
132,ExpansionTanks,"Expansion tanks, steel, liquid expansion, painted, 60 gallon capacity, ASME",60,,rs-means,Unit,180597,each,,,,,,,,,,,1.0,1.0
133,ExpansionTanks,"Expansion tanks, steel, liquid expansion, rubber diaphragm, size is acceptable capacity, 61 gallon capacity, ASME",,,rs-means,Unit,180598,each,,,,,,,,,,,1.0,1.0
134,Balancing,"Balancing, air conditioning equipment, rooftop heating and cooling unit, (Subcontractor's quote including material & labor)",,,rs-means,Unit,180599,each,,,,,,,,,,,1.0,1.0
135,Balancing,"Balancing, air conditioning equipment, supply, return, exhaust, registers and diffusers, high ceiling, (Subcontractor's quote including material & labor)",,,rs-means,Unit,180600,each,,,,,,,,,,,1.0,1.0
136,Balancing,"Balancing, air conditioning equipment, supply, return, exhaust, registers and diffusers, variable volume boxes, (Subcontractor's quote including material & labor)",,,rs-means,Unit,180601,each,,,,,,,,,,,1.0,1.0
137,Balancing,"Balancing, water, cooling tower, (Subcontractor's quote including material & labor)",,,rs-means,Unit,180602,each,,,,,,,,,,,1.0,1.0
138,Balancing,"Balancing, water, fan coil unit, unit ventilator, (Subcontractor's quote including material & labor)",,,rs-means,Unit,180603,each,,,,,,,,,,,1.0,1.0
139,Balancing,"Balancing, water, main and duct re-heat coils, (Subcontractor's quote including material & labor)",,,rs-means,Unit,180604,each,,,,,,,,,,,1.0,1.0
140,Balancing,"Balancing, water, pumps, (Subcontractor's quote including material & labor)",,,rs-means,Unit,180605,each,,,,,,,,,,,1.0,1.0
141,Balancing,"Balancing, water, unit heater, (Subcontractor's quote including material & labor)",,,rs-means,Unit,180606,each,,,,,,,,,,,1.0,1.0
142,Controls,"Control components/DDC system, subcontractor's quote incl. material & labor, analog inputs, sensors (average 50' run in 1/2"" EMT), water flow",,,rs-means,Unit,180607,each,,,,,,,,,,,1.0,1.0
143,Controls,"Pneumatic control system, heating & ventilating, split system, cooling tower, fan cycle, damper control, control system, including water readout in/out at panel",,,rs-means,Unit,180608,each,,,,,,,,,,,1.0,1.0
144,Controls,"Pneumatic control system, fan coil, heating & cooling valves, 4 pipe control system",,,rs-means,Unit,180609,each,,,,,,,,,,,1.0,1.0
145,Controls,"Control component, gauges, pressure or vacuum, 3-1/2"" dia. dial",,,rs-means,Unit,180610,each,,,,,,,,,,,1.0,1.0
146,Controls,"Control component, thermometers, stem type, 9"" case, 8"" stem, 3/4"" NPT",,,rs-means,Unit,180611,each,,,,,,,,,,,1.0,1.0
147,Controls,"Control component, thermostats, electric, timed, 1 set back",,,rs-means,Unit,180612,each,,,,,,,,,,,1.0,1.0
148,Controls,"Control component, valves, motor controlled, electric motor actuated, brass, two way, screwed, 3/4"" pipe size, incl. actuator",,,rs-means,Unit,180613,each,,,,,,,,,,,1.0,1.0
149,Controls,"Control component, valves, motor controlled, electric motor actuated, brass, two way, screwed, 1"" pipe size",,,rs-means,Unit,180614,each,,,,,,,,,,,1.0,1.0
150,Controls,"Control component, burner solenoid valve, electric motor actuated, brass two way screwed, 2"" pipe size",,,rs-means,Unit,180615,each,,,,,,,,,,,1.0,1.0
151,Controls,"Control component, burner solenoid valve, brass, three way, screwed, 1-1/2"" pipe size",,,rs-means,Unit,180616,each,,,,,,,,,,,1.0,1.0
152,Controls,"Control component, burner solenoid valve, iron body, three way, flanged, 2-1/2"" pipe size",,,rs-means,Unit,180617,each,,,,,,,,,,,1.0,1.0
153,DuctInsulationGrease,"Duct thermal insulation, blanket type, fiberglass, flexible, fire rated for grease ducts, 1-1/2"" thick",1.5,,rs-means,Unit,180618,ft2,,,,,,,,,,,1.0,1.0
154,DuctInsulation,"Duct thermal insulation, blanket type, fiberglass, flexible, FSK vapor barrier wrap, .75 lb. density, 1-1/2"" thick",1.5,,rs-means,Unit,180619,ft2,,,,,,,,,,,1.0,1.0
155,Ductwork,"Metal ductwork, fabricated rectangular, galvanized steel, under 200 lb., incl fittings, joints, supports & allow for a flexible connections field sketches, excludes as-built drawings and insulation",199,,rs-means,Unit,180620,lb.,,,,,,,,,,,1.0,1.0
156,Ductwork,"Metal ductwork, fabricated rectangular, galvanized steel, 200 to 500 lb., incl fittings, joints, supports & allow for a flexible connections field sketches, excludes as-built drawings and insulation",200,,rs-means,Unit,180621,lb.,,,,,,,,,,,1.0,1.0
157,Ductwork-F,"Rigid fibreglass reinforced plastic, 4 "" diameter",4,,rs-means,Unit,180622,L.F.,,,,,,,,,,,1.0,1.0
158,Ductwork-F,"Rigid fibreglass reinforced plastic, 6 "" diameter",6,,rs-means,Unit,180623,L.F.,,,,,,,,,,,1.0,1.0
159,Ductwork-F,"Rigid fibreglass reinforced plastic, 10 "" diameter",10,,rs-means,Unit,180624,L.F.,,,,,,,,,,,1.0,1.0
160,Ductwork-F,"Rigid fibreglass reinforced plastic, 12 "" diameter",12,,rs-means,Unit,180625,L.F.,,,,,,,,,,,1.0,1.0
161,Ductwork-P,"Polypropylene ducts, 4"" diameter",4,,rs-means,Unit,180626,L.F.,,,,,,,,,,,1.0,1.0
162,Ductwork-P,"Polypropylene ducts,6"" diameter",6,,rs-means,Unit,180627,L.F.,,,,,,,,,,,1.0,1.0
163,Ductwork-P,"Polypropylene ducts, 10"" diameter",10,,rs-means,Unit,180628,L.F.,,,,,,,,,,,1.0,1.0
164,Ductwork-P,"Polypropylene ducts, 12"" diameter",12,,rs-means,Unit,180629,L.F.,,,,,,,,,,,1.0,1.0
165,Ductwork-M,"Flexible metal ductwork insulated with 1"" PE jacket 4"" diameter",4,,rs-means,Unit,180630,L.F.,,,,,,,,,,,1.0,1.0
166,Ductwork-M,"Flexible metal ductwork insulated with 1"" PE jacket 6"" diameter",6,,rs-means,Unit,180631,L.F.,,,,,,,,,,,1.0,1.0
167,Ductwork-M,"Flexible metal ductwork insulated with 1"" PE jacket 10"" diameter",10,,rs-means,Unit,180632,L.F.,,,,,,,,,,,1.0,1.0
168,Ductwork-M,"Flexible metal ductwork insulated with 1"" PE jacket 12"" diameter",12,,rs-means,Unit,180633,L.F.,,,,,,,,,,,1.0,1.0
169,Ductwork-A,"Flexible aluminum ductwork insulated with 1"" PE jacket 4"" diameter",4,,rs-means,Unit,180634,L.F.,,,,,,,,,,,1.0,1.0
170,Ductwork-A,"Flexible aluminum ductwork insulated with 1"" PE jacket 6"" diameter",6,,rs-means,Unit,180635,L.F.,,,,,,,,,,,1.0,1.0
171,Ductwork-A,"Flexible aluminum ductwork insulated with 1"" PE jacket 10"" diameter",10,,rs-means,Unit,180636,L.F.,,,,,,,,,,,1.0,1.0
172,Ductwork-A,"Flexible aluminum ductwork insulated with 1"" PE jacket 12"" diameter",12,,rs-means,Unit,180637,L.F.,,,,,,,,,,,1.0,1.0
173,DuctworkAccess,"Duct accessories, round damper, butterfly, volume control, 6"" diam., includes lever lock regulator",6,,rs-means,Unit,180638,each,,,,,,,,,,,1.0,1.0
174,DuctworkAccess,"Duct accessories, round damper, butterfly, volume control, 8"" diam., includes lever lock regulator",8,,rs-means,Unit,180639,each,,,,,,,,,,,1.0,1.0
175,DuctworkFabric,"Ductwork, flexible coated fiberglass fabric on corrosion resistant metal helix, insulated, P.E. jacket, 1"" thick, 6"" diameter, pressure to 12""(WG) UL-181",6,,rs-means,Unit,180631,ft2,,,,,,,,,,,1.0,1.0
176,DuctworkFabric,"Ductwork, flexible coated fiberglass fabric on corrosion resistant metal helix, insulated, P.E. jacket, 1"" thick, 8"" diameter, pressure to 12""(WG) UL-181",8,,rs-means,Unit,180640,ft2,,,,,,,,,,,1.0,1.0
177,DuctworkLiner,"Insulation, ductwork, board type, fiberglass liner, no finish, 3 lb. density, 2"" thick",,,rs-means,Unit,180641,ft2,,,,,,,,,,,1.0,1.0
178,FansDD-HP,"Fans, direct drive blower with motor 5"" SP, 1045 cfm 1/5 hp",1045,,rs-means,Unit,180642,each,,,,,,,,,,,1.0,1.0
179,FansDD-HP,"Fans, direct drive blower with motor 5"" SP, 1385 cfm 1/4 hp",1385,,rs-means,Unit,180643,each,,,,,,,,,,,1.0,1.0
180,FansDD-HP,"Fans, direct drive blower with motor 5"" SP, 1640 cfm 1/3 hp",1640,,rs-means,Unit,180644,each,,,,,,,,,,,1.0,1.0
181,FansDD-HP,"Fans, direct drive blower with motor 5"" SP, 1760 cfm 1/2 hp",1760,,rs-means,Unit,180645,each,,,,,,,,,,,1.0,1.0
182,FansDD-LP,"Fans, utility set direct drive steel 1/4""SP 150 cfm 1/8 hp",150,,rs-means,Unit,180646,each,,,,,,,,,,,1.0,1.0
183,FansDD-LP,"Fans, utility set direct drive steel 1/4""SP 485 cfm 1/6 hp",485,,rs-means,Unit,180647,each,,,,,,,,,,,1.0,1.0
184,FansDD-LP,"Fans, utility set direct drive steel 1/4""SP 1950 cfm 1/2 hp",1950,,rs-means,Unit,180648,each,,,,,,,,,,,1.0,1.0
185,FansDD-LP,"Fans, utility set direct drive steel 1/4""SP 2410 cfm 3/4 hp",2410,,rs-means,Unit,180649,each,,,,,,,,,,,1.0,1.0
186,FansDD-LP,"Fans, utility set direct drive steel 1/4""SP 3328 cfm 1-1/2 hp",3328,,rs-means,Unit,180650,each,,,,,,,,,,,1.0,1.0
187,FansBelt,"Fans, utility set, belt drive, 3PH, 1/4"" SP, 800 cfm 1/4 hp",800,,rs-means,Unit,180651,each,,,,,,,,,,,1.0,1.0
188,FansBelt,"Fans, utility set, belt drive, 3PH, 1/4"" SP, 1300 cfm 1/3 hp",1300,,rs-means,Unit,180652,each,,,,,,,,,,,1.0,1.0
189,FansBelt,"Fans, utility set, belt drive, 3PH, 1/4"" SP, 2000 cfm 1 hp",2000,,rs-means,Unit,180653,each,,,,,,,,,,,1.0,1.0
190,FansBelt,"Fans, utility set, belt drive, 3PH, 1/4"" SP, 2900 cfm 3/4 hp",2900,,rs-means,Unit,180654,each,,,,,,,,,,,1.0,1.0
191,FansBelt,"Fans, utility set, belt drive, 3PH, 1/4"" SP, 3600 cfm 3/4 hp",3600,,rs-means,Unit,180655,each,,,,,,,,,,,1.0,1.0
192,FansBelt,"Fans, utility set, belt drive, 3PH, 1/4"" SP, 4800 cfm 1 hp",4800,,rs-means,Unit,180656,each,,,,,,,,,,,1.0,1.0
193,FansBelt,"Fans, utility set, belt drive, 3PH, 1/4"" SP, 6700 cfm 1-1/2 hp",6700,,rs-means,Unit,180657,each,,,,,,,,,,,1.0,1.0
194,FansBelt,"Fans, utility set, belt drive, 3PH, 1/4"" SP, 7500 cfm 2 hp",7500,,rs-means,Unit,180658,each,,,,,,,,,,,1.0,1.0
195,FansBelt,"Fans, utility set, belt drive, 3PH, 1/4"" SP, 1100 cfm 3 hp",11000,,rs-means,Unit,180659,each,,,,,,,,,,,1.0,1.0
196,FansBelt,"Fans, utility set, belt drive, 3PH, 1/4"" SP, 13000 cfm 3 hp",13000,,rs-means,Unit,180660,each,,,,,,,,,,,1.0,1.0
197,FansBelt,"Fans, utility set, belt drive, 3PH, 1/4"" SP, 15000 cfm 5 hp",15000,,rs-means,Unit,180661,each,,,,,,,,,,,1.0,1.0
198,FansBelt,"Fans, utility set, belt drive, 3PH, 1/4"" SP, 17000 cfm 7-1/2 hp",17000,,rs-means,Unit,180662,each,,,,,,,,,,,1.0,1.0
199,FansBelt,"Fans, utility set, belt drive, 3PH, 1/4"" SP, 20000 cfm 7-1/2 hp",20000,,rs-means,Unit,180663,each,,,,,,,,,,,1.0,1.0
200,Fans,"Fans, centrifugal, airfoil, motor and drive complete, 1000CFM, 1/2 H.P.",1000,,rs-means,Unit,180664,each,,,,,,,,,,,1.0,1.0
201,Fans,"Fans, centrifugal, airfoil, motor and drive complete, 2000 CFM, 1 H.P.",2000,,rs-means,Unit,180665,each,,,,,,,,,,,1.0,1.0
202,Fans,"Fans, centrifugal, airfoil, motor and drive complete, 4000 CFM, 3 H.P.",4000,,rs-means,Unit,180666,each,,,,,,,,,,,1.0,1.0
203,Fans,"Fans, centrifugal, airfoil, motor and drive complete, 8000 CFM, 7-1/2 H.P.",8000,,rs-means,Unit,180667,each,,,,,,,,,,,1.0,1.0
204,FansFume,"Fans, centrifugal, airfoil, motor and drive complete, 12,000 CFM, 10 H.P.",12000,,rs-means,Unit,180668,each,,,,,,,,,,,1.0,1.0
205,FansFume,"Fans, corrosive fume resistant, utility set, centrifugal, V belt drive, motor, 1/4"" S.P., 1200 CFM, 1/4 H.P.",1200,,rs-means,Unit,180669,each,,,,,,,,,,,1.0,1.0
206,FansFume,"Fans, corrosive fume resistant, utility set, centrifugal, V belt drive, motor, 1/4"" S.P., 1520 CFM, 1/3 H.P.",1520,,rs-means,Unit,180670,each,,,,,,,,,,,1.0,1.0
207,FansFume,"Fans, corrosive fume resistant, utility set, centrifugal, V belt drive, motor, 1/4"" S.P., 1850 CFM, 1/2 H.P.",1850,,rs-means,Unit,180671,each,,,,,,,,,,,1.0,1.0
208,FansFume,"Fans, corrosive fume resistant, utility set, centrifugal, V belt drive, motor, 1/4"" S.P., 2180 CFM, 3/4 H.P.",2180,,rs-means,Unit,180672,each,,,,,,,,,,,1.0,1.0
209,FansFume,"Fans, corrosive fume resistant, utility set, centrifugal, V belt drive, motor, 1/2"" S.P., 3600 CFM, 1 H.P.",3600,,rs-means,Unit,180673,each,,,,,,,,,,,1.0,1.0
210,FansFume,"Fans, corrosive fume resistant, utility set, centrifugal, V belt drive, motor, 1/2"" S.P., 4250 CFM, 1-1/2 H.P., includes explosionproof motor",4250,,rs-means,Unit,180674,each,,,,,,,,,,,1.0,1.0
211,FansFume,"Fans, corrosive fume resistant, utility set, centrifugal, V belt drive, motor, 1/2"" S.P., 4800 CFM, 2 H.P.",4800,,rs-means,Unit,180675,each,,,,,,,,,,,1.0,1.0
212,FansFume,"Fans, corrosive fume resistant, utility set, centrifugal, V belt drive, motor, 1/2"" S.P., 6920 CFM, 5 H.P.",6920,,rs-means,Unit,180676,each,,,,,,,,,,,1.0,1.0
213,FansFume,"Fans, corrosive fume resistant, utility set, centrifugal, V belt drive, motor, 1/2"" S.P., 7700 CFM, 7-1/2 H.P.",7700,,rs-means,Unit,180677,each,,,,,,,,,,,1.0,1.0
214,CVMixingBoxes,"Constant Volume, 150-270 cfm with electric motor",270,,rs-means,Unit,180678,each,,,,,,,,,,,1.0,1.0
215,CVMixingBoxes,"Constant Volume, 270-600 cfm with electric motor",600,,rs-means,Unit,180679,each,,,,,,,,,,,1.0,1.0
216,CVMixingBoxes,"Constant Volume, 550-1000 cfm with electric motor",1000,,rs-means,Unit,180680,each,,,,,,,,,,,1.0,1.0
217,CVMixingBoxes,"Constant Volume, 1000-1600 cfm with electric motor",1600,,rs-means,Unit,180681,each,,,,,,,,,,,1.0,1.0
218,CVMixingBoxes,"Constant Volume, 1300-1900 cfm with electric motor",1900,,rs-means,Unit,180682,each,,,,,,,,,,,1.0,1.0
219,CVMixingBoxes,"Constant Volume, 550-2640 cfm with electric motor",2640,,rs-means,Unit,180683,each,,,,,,,,,,,1.0,1.0
220,CVMixingBoxes,"Constant Volume, 650-3120 cfm with electric motor",3120,,rs-means,Unit,180684,each,,,,,,,,,,,1.0,1.0
221,VAVMixingBoxesClg,"VAV, pneumatic,  Cooling only, 300-600 cfm includes electric motor",600,,rs-means,Unit,180685,each,,,,,,,,,,,1.0,1.0
222,VAVMixingBoxesClg,"VAV, pneumatic,  Cooling only, 500-1000 cfm includes electric motor",1000,,rs-means,Unit,180686,each,,,,,,,,,,,1.0,1.0
223,VAVMixingBoxesClg,"VAV, pneumatic,  Cooling only, 800-1600 cfm includes electric motor",1600,,rs-means,Unit,180687,each,,,,,,,,,,,1.0,1.0
224,VAVMixingBoxesClg,"VAV, pneumatic,  Cooling only, 1100-2000 cfm includes electric motor",2000,,rs-means,Unit,180688,each,,,,,,,,,,,1.0,1.0
225,VAVMixingBoxesClg,"VAV, pneumatic,  Cooling only, 1500-3000 cfm includes electric motor",3000,,rs-means,Unit,180689,each,,,,,,,,,,,1.0,1.0
226,VAVMixingBoxesClg,"VAV, pneumatic,  Cooling only, 2000-4000 cfm includes electric motor",4000,,rs-means,Unit,180690,each,,,,,,,,,,,1.0,1.0
227,VAVMixingBoxesHtg,"VAV, pneumatic,  HW Coils only, 200 cfm includes electric motor",200,,rs-means,Unit,180691,each,,,,,,,,,,,1.0,1.0
228,VAVMixingBoxesHtg,"VAV, pneumatic,  HW Coils only, 400 cfm includes electric motor",400,,rs-means,Unit,180692,each,,,,,,,,,,,1.0,1.0
229,VAVMixingBoxesHtg,"VAV, pneumatic,  HW Coils only, 600 cfm includes electric motor",600,,rs-means,Unit,180693,each,,,,,,,,,,,1.0,1.0
230,VAVMixingBoxesHtg,"VAV, pneumatic,  HW Coils only, 800 cfm includes electric motor",800,,rs-means,Unit,180694,each,,,,,,,,,,,1.0,1.0
231,VAVMixingBoxesHtg,"VAV, pneumatic,  HW Coils only, 1000 cfm includes electric motor",1000,,rs-means,Unit,180695,each,,,,,,,,,,,1.0,1.0
232,VAVMixingBoxesHtg,"VAV, pneumatic,  HW Coils only, 1250 cfm includes electric motor",1250,,rs-means,Unit,180696,each,,,,,,,,,,,1.0,1.0
233,VAVMixingBoxesHtg,"VAV, pneumatic,  HW Coils only, 1500 cfm includes electric motor",1500,,rs-means,Unit,180697,each,,,,,,,,,,,1.0,1.0
234,VAVMixingBoxesHtg,"VAV, pneumatic,  HW Coils only, 2000 cfm includes electric motor",2000,,rs-means,Unit,180698,each,,,,,,,,,,,1.0,1.0
235,VAVMixingBoxesHtg,"VAV, pneumatic,  HW Coils only, 3000 cfm includes electric motor",3000,,rs-means,Unit,180699,each,,,,,,,,,,,1.0,1.0
236,VAVFanMixingBoxesClg,"VAV, fan power,  Cooling only, 200 cfm includes electric motor",200,,rs-means,Unit,180700,each,,,,,,,,,,,1.0,1.0
237,VAVFanMixingBoxesClg,"VAV, fan power,  Cooling only, 400 cfm includes electric motor",400,,rs-means,Unit,180701,each,,,,,,,,,,,1.0,1.0
238,VAVFanMixingBoxesClg,"VAV, fan power,  Cooling only, 600 cfm includes electric motor",600,,rs-means,Unit,180702,each,,,,,,,,,,,1.0,1.0
239,VAVFanMixingBoxesClg,"VAV, fan power,  Cooling only, 800 cfm includes electric motor",800,,rs-means,Unit,180703,each,,,,,,,,,,,1.0,1.0
240,VAVFanMixingBoxesClg,"VAV, fan power,  Cooling only, 1000 cfm includes electric motor",1000,,rs-means,Unit,180704,each,,,,,,,,,,,1.0,1.0
241,VAVFanMixingBoxesClg,"VAV, fan power,  Cooling only, 1250 cfm includes electric motor",1250,,rs-means,Unit,180705,each,,,,,,,,,,,1.0,1.0
242,VAVFanMixingBoxesClg,"VAV, fan power,  Cooling only, 1500 cfm includes electric motor",1500,,rs-means,Unit,180706,each,,,,,,,,,,,1.0,1.0
243,VAVFanMixingBoxesClg,"VAV, fan power,  Cooling only, 2000 cfm includes electric motor",2000,,rs-means,Unit,180707,each,,,,,,,,,,,1.0,1.0
244,VAVFanMixingBoxesHtg,"VAV, fan power,  HW Coils only, 200 cfm includes electric motor",200,,rs-means,Unit,180708,each,,,,,,,,,,,1.0,1.0
245,VAVFanMixingBoxesHtg,"VAV, fan power,  HW Coils only, 400 cfm includes electric motor",400,,rs-means,Unit,180709,each,,,,,,,,,,,1.0,1.0
246,VAVFanMixingBoxesHtg,"VAV, fan power,  HW Coils only, 600 cfm includes electric motor",600,,rs-means,Unit,180710,each,,,,,,,,,,,1.0,1.0
247,VAVFanMixingBoxesHtg,"VAV, fan power,  HW Coils only, 800 cfm includes electric motor",800,,rs-means,Unit,180711,each,,,,,,,,,,,1.0,1.0
248,VAVFanMixingBoxesHtg,"VAV, fan power,  HW Coils only, 1000 cfm includes electric motor",1000,,rs-means,Unit,180712,each,,,,,,,,,,,1.0,1.0
249,VAVFanMixingBoxesHtg,"VAV, fan power,  HW Coils only, 1250 cfm includes electric motor",1250,,rs-means,Unit,180713,each,,,,,,,,,,,1.0,1.0
250,VAVFanMixingBoxesHtg,"VAV, fan power,  HW Coils only, 1500 cfm includes electric motor",1500,,rs-means,Unit,180714,each,,,,,,,,,,,1.0,1.0
251,VAVFanMixingBoxesHtg,"VAV, fan power,  HW Coils only, 2000 cfm includes electric motor",2000,,rs-means,Unit,180715,each,,,,,,,,,,,1.0,1.0
253,Diffusers,"Diffuser, aluminum, ceiling, perforated, 24"" x 24"" lay-in panel size, 8"" x 8"", includes opposed blade damper",64,,rs-means,Unit,180716,each,,,,,,,,,,,1.0,1.0
254,Diffusers,"Diffuser, aluminum, ceiling, T-bar mounting, 24"" x 24"" lay-in frame, 6"" x 6"", includes opposed blade damper",36,,rs-means,Unit,180717,each,,,,,,,,,,,1.0,1.0
255,Coils,"Hot Water, DX, or Consensor Coils, copper tubes, aluminum fins  2 rows, 8 fins per inch  Size 4"" x 12""",0.25,,rs-means,Unit,180718,each,,,,,,,,,,,1.0,1.0
256,Coils,"Hot Water, DX, or Consensor Coils, copper tubes, aluminum fins  2 rows, 8 fins per inch  Size 4"" x 24""",0.5,,rs-means,Unit,180719,each,,,,,,,,,,,1.0,1.0
257,Coils,"Hot Water, DX, or Consensor Coils, copper tubes, aluminum fins  2 rows, 8 fins per inch  Size 4"" x 48""",1,,rs-means,Unit,180720,each,,,,,,,,,,,1.0,1.0
258,Coils,"Hot Water, DX, or Consensor Coils, copper tubes, aluminum fins  2 rows, 8 fins per inch  Size 4"" x 72""",1.61,,rs-means,Unit,180721,each,,,,,,,,,,,1.0,1.0
259,Coils,"Hot Water, DX, or Consensor Coils, copper tubes, aluminum fins  2 rows, 8 fins per inch  Size 6"" x 12""",0.4,,rs-means,Unit,180722,each,,,,,,,,,,,1.0,1.0
260,Coils,"Hot Water, DX, or Consensor Coils, copper tubes, aluminum fins  2 rows, 8 fins per inch  Size 6"" x 24""",0.8,,rs-means,Unit,180723,each,,,,,,,,,,,1.0,1.0
261,Coils,"Hot Water, DX, or Consensor Coils, copper tubes, aluminum fins  2 rows, 8 fins per inch  Size 6"" x 48""",1.6,,rs-means,Unit,180724,each,,,,,,,,,,,1.0,1.0
262,Coils,"Hot Water, DX, or Consensor Coils, copper tubes, aluminum fins  2 rows, 8 fins per inch  Size 6"" x 72""",2.4,,rs-means,Unit,180725,each,,,,,,,,,,,1.0,1.0
263,Coils,"Hot Water, DX, or Consensor Coils, copper tubes, aluminum fins  2 rows, 8 fins per inch  Size 10"" x 12""",0.67,,rs-means,Unit,180726,each,,,,,,,,,,,1.0,1.0
264,Coils,"Hot Water, DX, or Consensor Coils, copper tubes, aluminum fins  2 rows, 8 fins per inch  Size 10"" x 24""",1.34,,rs-means,Unit,180727,each,,,,,,,,,,,1.0,1.0
265,Coils,"Hot Water, DX, or Consensor Coils, copper tubes, aluminum fins  2 rows, 8 fins per inch  Size 10"" x 48""",2.68,,rs-means,Unit,180728,each,,,,,,,,,,,1.0,1.0
266,Coils,"Hot Water, DX, or Consensor Coils, copper tubes, aluminum fins  2 rows, 8 fins per inch  Size 10"" x 72""",4,,rs-means,Unit,180729,each,,,,,,,,,,,1.0,1.0
267,Coils,"Hot Water, DX, or Consensor Coils, copper tubes, aluminum fins  2 rows, 8 fins per inch  Size 12"" x 12""",0.8,,rs-means,Unit,180730,each,,,,,,,,,,,1.0,1.0
268,Coils,"Hot Water, DX, or Consensor Coils, copper tubes, aluminum fins  2 rows, 8 fins per inch  Size 12"" x 24""",1.61,,rs-means,Unit,180731,each,,,,,,,,,,,1.0,1.0
269,Coils,"Hot Water, DX, or Consensor Coils, copper tubes, aluminum fins  2 rows, 8 fins per inch  Size 12"" x 48""",3.22,,rs-means,Unit,180732,each,,,,,,,,,,,1.0,1.0
270,Coils,"Hot Water, DX, or Consensor Coils, copper tubes, aluminum fins  2 rows, 8 fins per inch  Size 12"" x 72""",4.83,,rs-means,Unit,180733,each,,,,,,,,,,,1.0,1.0
271,Coils,"Hot Water, DX, or Consensor Coils, copper tubes, aluminum fins  2 rows, 8 fins per inch  Size 16"" x 16""",1.43,,rs-means,Unit,180734,each,,,,,,,,,,,1.0,1.0
272,Coils,"Hot Water, DX, or Consensor Coils, copper tubes, aluminum fins  2 rows, 8 fins per inch  Size 16"" x 24""",2.14,,rs-means,Unit,180735,each,,,,,,,,,,,1.0,1.0
273,Coils,"Hot Water, DX, or Consensor Coils, copper tubes, aluminum fins  2 rows, 8 fins per inch  Size 16"" x 48""",4.3,,rs-means,Unit,180736,each,,,,,,,,,,,1.0,1.0
274,Coils,"Hot Water, DX, or Consensor Coils, copper tubes, aluminum fins  2 rows, 8 fins per inch  Size 16"" x 72""",6.44,,rs-means,Unit,180737,each,,,,,,,,,,,1.0,1.0
275,Coils,"Hot Water, DX, or Consensor Coils, copper tubes, aluminum fins  2 rows, 8 fins per inch  Size 20"" x 24""",2.68,,rs-means,Unit,180738,each,,,,,,,,,,,1.0,1.0
276,Coils,"Hot Water, DX, or Consensor Coils, copper tubes, aluminum fins  2 rows, 8 fins per inch  Size 20"" x 48""",5.37,,rs-means,Unit,180739,each,,,,,,,,,,,1.0,1.0
277,Coils,"Hot Water, DX, or Consensor Coils, copper tubes, aluminum fins  2 rows, 8 fins per inch  Size 20"" x 72""",8,,rs-means,Unit,180740,each,,,,,,,,,,,1.0,1.0
278,Coils,"Hot Water, DX, or Consensor Coils, copper tubes, aluminum fins  2 rows, 8 fins per inch  Size 24"" x 24""",3.22,,rs-means,Unit,180741,each,,,,,,,,,,,1.0,1.0
279,Coils,"Hot Water, DX, or Consensor Coils, copper tubes, aluminum fins  2 rows, 8 fins per inch  Size 24"" x 48""",6.44,,rs-means,Unit,180742,each,,,,,,,,,,,1.0,1.0
280,Coils,"Hot Water, DX, or Consensor Coils, copper tubes, aluminum fins  2 rows, 8 fins per inch  Size 24"" x 72""",9.66,,rs-means,Unit,180743,each,,,,,,,,,,,1.0,1.0
281,Coils,"Hot Water, DX, or Consensor Coils, copper tubes, aluminum fins  2 rows, 8 fins per inch  Size 30"" x 28""",4.7,,rs-means,Unit,180744,each,,,,,,,,,,,1.0,1.0
282,Coils,"Hot Water, DX, or Consensor Coils, copper tubes, aluminum fins  2 rows, 8 fins per inch  Size 30"" x 48""",8,,rs-means,Unit,180745,each,,,,,,,,,,,1.0,1.0
283,Coils,"Hot Water, DX, or Consensor Coils, copper tubes, aluminum fins  2 rows, 8 fins per inch  Size 30"" x 72""",12.1,,rs-means,Unit,180746,each,,,,,,,,,,,1.0,1.0
284,Coils,"Hot Water, DX, or Consensor Coils, copper tubes, aluminum fins  2 rows, 8 fins per inch  Size 30"" x 84""",14.1,,rs-means,Unit,180747,each,,,,,,,,,,,1.0,1.0
285,Coils,"Hot Water, DX, or Consensor Coils, copper tubes, aluminum fins  2 rows, 8 fins per inch  Size 34"" x 32""",6.1,,rs-means,Unit,180748,each,,,,,,,,,,,1.0,1.0
286,Coils,"Hot Water, DX, or Consensor Coils, copper tubes, aluminum fins  2 rows, 8 fins per inch  Size 34"" x 48""",9.12,,rs-means,Unit,180749,each,,,,,,,,,,,1.0,1.0
287,Coils,"Hot Water, DX, or Consensor Coils, copper tubes, aluminum fins  2 rows, 8 fins per inch  Size 34"" x 72""",13.69,,rs-means,Unit,180750,each,,,,,,,,,,,1.0,1.0
288,Coils,"Hot Water, DX, or Consensor Coils, copper tubes, aluminum fins  2 rows, 8 fins per inch  Size 34"" x 84""",16,,rs-means,Unit,180751,each,,,,,,,,,,,1.0,1.0
289,AHUCV,"Air handling unit, packaged weatherproof, with cooling/heating coil section, filters, mixing box, constant volume, single zone, 2000 CFM, cooling coils may be chilled water or DX, heating coils may be hot water, steam or electric",2000,,rs-means,Unit,180752,each,,,,,,,,,,,1.0,1.0
290,AHUCV,"Air handling unit, packaged weatherproof, with cooling/heating coil section, filters, mixing box, constant volume, single zone, 5000 CFM, cooling coils may be chilled water or DX, heating coils may be hot water, steam or electric",5000,,rs-means,Unit,180753,each,,,,,,,,,,,1.0,1.0
291,AHUCV,"Air handling unit, packaged weatherproof, with cooling/heating coil section, filters, mixing box, constant volume, single zone, 10,000 CFM, cooling coils may be chilled water or DX, heating coils may be hot water, steam or electric",10000,,rs-means,Unit,180754,each,,,,,,,,,,,1.0,1.0
292,AHUCV,"Air handling unit, packaged weatherproof, with cooling/heating coil section, filters, mixing box, constant volume, single zone, 15,000 CFM, cooling coils may be chilled water or DX, heating coils may be hot water, steam or electric",15000,,rs-means,Unit,180755,each,,,,,,,,,,,1.0,1.0
293,AHUCV,"Air handling unit, packaged weatherproof, with cooling/heating coil section, filters, mixing box, constant volume, single zone, 20,000 CFM, cooling coils may be chilled water or DX, heating coils may be hot water, steam or electric",20000,,rs-means,Unit,180756,each,,,,,,,,,,,1.0,1.0
294,AHUCV,"Air handling unit, packaged weatherproof, with cooling/heating coil section, filters, mixing box, constant volume, single zone, 30,000 CFM, cooling coils may be chilled water or DX, heating coils may be hot water, steam or electric",30000,,rs-means,Unit,180757,each,,,,,,,,,,,1.0,1.0
295,AHUVAV,"Air handling unit, packaged weatherproof, with cooling/heating coil section, filters, mixing box, variable air volume, single zone, 2000 CFM, cooling coils may be chilled water or DX, heating coils may be hot water, steam or electric",2000,,rs-means,Unit,180758,each,,,,,,,,,,,1.0,1.0
296,AHUVAV,"Air handling unit, packaged weatherproof, with cooling/heating coil section, filters, mixing box, variable air volume, single zone, 5000 CFM, cooling coils may be chilled water or DX, heating coils may be hot water, steam or electric",5000,,rs-means,Unit,180759,each,,,,,,,,,,,1.0,1.0
297,AHUVAV,"Air handling unit, packaged weatherproof, with cooling/heating coil section, filters, mixing box, variable air volume, single zone, 10,000 CFM, cooling coils may be chilled water or DX, heating coils may be hot water, steam or electric",10000,,rs-means,Unit,180760,each,,,,,,,,,,,1.0,1.0
298,AHUVAV,"Air handling unit, packaged weatherproof, with cooling/heating coil section, filters, mixing box, variable air volume, single zone, 15,000 CFM, cooling coils may be chilled water or DX, heating coils may be hot water, steam or electric",15000,,rs-means,Unit,180761,each,,,,,,,,,,,1.0,1.0
299,AHUVAV,"Air handling unit, packaged weatherproof, with cooling/heating coil section, filters, mixing box, variable air volume, single zone, 20,000 CFM, cooling coils may be chilled water or DX, heating coils may be hot water, steam or electric",20000,,rs-means,Unit,180762,each,,,,,,,,,,,1.0,1.0
300,AHUVAV,"Air handling unit, packaged weatherproof, with cooling/heating coil section, filters, mixing box, variable air volume, single zone, 30,000 CFM, cooling coils may be chilled water or DX, heating coils may be hot water, steam or electric",30000,,rs-means,Unit,180763,each,,,,,,,,,,,1.0,1.0
301,MUA,"Heating only Gas-Fired Makeup Air Unit, 250 MBTH, includes standard controls, stainless steel heat exchanger ",2000,G,rs-means,Unit,180764,each,,,,,,,,,,,1.0,1.0
302,MUA,"Heating only Gas-Fired Makeup Air Unit, 250 MBTH, includes standard controls, stainless steel heat exchanger ",3000,G,rs-means,Unit,180764,each,,,,,,,,,,,1.0,1.0
303,MUA,"Make-up air unit, indirect-fired, rooftop unit, natural gas, gravity vent, stainless steel exchanger, MBH is output, 70Deg.F temperature rise, 400 MBH, includes standard controls",5000,G,rs-means,Unit,180765,each,,,,,,,,,,,1.0,1.0
304,MUA,"Make-up air unit, indirect-fired, rooftop unit, natural gas, gravity vent, stainless steel exchanger, MBH is output, 70Deg.F temperature rise, 550 MBH, includes standard controls",6000,G,rs-means,Unit,180766,each,,,,,,,,,,,1.0,1.0
305,MUA,"Make-up air unit, indirect-fired, rooftop unit, natural gas, gravity vent, stainless steel exchanger, MBH is output, 70Deg.F temperature rise, 750 MBH, includes standard controls",8000,G,rs-means,Unit,180767,each,,,,,,,,,,,1.0,1.0
306,MUA,"Make-up air unit, indirect-fired, rooftop unit, natural gas, gravity vent, stainless steel exchanger, MBH is output, 70Deg.F temperature rise, 1000 MBH, includes standard controls",10000,G,rs-means,Unit,180768,each,,,,,,,,,,,1.0,1.0
307,MUA,"Make-up air unit, indirect-fired, rooftop unit, natural gas, gravity vent, stainless steel exchanger, MBH is output, 70Deg.F temperature rise, 1750 MBH, includes standard controls",16000,G,rs-means,Unit,180769,each,,,,,,,,,,,1.0,1.0
308,MUA,"Make-up air unit, indirect-fired, rooftop unit, natural gas, gravity vent, stainless steel exchanger, MBH is output, 70Deg.F temperature rise, 2500 MBH, includes standard controls",24000,G,rs-means,Unit,180770,each,,,,,,,,,,,1.0,1.0
309,MUA,"Make-up air unit, indirect-fired, rooftop unit, natural gas, gravity vent, stainless steel exchanger, MBH is output, 70Deg.F temperature rise, 3250 MBH, includes standard controls",30000,G,rs-means,Unit,180771,each,,,,,,,,,,,1.0,1.0
310,MUA,"Make-up air unit, indirect-fired, rooftop unit, natural gas, gravity vent, stainless steel exchanger, MBH is output, 70Deg.F temperature rise, 4000 MBH, includes standard controls",35000,G,rs-means,Unit,180772,each,,,,,,,,,,,1.0,1.0
311,MUA,"Make-up air unit, indirect-fired, rooftop unit, natural gas, gravity vent, stainless steel exchanger, MBH is output, 70Deg.F temperature rise, 6000 MBH, includes standard controls",40000,G,rs-means,Unit,180773,each,,,,,,,,,,,1.0,1.0
312,RTU,"Rooftop air conditioner, single zone, electric cool, gas heat, 3 ton cooling, 60 MBH heating, includes, standard controls, curb and economizer",,G,rs-means,Unit,180774,each,,,,,,,,,,,1.0,1.0
313,RTU,"Rooftop air conditioner, single zone, electric cool, gas heat, 4 ton cooling, 95 MBH heating, includes, standard controls, curb and economizer",,G,rs-means,Unit,180775,each,,,,,,,,,,,1.0,1.0
314,RTU,"Rooftop air conditioner, single zone, electric cool, gas heat, 5 ton cooling, 112 MBH heating, includes, standard controls, curb and economizer",,G,rs-means,Unit,180776,each,,,,,,,,,,,1.0,1.0
315,RTU,"Rooftop air conditioner, single zone, electric cool, gas heat SEER 14, 5 ton cooling, 112 MBH heating, includes, standard controls, curb and economizer",,G,rs-means,Unit,180777,each,,,,,,,,,,,1.0,1.0
316,RTU,"Rooftop air conditioner, single zone, electric cool, gas heat, 6 ton cooling, 140 MBH heating, includes, standard controls, curb and economizer",,G,rs-means,Unit,180778,each,,,,,,,,,,,1.0,1.0
317,RTU,"Rooftop air conditioner, single zone, electric cool, gas heat, 7.5 ton cooling, 170 MBH heating, includes, standard controls, curb and economizer",,G,rs-means,Unit,180779,each,,,,,,,,,,,1.0,1.0
318,RTU,"Rooftop air conditioner, single zone, electric cool, gas heat, 10 ton cooling, 200 MBH heating, includes, standard controls, curb and economizer",,G,rs-means,Unit,180780,each,,,,,,,,,,,1.0,1.0
319,RTU,"Rooftop air conditioner, single zone, electric cool, gas heat, 12.5 ton cooling, 230 MBH heating, includes, standard controls, curb and economizer",,G,rs-means,Unit,180781,each,,,,,,,,,,,1.0,1.0
320,RTU,"Rooftop air conditioner, single zone, electric cool, gas heat, 15 ton cooling, 270 MBH heating, includes, standard controls, curb and economizer",,G,rs-means,Unit,180782,each,,,,,,,,,,,1.0,1.0
321,RTU,"Rooftop air conditioner, single zone, electric cool, gas heat, 18 ton cooling, 330 MBH heating, includes, standard controls, curb and economizer",,G,rs-means,Unit,180783,each,,,,,,,,,,,1.0,1.0
322,RTU,"Rooftop air conditioner, single zone, electric cool, gas heat, 20 ton cooling, 360 MBH heating, includes, standard controls, curb and economizer",,G,rs-means,Unit,180784,each,,,,,,,,,,,1.0,1.0
323,RTU,"Rooftop air conditioner, single zone, electric cool, gas heat, 25 ton cooling, 450 MBH heating, includes, standard controls, curb and economizer",,G,rs-means,Unit,180785,each,,,,,,,,,,,1.0,1.0
324,RTU,"Rooftop air conditioner, single zone, electric cool, gas heat, 30 ton cooling, 540 MBH heating, includes, standard controls, curb and economizer",,G,rs-means,Unit,180786,each,,,,,,,,,,,1.0,1.0
325,RTU,"Rooftop air conditioner, single zone, electric cool, gas heat, 40 ton cooling, 675 MBH heating, includes, standard controls, curb and economizer",,G,rs-means,Unit,180787,each,,,,,,,,,,,1.0,1.0
326,RTU,"Rooftop air conditioner, single zone, electric cool, gas heat, 50 ton cooling, 810 MBH heating, includes, standard controls, curb and economizer",,G,rs-means,Unit,180788,each,,,,,,,,,,,1.0,1.0
327,RTU,"Rooftop air conditioner, single zone, electric cool, gas heat, 60 ton cooling, 900 MBH heating, includes, standard controls, curb and economizer",,G,rs-means,Unit,180789,each,,,,,,,,,,,1.0,1.0
328,RTU,"Rooftop air conditioner, single zone, electric cool, gas heat, 80 ton cooling, 1000 MBH heating, includes, standard controls, curb and economizer",,G,rs-means,Unit,180790,each,,,,,,,,,,,1.0,1.0
329,RTU,"Rooftop air conditioner, single zone, electric cool, gas heat, 90 ton cooling, 1200 MBH heating, includes, standard controls, curb and economizer",,G,rs-means,Unit,180791,each,,,,,,,,,,,1.0,1.0
330,RTU,"Rooftop air conditioner, single zone, electric cool, gas heat, 100 ton cooling, 1350 MBH heating, includes, standard controls, curb and economizer",,G,rs-means,Unit,180792,each,,,,,,,,,,,1.0,1.0
331,RTU,"Rooftop air conditioner, single zone, electric cool, electric heat, 5 Ton, includes, standard controls, curb and economizer",,E,rs-means,Unit,180793,each,,,,,,,,,,,1.0,1.0
332,RTU,"Rooftop air conditioner, single zone, electric cool, electric heat, 10 ton, includes, standard controls, curb and economizer",,E,rs-means,Unit,180794,each,,,,,,,,,,,1.0,1.0
333,RTU,"Rooftop air conditioner, single zone, electric cool, electric heat, 15 ton, includes, standard controls, curb and economizer",,E,rs-means,Unit,180795,each,,,,,,,,,,,1.0,1.0
334,RTU,"Rooftop air conditioner, single zone, electric cool, electric heat, 20 ton, includes, standard controls, curb and economizer",,E,rs-means,Unit,180796,each,,,,,,,,,,,1.0,1.0
335,RTU,"Rooftop air conditioner, single zone, electric cool, electric heat, 25 ton, includes, standard controls, curb and economizer",,E,rs-means,Unit,180797,each,,,,,,,,,,,1.0,1.0
336,RTU,"Rooftop air conditioner, single zone, electric cool, electric heat, 30 ton, includes, standard controls, curb and economizer",,E,rs-means,Unit,180798,each,,,,,,,,,,,1.0,1.0
337,RTU,"Rooftop air conditioner, single zone, electric cool, electric heat, 40 ton, includes, standard controls, curb and economizer",,E,rs-means,Unit,180799,each,,,,,,,,,,,1.0,1.0
338,RTU,"Rooftop air conditioner, single zone, electric cool, electric heat, 50 ton, includes, standard controls, curb and economizer",,E,rs-means,Unit,180800,each,,,,,,,,,,,1.0,1.0
339,RTU,"Rooftop air conditioner, single zone, electric cool, electric heat, 60 ton, includes, standard controls, curb and economizer",,E,rs-means,Unit,180801,each,,,,,,,,,,,1.0,1.0
340,RTU,"Rooftop air conditioner, single zone, electric cool, electric heat, 75 ton, includes, standard controls, curb and economizer",,E,rs-means,Unit,180802,each,,,,,,,,,,,1.0,1.0
341,RTU,"Rooftop air conditioner, multizone, electric cool, gas heat, 15 ton cooling, 360 MBH heating, includes, standard controls, curb and economizer",,G,rs-means,Unit,180803,each,,,,,,,,,,,1.0,1.0
342,RTU,"Rooftop air conditioner, multizone, electric cool, gas heat, 25 ton cooling, 450 MBH heating, includes, standard controls, curb and economizer",,G,rs-means,Unit,180804,each,,,,,,,,,,,1.0,1.0
343,RTU,"Rooftop air conditioner, multizone, electric cool, gas heat, 30 ton cooling, 540 MBH heating, includes, standard controls, curb and economizer",,G,rs-means,Unit,180805,each,,,,,,,,,,,1.0,1.0
344,RTU,"Rooftop air conditioner, multizone, electric cool, gas heat, 70 ton cooling, 1500 MBH heating, includes, standard controls, curb and economizer",,G,rs-means,Unit,180806,each,,,,,,,,,,,1.0,1.0
360,RTU,"Rooftop air conditioner, subassembly for assembly systems, duct work per ton for rooftop single zone units",,,rs-means,Unit,180807,each,,,,,,,,,,,1.0,1.0
361,RTU,"Rooftop air conditioner, subassembly for assembly systems, duct work per ton for split system remote condensing units",,,rs-means,Unit,180808,each,,,,,,,,,,,1.0,1.0
362,RTU,"Self-contained single package A.C., air cooled, for free blow or duct, packaged with electric heat, constant volume, 10 ton cooling, excludes remote condenser",,,rs-means,Unit,180809,each,,,,,,,,,,,1.0,1.0
363,Pumps,"Pump, circulating, bronze, heated or chilled water application, in line, flanged joints, 1/4 H.P., 2-1/2"" size",186,,rs-means,Unit,180810,each,,,,,,,,,,,1.0,1.0
364,Pumps,"Pump, circulating, cast iron, heated or chilled water application, in line, flanged joints, 1/8 H.P., 3/4"" to 1-1/2"" size",94,,rs-means,Unit,180811,each,,,,,,,,,,,1.0,1.0
365,Pumps,"Pump, circulating, cast iron, high head, bronze impeller, flanged joints, 1 H.P., 2"" size",746,,rs-means,Unit,180812,each,,,,,,,,,,,1.0,1.0
366,Pumps,"Pump, circulating, cast iron, close coupled, end suction, bronze impeller, flanged joints, 1-1/2 H.P., to 40 GPM, 1-1/2"" size",1119,,rs-means,Unit,180813,each,,,,,,,,,,,1.0,1.0
367,Pumps,"Pump, circulating, cast iron, close coupled, end suction, bronze impeller, flanged joints, 2 H.P., to 50 GPM, 2"" size",1491,,rs-means,Unit,180814,each,,,,,,,,,,,1.0,1.0
368,Pumps,"Pump, circulating, cast iron, close coupled, end suction, bronze impeller, flanged joints, 3 H.P., to 90 GPM, 2"" size",2237,,rs-means,Unit,180815,each,,,,,,,,,,,1.0,1.0
369,Pumps,"Pump, circulating, cast iron, close coupled, end suction, bronze impeller, flanged joints, 3.5 H.P., to 150 GPM, 2-1/2"" size",2610,,rs-means,Unit,180816,each,,,,,,,,,,,1.0,1.0
370,Pumps,"Pump, circulating, cast iron, close coupled, end suction, bronze impeller, flanged joints, 5 H.P., to 225 GPM, 3"" size",3729,,rs-means,Unit,180817,each,,,,,,,,,,,1.0,1.0
371,Pumps,"Pump, circulating, cast iron, close coupled, end suction, bronze impeller, flanged joints, 10 H.P., to 350 GPM, 3"" size",7457,,rs-means,Unit,180818,each,,,,,,,,,,,1.0,1.0
372,Pumps,"Pump, circulating, cast iron, close coupled, end suction, bronze impeller, flanged joints, 7-1/2 H.P., to 350 GPM, 4"" size",5593,,rs-means,Unit,180819,each,,,,,,,,,,,1.0,1.0
373,Pumps,"Pump, circulating, cast iron, close coupled, end suction, bronze impeller, flanged joints, 10.5 H.P., to 600 GPM, 4"" size",7830,,rs-means,Unit,180820,each,,,,,,,,,,,1.0,1.0
374,Pumps,"Pump, circulating, cast iron, close coupled, end suction, bronze impeller, flanged joints, 15 HP, to 1000 GPM, 5"" size",11185.5,,rs-means,Unit,180821,each,,,,,,,,,,,1.0,1.0
375,Pumps,"Pump, circulating, cast iron, close coupled, end suction, bronze impeller, flanged joints, 20 HP to 1350 GPM, 5"" size",14914,,rs-means,Unit,180822,each,,,,,,,,,,,1.0,1.0
376,Pumps,"Pump, circulating, cast iron, close coupled, end suction, bronze impeller, flanged joints, 25 H.P., to 1550 GPM, 5"" size",18643,,rs-means,Unit,180823,each,,,,,,,,,,,1.0,1.0
378,CondensatePumps,"Condensate removal system, 115V with 1 gallon ABS tank, 1/50 hp 200 gph (US)",,,rs-means,Unit,180824,each,,,,,,,,,,,1.0,1.0
379,CondensatePumps,"Condensate removal system, 115V with 1 gallon ABS tank, 1/18 hp 270 gph (US)",,,rs-means,Unit,180825,each,,,,,,,,,,,1.0,1.0
380,CondensatePumps,"Condensate removal system, 115V with 1 gallon ABS tank, 1/5 hp 450 gph (US)",,,rs-means,Unit,180826,each,,,,,,,,,,,1.0,1.0
381,CondensatePumps,"Condensate removal system, 230V with 1 gallon ABS tank, 1/5 hp 450 gph (US)",,,rs-means,Unit,180827,each,,,,,,,,,,,1.0,1.0
382,Venting,"Vent chimney, prefabricated metal, gas, double wall, galvanized steel, 4"" diameter, U.L. listed",4,,rs-means,Unit,180828,LF,,,,,,,,,,,1.0,1.0
383,Venting,"Vent chimney, prefabricated metal, gas, double wall, galvanized steel, 5"" diameter, U.L. listed",5,,rs-means,Unit,180829,LF,,,,,,,,,,,1.0,1.0
384,Venting,"Vent chimney, prefabricated metal, gas, double wall, galvanized steel, 6"" diameter, U.L. listed",6,,rs-means,Unit,180830,LF,,,,,,,,,,,1.0,1.0
385,VentingElbow,"Vent chimney, prefabricated metal, gas, double wall, galvanized steel fitting, elbow, 45 Deg., 4"" diameter, U.L. listed",4,,rs-means,Unit,180831,each,,,,,,,,,,,1.0,1.0
386,VentingElbow,"Vent chimney, prefabricated metal, gas, double wall, galvanized steel fitting, elbow, 90 Deg., 6"" diameter, U.L. listed",6,,rs-means,Unit,180832,each,,,,,,,,,,,1.0,1.0
387,VentingFlash,"Vent chimney, prefabricated metal, gas, double wall, galvanized steel fitting, roof flashing, 4"" diameter, U.L. listed",4,,rs-means,Unit,180833,each,,,,,,,,,,,1.0,1.0
388,VentingFlash,"Vent chimney, prefabricated metal, gas, double wall, galvanized steel fitting, roof flashing, 6"" diameter, U.L. listed",6,,rs-means,Unit,180834,each,,,,,,,,,,,1.0,1.0
389,VentingTee,"Vent chimney, prefabricated metal, gas, double wall, galvanized steel fitting, tee, 6"" diameter, U.L. listed",6,,rs-means,Unit,180835,each,,,,,,,,,,,1.0,1.0
390,VentingCap,"Vent chimney, prefabricated metal, gas, double wall, galvanized steel fitting, tee cap, 6"" diameter, U.L. listed",6,,rs-means,Unit,180836,each,,,,,,,,,,,1.0,1.0
391,VentingTop,"Vent chimney, prefabricated metal, gas, double wall, galvanized steel fitting, top, 4"" diameter, U.L. listed",4,,rs-means,Unit,180837,each,,,,,,,,,,,1.0,1.0
392,VentingTop,"Vent chimney, prefabricated metal, gas, double wall, galvanized steel fitting, top, 6"" diameter, U.L. listed",6,,rs-means,Unit,180838,each,,,,,,,,,,,1.0,1.0
393,ElecBoilers,"Boiler, electric, hot water, 7.5 kW, 25.6 MBH, ASME, includes standard controls and trim",7.5,E,rs-means,Unit,180839,each,,,,,,,,,,,1.0,1.0
394,ElecBoilers,"Boiler, electric, hot water, 15 kW, 51.2 MBH, ASME, includes standard controls and trim",15,E,rs-means,Unit,180840,each,,,,,,,,,,,1.0,1.0
395,ElecBoilers,"Boiler, electric, hot water, 30 kW, 102 MBH, ASME, includes standard controls and trim",30,E,rs-means,Unit,180841,each,,,,,,,,,,,1.0,1.0
396,ElecBoilers,"Boiler, electric, hot water, 45 kW, 164 MBH, ASME, includes standard controls and trim",45,E,rs-means,Unit,180842,each,,,,,,,,,,,1.0,1.0
397,ElecBoilers,"Boiler, electric, hot water, 60 kW, 205 MBH, ASME, includes standard controls and trim",60,E,rs-means,Unit,180843,each,,,,,,,,,,,1.0,1.0
398,ElecBoilers,"Boiler, electric, hot water, 75 kW, 205 MBH, ASME, includes standard controls and trim",75,E,rs-means,Unit,180844,each,,,,,,,,,,,1.0,1.0
399,ElecBoilers,"Boiler, electric, hot water, 90 kW, 307 MBH, ASME, includes standard controls and trim",90,E,rs-means,Unit,180845,each,,,,,,,,,,,1.0,1.0
400,ElecBoilers,"Boiler, electric, hot water, 105 kW, 358 MBH, ASME, includes standard controls and trim",105,E,rs-means,Unit,180846,each,,,,,,,,,,,1.0,1.0
401,ElecBoilers,"Boiler, electric, hot water, 135 kW, 461 MBH, ASME, includes standard controls and trim",135,E,rs-means,Unit,180847,each,,,,,,,,,,,1.0,1.0
402,ElecBoilers,"Boiler, electric, hot water, 150 kW, 512 MBH, ASME, includes standard controls and trim",150,E,rs-means,Unit,180848,each,,,,,,,,,,,1.0,1.0
403,ElecBoilers,"Boiler, electric, hot water, 165 kW, 563 MBH, ASME, includes standard controls and trim",165,E,rs-means,Unit,180849,each,,,,,,,,,,,1.0,1.0
404,ElecBoilers,"Boiler, electric, hot water, 296 KW, 1010 MBH, ASME, includes standard controls and trim",296,E,rs-means,Unit,180850,each,,,,,,,,,,,1.0,1.0
405,ElecBoilers,"Boiler, electric, hot water, 370 KW, 1263 MBH, ASME, includes standard controls and trim",370,E,rs-means,Unit,180851,each,,,,,,,,,,,1.0,1.0
406,ElecBoilers,"Boiler, electric, hot water, 444 KW, 1515 MBH, ASME, includes standard controls and trim",444,E,rs-means,Unit,180852,each,,,,,,,,,,,1.0,1.0
407,ElecBoilers,"Boiler, electric, hot water, 518 KW, 1768 MBH, ASME, includes standard controls and trim",518,E,rs-means,Unit,180853,each,,,,,,,,,,,1.0,1.0
408,ElecBoilers,"Boiler, electric, hot water, 592 KW, 2020 MBH, ASME, includes standard controls and trim",592,E,rs-means,Unit,180854,each,,,,,,,,,,,1.0,1.0
409,ElecBoilers,"Boiler, electric, hot water, 666 KW, 2273 MBH, ASME, includes standard controls and trim",666,E,rs-means,Unit,180855,each,,,,,,,,,,,1.0,1.0
410,ElecBoilers,"Boiler, electric, hot water, 740 KW, 2526 MBH, ASME, includes standard controls and trim",740,E,rs-means,Unit,180856,each,,,,,,,,,,,1.0,1.0
411,ElecBoilers,"Boiler, electric, hot water, 814 KW, 2778 MBH, ASME, includes standard controls and trim",814,E,rs-means,Unit,180857,each,,,,,,,,,,,1.0,1.0
412,ElecBoilers,"Boiler, electric, hot water, 888 KW, 3031 MBH, ASME, includes standard controls and trim",888,E,rs-means,Unit,180858,each,,,,,,,,,,,1.0,1.0
413,ElecBoilers,"Boiler, electric, hot water, 962 KW, 3283 MBH, ASME, includes standard controls and trim",962,E,rs-means,Unit,180859,each,,,,,,,,,,,1.0,1.0
414,ElecBoilers,"Boiler, electric, hot water, 1,036 KW, 3536 MBH, ASME, includes standard controls and trim",1036,E,rs-means,Unit,180860,each,,,,,,,,,,,1.0,1.0
415,ElecBoilers,"Boiler, electric, hot water, 1110 KW, 3788 MBH, ASME, includes standard controls and trim",1110,E,rs-means,Unit,180861,each,,,,,,,,,,,1.0,1.0
416,ElecBoilers,"Boiler, electric, hot water, 1440 KW, 4915 MBH, ASME, includes standard controls and trim",1440,E,rs-means,Unit,180862,each,,,,,,,,,,,1.0,1.0
417,ElecBoilers,"Boiler, electric, hot water, 1560 KW, 5323 MBH, ASME, includes standard controls and trim",1560,E,rs-means,Unit,180863,each,,,,,,,,,,,1.0,1.0
418,ElecBoilers,"Boiler, electric, hot water, 1680 kW, 5733 MBH, ASME, includes standard controls and trim",1680,E,rs-means,Unit,180864,each,,,,,,,,,,,1.0,1.0
419,ElecBoilers,"Boiler, electric, hot water, 1800 kW, 6143 MBH, ASME, includes standard controls and trim",1800,E,rs-means,Unit,180865,each,,,,,,,,,,,1.0,1.0
420,ElecBoilers,"Boiler, electric, hot water, 1980 KW, 6757 MBH, ASME, includes standard controls and trim",1980,E,rs-means,Unit,180866,each,,,,,,,,,,,1.0,1.0
421,ElecBoilers,"Boiler, electric, hot water, 2100 KW, 7167 MBH, ASME, includes standard controls and trim",2100,E,rs-means,Unit,180867,each,,,,,,,,,,,1.0,1.0
422,ElecBoilers,"Boiler, electric, hot water, 2220 KW, 7576 MBH, ASME, includes standard controls and trim",2220,E,rs-means,Unit,180868,each,,,,,,,,,,,1.0,1.0
423,ElecBoilers,"Boiler, electric, hot water, 2400 kW, 8191 MBH, ASME, includes standard controls and trim",2400,E,rs-means,Unit,180869,each,,,,,,,,,,,1.0,1.0
424,ElecBoilers,"Boiler, electric, hot water, 2610 kW, 8905 MBH, ASME, includes standard controls and trim",2610,E,rs-means,Unit,180870,each,,,,,,,,,,,1.0,1.0
425,ElecBoilers,"Boiler, electric, hot water, 2790 kW, 10133 MBH, ASME, includes standard controls and trim",2790,E,rs-means,Unit,180871,each,,,,,,,,,,,1.0,1.0
426,ElecBoilers,"Boiler, electric, hot water, 2970 KW, 10133 MBH, ASME, includes standard controls and trim",2970,E,rs-means,Unit,180872,each,,,,,,,,,,,1.0,1.0
427,ElecBoilers,"Boiler, electric, hot water, 3150 KW, 10748 MBH, ASME, includes standard controls and trim",3150,E,rs-means,Unit,180873,each,,,,,,,,,,,1.0,1.0
428,ElecBoilers,"Boiler, electric, hot water, 3240 KW, 11055 MBH, ASME, includes standard controls and trim",3240,E,rs-means,Unit,180874,each,,,,,,,,,,,1.0,1.0
429,ElecBoilers,"Boiler, electric, hot water, 3420 KW, 11669 MBH, ASME, includes standard controls and trim",3420,E,rs-means,Unit,180875,each,,,,,,,,,,,1.0,1.0
430,ElecBoilers,"Boiler, electric, hot water, 3600 KW, 12,283 MBH, ASME, includes standard controls and trim",3600,E,rs-means,Unit,180876,each,,,,,,,,,,,1.0,1.0
431,CondensingBoilers,"Condensing boilers, cast iron, gas fired, natural or LP, packaged, high efficiency, DOE MBH output, 42 MBH, (84.0%) AFUE, includes standard controls, circulator, trim",12.3,G,rs-means,Unit,180877,each,,,,,,,,,,,1.0,1.0
432,CondensingBoilers,"Condensing boilers, cast iron, gas fired, natural or LP, packaged, high efficiency, DOE MBH output, 57 MBH, (84.3%) AFUE, includes standard controls, circulator, trim",16.7,G,rs-means,Unit,180878,each,,,,,,,,,,,1.0,1.0
433,CondensingBoilers,"Condensing boilers, cast iron, gas fired, natural or LP, packaged, high efficiency, DOE MBH output, 85 MBH, (84.0%) AFUE, includes standard controls, circulator, trim",25,G,rs-means,Unit,180879,each,,,,,,,,,,,1.0,1.0
434,CondensingBoilers,"Condensing boilers, cast iron, gas fired, natural or LP, packaged, high efficiency, DOE MBH output, 112 MBH, (83.7%) AFUE, includes standard controls, circulator, trim",32.8,G,rs-means,Unit,180880,each,,,,,,,,,,,1.0,1.0
435,CondensingBoilers,"Condensing boilers, cast iron, gas fired, natural or LP, packaged, high efficiency, DOE MBH output, 140 MBH, (83.3%) AFUE, includes standard controls, circulator, trim",41,G,rs-means,Unit,180881,each,,,,,,,,,,,1.0,1.0
436,CondensingBoilers,"Condensing boilers, cast iron, gas fired, natural or LP, packaged, high efficiency, DOE MBH output, 167 MBH, (83.0%) AFUE, includes standard controls, circulator, trim",49,G,rs-means,Unit,180882,each,,,,,,,,,,,1.0,1.0
437,CondensingBoilers,"Condensing boilers, cast iron, gas fired, natural or LP, packaged, high efficiency, DOE MBH output, 194 MBH, (82.7%) AFUE, includes standard controls, circulator, trim",57,G,rs-means,Unit,180883,each,,,,,,,,,,,1.0,1.0
438,PulseBoilers,"Condensing boilers, special feature gas fired boilers, hot water, pulse combustion, high efficiency, DOE 71 MBH, AFUE 95.2%, includes standard controls, circulator, trim",21,G,rs-means,Unit,180884,each,,,,,,,,,,,1.0,1.0
439,PulseBoilers,"Condensing boilers, special feature gas fired boilers, hot water, pulse combustion, high efficiency, DOE 94 MBH, AFUE 95.3%, includes standard controls, circulator, trim",27.5,G,rs-means,Unit,180885,each,,,,,,,,,,,1.0,1.0
440,PulseBoilers,"Condensing boilers, special feature gas fired boilers, hot water, pulse combustion, high efficiency, DOE 139 MBH, AFUE 95.6%, includes standard controls, circulator, trim",41,G,rs-means,Unit,180886,each,,,,,,,,,,,1.0,1.0
441,PulseBoilers,"Condensing boilers, special feature gas fired boilers, hot water, pulse combustion, high efficiency, DOE 207 MBH, AFUE 95.4%, includes standard controls, circulator, trim",61,G,rs-means,Unit,180887,each,,,,,,,,,,,1.0,1.0
442,PulseBoilers,"Condensing boilers, special feature gas fired boilers, hot water, pulse combustion, high efficiency, DOE 270 MBH, AFUE 96.4%, includes standard controls, circulator, trim",79,G,rs-means,Unit,180888,each,,,,,,,,,,,1.0,1.0
443,PulseBoilers,"Condensing boilers, special feature gas fired boilers, hot water, pulse combustion, high efficiency, DOE 365 MBH, AFUE 91.7%, includes standard controls, circulator, trim",107,G,rs-means,Unit,180889,each,,,,,,,,,,,1.0,1.0
444,GasBoilers,"Boiler, gas fired, natural or propane, cast iron, hot water, gross output, 80 MBH, includes standard controls and insulated jacket, packaged",23.5,G,rs-means,Unit,180890,each,,,,,,,,,,,1.0,1.0
445,GasBoilers,"Boiler, gas fired, natural or propane, cast iron, hot water, gross output, 100 MBH, includes standard controls and insulated jacket, packaged",29.3,G,rs-means,Unit,180891,each,,,,,,,,,,,1.0,1.0
446,GasBoilers,"Boiler, gas fired, natural or propane, cast iron, hot water, gross output, 122 MBH, includes standard controls and insulated jacket, packaged",35.8,G,rs-means,Unit,180892,each,,,,,,,,,,,1.0,1.0
447,GasBoilers,"Boiler, gas fired, natural or propane, cast iron, hot water, gross output, 163 MBH, includes standard controls and insulated jacket, packaged",47.8,G,rs-means,Unit,180893,each,,,,,,,,,,,1.0,1.0
448,GasBoilers,"Boiler, gas fired, natural or propane, cast iron, hot water, gross output, 203 MBH, includes standard controls and insulated jacket, packaged",59.5,G,rs-means,Unit,180894,each,,,,,,,,,,,1.0,1.0
449,GasBoilers,"Boiler, gas fired, natural or propane, cast iron, hot water, gross output, 240 MBH, includes standard controls and insulated jacket, packaged",70.4,G,rs-means,Unit,180895,each,,,,,,,,,,,1.0,1.0
450,GasBoilers,"Boiler, gas fired, natural or propane, cast iron, hot water, gross output, 280 MBH, includes standard controls and insulated jacket, packaged",82,G,rs-means,Unit,180896,each,,,,,,,,,,,1.0,1.0
451,GasBoilers,"Boiler, gas fired, natural or propane, cast iron, hot water, gross output, 320 MBH, includes standard controls and insulated jacket, packaged",94,G,rs-means,Unit,180897,each,,,,,,,,,,,1.0,1.0
452,GasBoilers,"Boiler, gas fired, natural or propane, cast iron, hot water, gross output, 360 MBH, includes standard controls and insulated jacket, packaged",106,G,rs-means,Unit,180898,each,,,,,,,,,,,1.0,1.0
453,GasBoilers,"Boiler, gas fired, natural or propane, cast iron, hot water, gross output, 400 MBH, includes standard controls and insulated jacket, packaged",117.3,G,rs-means,Unit,180899,each,,,,,,,,,,,1.0,1.0
454,GasBoilers,"Boiler, gas fired, natural or propane, cast iron, hot water, gross output, 440 MBH, includes standard controls and insulated jacket, packaged",129,G,rs-means,Unit,180900,each,,,,,,,,,,,1.0,1.0
455,GasBoilers,"Boiler, gas fired, natural or propane, cast iron, hot water, gross output, 544 MBH, includes standard controls and insulated jacket, packaged",160,G,rs-means,Unit,180901,each,,,,,,,,,,,1.0,1.0
456,GasBoilers,"Boiler, gas fired, natural or propane, cast iron, hot water, gross output, 765 MBH, includes standard controls and insulated jacket, packaged",224,G,rs-means,Unit,180902,each,,,,,,,,,,,1.0,1.0
457,GasBoilers,"Boiler, gas fired, natural or propane, cast iron, hot water, gross output, 1088 MBH, includes standard controls and insulated jacket, packaged",319,G,rs-means,Unit,180903,each,,,,,,,,,,,1.0,1.0
458,GasBoilers,"Boiler, gas fired, natural or propane, cast iron, hot water, gross output, 1275 MBH, includes standard controls and insulated jacket, packaged",374,G,rs-means,Unit,180904,each,,,,,,,,,,,1.0,1.0
459,GasBoilers,"Boiler, gas fired, natural or propane, cast iron, hot water, gross output, 1530 MBH, includes standard controls and insulated jacket, packaged",448,G,rs-means,Unit,180905,each,,,,,,,,,,,1.0,1.0
460,GasBoilers,"Boiler, gas fired, natural or propane, cast iron, hot water, gross output, 2000 MBH, includes standard controls and insulated jacket, packaged",586.5,G,rs-means,Unit,180906,each,,,,,,,,,,,1.0,1.0
461,GasBoilers,"Boiler, gas fired, natural or propane, cast iron, hot water, gross output, 2312 MBH, includes standard controls and insulated jacket, packaged",678,G,rs-means,Unit,180907,each,,,,,,,,,,,1.0,1.0
462,GasBoilers,"Boiler, gas fired, natural or propane, cast iron, hot water, gross output, 2856 MBH, includes standard controls and insulated jacket, packaged",840,G,rs-means,Unit,180908,each,,,,,,,,,,,1.0,1.0
463,GasBoilers,"Boiler, gas fired, natural or propane, cast iron, hot water, gross output, 3264 MBH, includes standard controls and insulated jacket, packaged",957,G,rs-means,Unit,180909,each,,,,,,,,,,,1.0,1.0
464,GasBoilers,"Boiler, gas fired, natural or propane, cast iron, hot water, gross output, 3996 MBH, includes standard controls and insulated jacket, packaged",1172,G,rs-means,Unit,180910,each,,,,,,,,,,,1.0,1.0
465,GasBoilers,"Boiler, gas fired, natural or propane, cast iron, hot water, gross output, 4488 MBH, includes standard controls and insulated jacket, packaged",1316,G,rs-means,Unit,180911,each,,,,,,,,,,,1.0,1.0
466,GasBoilers,"Boiler, gas fired, natural or propane, cast iron, hot water, gross output, 4720 MBH, includes standard controls and insulated jacket, packaged",1384,G,rs-means,Unit,180912,each,,,,,,,,,,,1.0,1.0
467,GasBoilers,"Boiler, gas fired, natural or propane, cast iron, hot water, gross output, 5520 MBH, includes standard controls and insulated jacket, packaged",1618,G,rs-means,Unit,180913,each,,,,,,,,,,,1.0,1.0
468,GasBoilers,"Boiler, gas fired, natural or propane, cast iron, hot water, gross output, 6100 MBH, includes standard controls and insulated jacket, packaged",1789,G,rs-means,Unit,180914,each,,,,,,,,,,,1.0,1.0
469,GasBoilers,"Boiler, gas fired, natural or propane, cast iron, hot water, gross output, 6390 MBH, includes standard controls and insulated jacket, packaged",1874,G,rs-means,Unit,180915,each,,,,,,,,,,,1.0,1.0
470,GasBoilers,"Boiler, gas fired, natural or propane, cast iron, hot water, gross output, 6680 MBH, includes standard controls and insulated jacket, packaged",1959,G,rs-means,Unit,180916,each,,,,,,,,,,,1.0,1.0
471,GasBoilers,"Boiler, gas fired, natural or propane, cast iron, hot water, gross output, 6970 MBH, includes standard controls and insulated jacket, packaged",2044,G,rs-means,Unit,180917,each,,,,,,,,,,,1.0,1.0
472,WoodBoilers,"Boiler solid-fuel, wood/biomass/coal, cast iron, , gross output, 1280 MBH, includes standard controls and insulated flush jacket, packaged",375,W,rs-means,Unit,180918,each,,,,,,,,,,,1.0,1.0
473,WoodBoilers,"Boiler solid-fuel, wood/biomass/coal, cast iron, , gross output, 1460 MBH, includes standard controls and insulated flush jacket, packaged",428,W,rs-means,Unit,180919,each,,,,,,,,,,,1.0,1.0
474,WoodBoilers,"Boiler solid-fuel, wood/biomass/coal, cast iron, , gross output, 1640 MBH, includes standard controls and insulated flush jacket, packaged",481,W,rs-means,Unit,180920,each,,,,,,,,,,,1.0,1.0
475,WoodBoilers,"Boiler solid-fuel, wood/biomass/coal, cast iron, , gross output, 1820 MBH, includes standard controls and insulated flush jacket, packaged",534,W,rs-means,Unit,180921,each,,,,,,,,,,,1.0,1.0
476,WoodBoilers,"Boiler solid-fuel, wood/biomass/coal, cast iron, , gross output, 2000 MBH, includes standard controls and insulated flush jacket, packaged",586.5,W,rs-means,Unit,180922,each,,,,,,,,,,,1.0,1.0
477,WoodBoilers,"Boiler solid-fuel, wood/biomass/coal, cast iron, , gross output, 2360 MBH, includes standard controls and insulated flush jacket, packaged",692,W,rs-means,Unit,180923,each,,,,,,,,,,,1.0,1.0
478,WoodBoilers,"Boiler solid-fuel, wood/biomass/coal, cast iron, , gross output, 2725 MBH, includes standard controls and insulated flush jacket, packaged",800,W,rs-means,Unit,180924,each,,,,,,,,,,,1.0,1.0
479,WoodBoilers,"Boiler solid-fuel, wood/biomass/coal, cast iron, , gross output, 2950 MBH, includes standard controls and insulated flush jacket, packaged",865,W,rs-means,Unit,180925,each,,,,,,,,,,,1.0,1.0
480,WoodBoilers,"Boiler solid-fuel, wood/biomass/coal, cast iron, , gross output, 3210 MBH, includes standard controls and insulated flush jacket, packaged",941,W,rs-means,Unit,180926,each,,,,,,,,,,,1.0,1.0
481,WoodBoilers,"Boiler solid-fuel, wood/biomass/coal, cast iron, , gross output, 3480 MBH, includes standard controls and insulated flush jacket, packaged",1020.5,W,rs-means,Unit,180927,each,,,,,,,,,,,1.0,1.0
482,WoodBoilers,"Boiler solid-fuel, wood/biomass/coal, cast iron, , gross output, 3745 MBH, includes standard controls and insulated flush jacket, packaged",1098,W,rs-means,Unit,180928,each,,,,,,,,,,,1.0,1.0
483,WoodBoilers,"Boiler solid-fuel, wood/biomass/coal, cast iron, , gross output, 4000 MBH, includes standard controls and insulated flush jacket, packaged",1173,W,rs-means,Unit,180929,each,,,,,,,,,,,1.0,1.0
484,WoodBoilers,"Boiler solid-fuel, wood/biomass/coal, cast iron, , gross output, 4200 MBH, includes standard controls and insulated flush jacket, packaged",1232,W,rs-means,Unit,180930,each,,,,,,,,,,,1.0,1.0
485,WoodBoilers,"Boiler solid-fuel, wood/biomass/coal, cast iron, , gross output, 4400 MBH, includes standard controls and insulated flush jacket, packaged",1290,W,rs-means,Unit,180931,each,,,,,,,,,,,1.0,1.0
486,WoodBoilers,"Boiler solid-fuel, wood/biomass/coal, cast iron, , gross output, 4600 MBH, includes standard controls and insulated flush jacket, packaged",1349,W,rs-means,Unit,180932,each,,,,,,,,,,,1.0,1.0
487,OilBoilers,"Boiler, oil fired, burner, steel, hot water, gross output, 103 MBH, includes standard controls and insulated flush jacket",30,O,rs-means,Unit,180933,each,,,,,,,,,,,1.0,1.0
488,OilBoilers,"Boiler, oil fired, burner, steel, hot water, gross output, 122 MBH, includes standard controls and insulated flush jacket",35,,rs-means,Unit,180934,each,,,,,,,,,,,1.0,1.0
489,OilBoilers,"Boiler, oil fired, burner, steel, hot water, gross output, 137 MBH, includes standard controls and insulated flush jacket",40,,rs-means,Unit,180935,each,,,,,,,,,,,1.0,1.0
490,OilBoilers,"Boiler, oil fired, burner, steel, hot water, gross output, 168 MBH, includes standard controls and insulated flush jacket",49,,rs-means,Unit,180936,each,,,,,,,,,,,1.0,1.0
491,OilBoilers,"Boiler, oil fired, burner, steel, hot water, gross output, 225 MBH, includes standard controls and insulated flush jacket",66,,rs-means,Unit,180937,each,,,,,,,,,,,1.0,1.0
492,OilBoilers,"Boiler, oil fired, burner, steel, hot water, gross output, 315 MBH, includes standard controls and insulated flush jacket",92,,rs-means,Unit,180938,each,,,,,,,,,,,1.0,1.0
493,OilBoilers,"Boiler, oil fired, burner, steel, hot water, gross output, 420 MBH, includes standard controls and insulated flush jacket",123,,rs-means,Unit,180939,each,,,,,,,,,,,1.0,1.0
494,OilBoilers,"Boiler, oil fired, burner, steel, hot water, gross output, 525 MBH, includes standard controls and insulated flush jacket",154,,rs-means,Unit,180940,each,,,,,,,,,,,1.0,1.0
495,OilBoilers,"Boiler, oil fired, burner, steel, hot water, gross output, 735 MBH, includes standard controls and insulated flush jacket",215.5,,rs-means,Unit,180941,each,,,,,,,,,,,1.0,1.0
496,OilBoilers,"Boiler, oil fired, burner, steel, hot water, gross output, 1050 MBH, includes standard controls and insulated flush jacket",308,,rs-means,Unit,180942,each,,,,,,,,,,,1.0,1.0
497,OilBoilers,"Boiler, oil fired, burner, steel, hot water, gross output, 2310 MBH, includes standard controls and insulated flush jacket",677,,rs-means,Unit,180943,each,,,,,,,,,,,1.0,1.0
498,OilBoilers,"Boiler, oil fired, burner, steel, hot water, gross output, 3150 MBH, includes standard controls and insulated flush jacket",924,,rs-means,Unit,180944,each,,,,,,,,,,,1.0,1.0
499,OilBoilersWaterTube,"Boiler, packaged water tube, steam or hot water, gross output, #2 oil, 200 MBH",59,,rs-means,Unit,180945,each,,,,,,,,,,,1.0,1.0
500,OilBoilersWaterTube,"Boiler, packaged water tube, steam or hot water, gross output, #2 oil, 275 MBH",80.6,,rs-means,Unit,180946,each,,,,,,,,,,,1.0,1.0
501,OilBoilersWaterTube,"Boiler, packaged water tube, steam or hot water, gross output, #2 oil, 360 MBH",105.5,,rs-means,Unit,180947,each,,,,,,,,,,,1.0,1.0
502,OilBoilersWaterTube,"Boiler, packaged water tube, steam or hot water, gross output, #2 oil, 520 MBH",152.5,,rs-means,Unit,180948,each,,,,,,,,,,,1.0,1.0
503,OilBoilersWaterTube,"Boiler, packaged water tube, steam or hot water, gross output, #2 oil, 600 MBH",176,,rs-means,Unit,180949,each,,,,,,,,,,,1.0,1.0
504,OilBoilersWaterTube,"Boiler, packaged water tube, steam or hot water, gross output, #2 oil, 720 MBH",211,,rs-means,Unit,180950,each,,,,,,,,,,,1.0,1.0
505,OilBoilersWaterTube,"Boiler, packaged water tube, steam or hot water, gross output, #2 oil, 960 MBH",281.5,,rs-means,Unit,180951,each,,,,,,,,,,,1.0,1.0
506,OilBoilersWaterTube,"Boiler, packaged water tube, steam or hot water, gross output, #2 oil, 1200 MBH",352,,rs-means,Unit,180952,each,,,,,,,,,,,1.0,1.0
507,OilBoilersWaterTube,"Boiler, packaged water tube, steam or hot water, gross output, #2 oil, 1440 MBH",422,,rs-means,Unit,180953,each,,,,,,,,,,,1.0,1.0
508,OilBoilersWaterTube,"Boiler, packaged water tube, steam or hot water, gross output, #2 oil, 1600 MBH",469,,rs-means,Unit,180954,each,,,,,,,,,,,1.0,1.0
509,OilBoilersWaterTube,"Boiler, packaged water tube, steam or hot water, gross output, #2 oil, 1920 MBH",563,,rs-means,Unit,180955,each,,,,,,,,,,,1.0,1.0
510,OilBoilersWaterTube,"Boiler, packaged water tube, steam or hot water, gross output, #2 oil, 2160 MBH",633,,rs-means,Unit,180956,each,,,,,,,,,,,1.0,1.0
511,OilBoilersWaterTube,"Boiler, packaged water tube, steam or hot water, gross output, #2 oil, 2400 MBH",704,,rs-means,Unit,180957,each,,,,,,,,,,,1.0,1.0
512,OilBoilersWaterTube,"Boiler, packaged water tube, steam or hot water, gross output, #2 oil, 3200 MBH",938,,rs-means,Unit,180958,each,,,,,,,,,,,1.0,1.0
513,OilBoilersWaterTube,"Boiler, packaged water tube, steam or hot water, gross output, #2 oil, 4800 MBH",1408,,rs-means,Unit,180959,each,,,,,,,,,,,1.0,1.0
514,GasBoilersWaterTube,"Boiler, packaged water tube, gas fired, steam or hot water, gross output, 200 MBH",59,,rs-means,Unit,180960,each,,,,,,,,,,,1.0,1.0
515,GasBoilersWaterTube,"Boiler, packaged water tube, gas fired, steam or hot water, gross output, 275 MBH",81,,rs-means,Unit,180961,each,,,,,,,,,,,1.0,1.0
516,GasBoilersWaterTube,"Boiler, packaged water tube, gas fired, steam or hot water, gross output, 360 MBH",105.5,,rs-means,Unit,180962,each,,,,,,,,,,,1.0,1.0
517,GasBoilersWaterTube,"Boiler, packaged water tube, gas fired, steam or hot water, gross output, 520 MBH",152.5,,rs-means,Unit,180963,each,,,,,,,,,,,1.0,1.0
518,GasBoilersWaterTube,"Boiler, packaged water tube, gas fired, steam or hot water, gross output, 600 MBH",176,,rs-means,Unit,180964,each,,,,,,,,,,,1.0,1.0
519,GasBoilersWaterTube,"Boiler, packaged water tube, gas fired, steam or hot water, gross output, 720 MBH",211,,rs-means,Unit,180965,each,,,,,,,,,,,1.0,1.0
520,GasBoilersWaterTube,"Boiler, packaged water tube, gas fired, steam or hot water, gross output, 960 MBH",281.5,,rs-means,Unit,180966,each,,,,,,,,,,,1.0,1.0
521,GasBoilersWaterTube,"Boiler, packaged water tube, gas fired, steam or hot water, gross output, 1220 MBH",358,,rs-means,Unit,180967,each,,,,,,,,,,,1.0,1.0
522,GasBoilersWaterTube,"Boiler, packaged water tube, gas fired, steam or hot water, gross output, 1440 MBH",422,,rs-means,Unit,180968,each,,,,,,,,,,,1.0,1.0
523,GasBoilersWaterTube,"Boiler, packaged water tube, gas fired, steam or hot water, gross output, 1680 MBH",492,,rs-means,Unit,180969,each,,,,,,,,,,,1.0,1.0
524,GasBoilersWaterTube,"Boiler, packaged water tube, gas fired, steam or hot water, gross output, 1920 MBH",563,,rs-means,Unit,180970,each,,,,,,,,,,,1.0,1.0
525,GasBoilersWaterTube,"Boiler, packaged water tube, gas fired, steam or hot water, gross output, 2160 MBH",633,,rs-means,Unit,180971,each,,,,,,,,,,,1.0,1.0
526,GasBoilersWaterTube,"Boiler, packaged water tube, gas fired, steam or hot water, gross output, 2400 MBH",704,,rs-means,Unit,180972,each,,,,,,,,,,,1.0,1.0
527,ChemicalFeed,"Shot chemical feeder, by pass, in line mount, 300 PSIG, 1.7 gallon",1.7,,rs-means,Unit,180973,each,,,,,,,,,,,1.0,1.0
528,ChemicalFeed,"Shot chemical feeder, by pass, floor mount, 300 PSIG, 12 gallon",12,,rs-means,Unit,180974,each,,,,,,,,,,,1.0,1.0
529,Furnaces,"Furnace, hot air heating, blowers, electric, 34.1 MBH, U.L. listed, includes standard controls, excludes gas, oil or flue piping",10,E,rs-means,Unit,180975,each,,,,,,,,,,,1.0,1.0
530,Furnaces,"Furnace, hot air heating, blowers, electric, 51.6 MBH, U.L. listed, includes standard controls, excludes gas, oil or flue piping",15,E,rs-means,Unit,180976,each,,,,,,,,,,,1.0,1.0
531,Furnaces,"Furnace, hot air heating, blowers, electric, 68.3 MBH, U.L. listed, includes standard controls, excludes gas, oil or flue piping",20,E,rs-means,Unit,180977,each,,,,,,,,,,,1.0,1.0
532,Furnaces,"Furnace, hot air heating, blowers, electric, 85.3 MBH, U.L. listed, includes standard controls, excludes gas, oil or flue piping",25,E,rs-means,Unit,180978,each,,,,,,,,,,,1.0,1.0
533,FurnaceGas,"Furnace, gas, upflow, direct drive model, intermittent pilot, 45 MBH input, AGA certified, includes standard controls, excludes gas, oil or flue piping",13,G,rs-means,Unit,180979,each,,,,,,,,,,,1.0,1.0
534,FurnaceGas,"Furnace, gas, upflow, direct drive model, intermittent pilot, 60 MBH input, AGA certified, includes standard controls, excludes gas, oil or flue piping",17.5,G,rs-means,Unit,180980,each,,,,,,,,,,,1.0,1.0
535,FurnaceGas,"Furnace, gas, upflow, direct drive model, intermittent pilot, 75 MBH input, AGA certified, includes standard controls, excludes gas, oil or flue piping",22,G,rs-means,Unit,180981,each,,,,,,,,,,,1.0,1.0
536,FurnaceGas,"Furnace, gas, upflow, direct drive model, intermittent pilot, 100 MBH input, AGA certified, includes standard controls, excludes gas, oil or flue piping",29,G,rs-means,Unit,180982,each,,,,,,,,,,,1.0,1.0
537,FurnaceGas,"Furnace, gas, upflow, direct drive model, intermittent pilot, 125 MBH input, AGA certified, includes standard controls, excludes gas, oil or flue piping",37,G,rs-means,Unit,180983,each,,,,,,,,,,,1.0,1.0
538,FurnaceGas,"Furnace, gas, upflow, direct drive model, intermittent pilot, 150 MBH input, AGA certified, includes standard controls, excludes gas, oil or flue piping",44,G,rs-means,Unit,180984,each,,,,,,,,,,,1.0,1.0
539,FurnaceGas,"Furnace, gas, upflow, direct drive model, intermittent pilot, 200 MBH input, AGA certified, includes standard controls, excludes gas, oil or flue piping",59,G,rs-means,Unit,180985,each,,,,,,,,,,,1.0,1.0
540,FurnaceGas,"Furnace, gas, upflow, direct drive model, intermittent pilot, 300 MBH input, AGA certified, includes standard controls, excludes gas, oil or flue piping",88,G,rs-means,Unit,180986,each,,,,,,,,,,,1.0,1.0
541,FurnaceGas,"Furnace, gas, upflow, direct drive model, intermittent pilot, 400 MBH input, AGA certified, includes standard controls, excludes gas, oil or flue piping",117,G,rs-means,Unit,180987,each,,,,,,,,,,,1.0,1.0
542,FurnaceOil,"Furnace, oil, atomizing gun type burner, 56 MBH output, U.L. listed, includes standard controls, excludes oil piping",16.5,O,rs-means,Unit,180988,each,,,,,,,,,,,1.0,1.0
543,FurnaceOil,"Furnace, oil, atomizing gun type burner, 84 MBH output, U.L. listed, includes standard controls, excludes oil piping",25,O,rs-means,Unit,180989,each,,,,,,,,,,,1.0,1.0
544,FurnaceOil,"Furnace, oil, atomizing gun type burner, 95 MBH output, U.L. listed, includes standard controls, excludes oil piping",28,O,rs-means,Unit,180990,each,,,,,,,,,,,1.0,1.0
545,FurnaceOil,"Furnace, oil, atomizing gun type burner, 134 MBH output, U.L. listed, includes standard controls, excludes oil piping",39,O,rs-means,Unit,180991,each,,,,,,,,,,,1.0,1.0
546,FurnaceOil,"Furnace, oil, atomizing gun type burner, 151 MBH output, U.L. listed, includes standard controls, excludes oil piping",44,O,rs-means,Unit,180992,each,,,,,,,,,,,1.0,1.0
547,FurnaceOil,"Furnace, oil, atomizing gun type burner, 200 MBH output, U.L. listed, includes standard controls, excludes oil piping",59,O,rs-means,Unit,180993,each,,,,,,,,,,,1.0,1.0
548,FurnaceOil,"Furnace, oil, atomizing gun type burner, 300 MBH output, U.L. listed, includes standard controls, excludes oil piping",88,O,rs-means,Unit,180994,each,,,,,,,,,,,1.0,1.0
549,FurnaceOil,"Furnace, oil, atomizing gun type burner, 400 MBH output, U.L. listed, includes standard controls, excludes oil piping",117,O,rs-means,Unit,180995,each,,,,,,,,,,,1.0,1.0
550,DuctFurGasInt,"Furnace, Duct, interior installation, stainless steel heat exchanger, 100 MBH, includes burner and controls",29,G,rs-means,Unit,180996,each,,,,,,,,,,,1.0,1.0
551,DuctFurGasInt,"Furnace, Duct, interior installation, stainless steel heat exchanger, 120 MBH, includes burner and controls",35,G,rs-means,Unit,180997,each,,,,,,,,,,,1.0,1.0
552,DuctFurGasInt,"Furnace, Duct, interior installation, stainless steel heat exchanger, 200 MBH, includes burner and controls",59,G,rs-means,Unit,180998,each,,,,,,,,,,,1.0,1.0
553,DuctFurGasInt,"Furnace, Duct, interior installation, stainless steel heat exchanger, 240 MBH, includes burner and controls",70,G,rs-means,Unit,180999,each,,,,,,,,,,,1.0,1.0
554,DuctFurGasInt,"Furnace, Duct, interior installation, stainless steel heat exchanger, 280 MBH, includes burner and controls",82,G,rs-means,Unit,181000,each,,,,,,,,,,,1.0,1.0
555,DuctFurGasInt,"Furnace, Duct, interior installation, stainless steel heat exchanger, 320 MBH, includes burner and controls",94,G,rs-means,Unit,181001,each,,,,,,,,,,,1.0,1.0
556,DuctFurGasExt,"Furnace, Duct, Exterior installation, stainless steel heat exchanger, 75 MBH, includes burner, controls and power venter",22,G,rs-means,Unit,181002,each,,,,,,,,,,,1.0,1.0
557,DuctFurGasExt,"Furnace, Duct, Exterior installation, stainless steel heat exchanger, 94 MBH, includes burner, controls and power venter",27.5,G,rs-means,Unit,181003,each,,,,,,,,,,,1.0,1.0
558,DuctFurGasExt,"Furnace, Duct, Exterior installation, stainless steel heat exchanger, 120 MBH, includes burner, controls and power venter",35,G,rs-means,Unit,181004,each,,,,,,,,,,,1.0,1.0
559,DuctFurGasExt,"Furnace, Duct, Exterior installation, stainless steel heat exchanger, 157 MBH, includes burner, controls and power venter",46,G,rs-means,Unit,181005,each,,,,,,,,,,,1.0,1.0
560,DuctFurGasExt,"Furnace, Duct, Exterior installation, stainless steel heat exchanger, 187 MBH, includes burner, controls and power venter",55,G,rs-means,Unit,181006,each,,,,,,,,,,,1.0,1.0
561,DuctFurGasExt,"Furnace, Duct, Exterior installation, stainless steel heat exchanger, 225 MBH, includes burner, controls and power venter",66,G,rs-means,Unit,181007,each,,,,,,,,,,,1.0,1.0
562,DuctFurGasExt,"Furnace, Duct, Exterior installation, stainless steel heat exchanger, 300 MBH, includes burner, controls and power venter",88,G,rs-means,Unit,181008,each,,,,,,,,,,,1.0,1.0
563,DuctFurGasExt,"Furnace, Duct, Exterior installation, stainless steel heat exchanger, 375 MBH, includes burner, controls and power venter",110,G,rs-means,Unit,181009,each,,,,,,,,,,,1.0,1.0
564,DuctFurGasExt,"Furnace, Duct, Exterior installation, stainless steel heat exchanger, 450 MBH, includes burner, controls and power venter",132,G,rs-means,Unit,181010,each,,,,,,,,,,,1.0,1.0
565,DuctFurGasExt,"Furnace, Duct, Exterior installation, stainless steel heat exchanger, 600 MBH, includes burner, controls and power venter",176,G,rs-means,Unit,181011,each,,,,,,,,,,,1.0,1.0
566,GasHeater,"Space heater, cabinet, grilles, fan, gas fired, suspension mounted, gravity vent, propeller fan, 20 MBH output, includes controls, burner and thermostat, excludes piping",6,G,rs-means,Unit,181012,each,,,,,,,,,,,1.0,1.0
567,GasHeater,"Space heater, cabinet, grilles, fan, gas fired, suspension mounted, gravity vent, propeller fan, 40 MBH output, includes controls, burner and thermostat, excludes piping",12,G,rs-means,Unit,181013,each,,,,,,,,,,,1.0,1.0
568,GasHeater,"Space heater, cabinet, grilles, fan, gas fired, suspension mounted, gravity vent, propeller fan, 60 MBH output, includes controls, burner and thermostat, excludes piping",17.5,G,rs-means,Unit,181014,each,,,,,,,,,,,1.0,1.0
569,GasHeater,"Space heater, cabinet, grilles, fan, gas fired, suspension mounted, gravity vent, propeller fan, 80 MBH output, includes controls, burner and thermostat, excludes piping",24,G,rs-means,Unit,181015,each,,,,,,,,,,,1.0,1.0
570,GasHeater,"Space heater, cabinet, grilles, fan, gas fired, suspension mounted, gravity vent, propeller fan, 100 MBH output, includes controls, burner and thermostat, excludes piping",29,G,rs-means,Unit,181016,each,,,,,,,,,,,1.0,1.0
571,GasHeater,"Space heater, cabinet, grilles, fan, gas fired, suspension mounted, gravity vent, propeller fan, 130 MBH output, includes controls, burner and thermostat, excludes piping",38,G,rs-means,Unit,181017,each,,,,,,,,,,,1.0,1.0
572,GasHeater,"Space heater, cabinet, grilles, fan, gas fired, suspension mounted, gravity vent, propeller fan, 140 MBH output, includes controls, burner and thermostat, excludes piping",41,G,rs-means,Unit,181018,each,,,,,,,,,,,1.0,1.0
573,GasHeater,"Space heater, cabinet, grilles, fan, gas fired, suspension mounted, gravity vent, propeller fan, 160 MBH output, includes controls, burner and thermostat, excludes piping",47,G,rs-means,Unit,181019,each,,,,,,,,,,,1.0,1.0
574,GasHeater,"Space heater, cabinet, grilles, fan, gas fired, suspension mounted, gravity vent, propeller fan, 180 MBH output, includes controls, burner and thermostat, excludes piping",53,G,rs-means,Unit,181020,each,,,,,,,,,,,1.0,1.0
575,GasHeater,"Space heater, cabinet, grilles, fan, gas fired, suspension mounted, gravity vent, propeller fan, 200 MBH output, includes controls, burner and thermostat, excludes piping",59,G,rs-means,Unit,181021,each,,,,,,,,,,,1.0,1.0
576,GasHeater,"Space heater, cabinet, grilles, fan, gas fired, suspension mounted, gravity vent, propeller fan, 240 MBH output, includes controls, burner and thermostat, excludes piping",70,G,rs-means,Unit,181022,each,,,,,,,,,,,1.0,1.0
577,GasHeater,"Space heater, cabinet, grilles, fan, gas fired, suspension mounted, gravity vent, propeller fan, 280 MBH output, includes controls, burner and thermostat, excludes piping",82,G,rs-means,Unit,181023,each,,,,,,,,,,,1.0,1.0
578,GasHeater,"Space heater, cabinet, grilles, fan, gas fired, suspension mounted, gravity vent, propeller fan, 320 MBH output, includes controls, burner and thermostat, excludes piping",94,G,rs-means,Unit,181024,each,,,,,,,,,,,1.0,1.0
579,RefrigCondensingUnit,"Condensing unit, air cooled, compressor, 1 ton, direct drive, propeller fan, includes standard controls",3.517,,rs-means,Unit,181025,each,,,,,,,,,,,1.0,1.0
580,RefrigCondensingUnit,"Condensing unit, air cooled, compressor, 1.5 ton, direct drive, propeller fan, includes standard controls",5.2755,,rs-means,Unit,181026,each,,,,,,,,,,,1.0,1.0
581,RefrigCondensingUnit,"Condensing unit, air cooled, compressor, 2 ton, direct drive, propeller fan, includes standard controls",7.034,,rs-means,Unit,181027,each,,,,,,,,,,,1.0,1.0
582,RefrigCondensingUnit,"Condensing unit, air cooled, compressor, 3 ton, direct drive, propeller fan, includes standard controls",10.551,,rs-means,Unit,181028,each,,,,,,,,,,,1.0,1.0
583,RefrigCondensingUnit,"Condensing unit, air cooled, compressor, 5 ton, direct drive, propeller fan, includes standard controls",17.585,,rs-means,Unit,181029,each,,,,,,,,,,,1.0,1.0
584,RefrigCondensingUnit,"Condensing unit, air cooled, compressor, 8 ton, direct drive, propeller fan, includes standard controls",28.136,,rs-means,Unit,181030,each,,,,,,,,,,,1.0,1.0
585,RefrigCondensingUnit,"Condensing unit, air cooled, compressor, 10 ton, direct drive, propeller fan, includes standard controls",35.17,,rs-means,Unit,181031,each,,,,,,,,,,,1.0,1.0
586,RefrigCondensingUnit,"Condensing unit, air cooled, compressor, 12 ton, direct drive, propeller fan, includes standard controls",42.204,,rs-means,Unit,181032,each,,,,,,,,,,,1.0,1.0
587,RefrigCondensingUnit,"Condensing unit, air cooled, compressor, 14 ton, direct drive, propeller fan, includes standard controls",26.377499999999998,,rs-means,Unit,181033,each,,,,,,,,,,,1.0,1.0
588,RefrigCondensingUnit,"Condensing unit, air cooled, compressor, 16 ton, direct drive, propeller fan, includes standard controls",49.238,,rs-means,Unit,181034,each,,,,,,,,,,,1.0,1.0
589,RefrigCondensingUnit,"Condensing unit, air cooled, compressor, 21 ton, direct drive, propeller fan, includes standard controls",73.857,,rs-means,Unit,181035,each,,,,,,,,,,,1.0,1.0
590,RefrigCondensingUnit,"Condensing unit, air cooled, compressor, 26 ton, direct drive, propeller fan, includes standard controls",91.442,,rs-means,Unit,181036,each,,,,,,,,,,,1.0,1.0
591,RefrigCondensingUnit,"Condensing unit, air cooled, compressor, 30 ton, direct drive, propeller fan, includes standard controls",105.50999999999999,,rs-means,Unit,181037,each,,,,,,,,,,,1.0,1.0
592,RefrigCondensingUnit,"Condensing unit, air cooled, compressor, 41 ton, direct drive, propeller fan, includes standard controls",144.197,,rs-means,Unit,181038,each,,,,,,,,,,,1.0,1.0
593,RefrigCondensingUnit,"Condensing unit, air cooled, compressor, 52 ton, direct drive, propeller fan, includes standard controls",182.884,,rs-means,Unit,181039,each,,,,,,,,,,,1.0,1.0
594,RefrigCondensingUnit,"Condensing unit, air cooled, compressor, 63 ton, direct drive, propeller fan, includes standard controls",221.571,,rs-means,Unit,181040,each,,,,,,,,,,,1.0,1.0
595,RefrigCondensingUnit,"Condensing unit, air cooled, compressor, 76 ton, direct drive, propeller fan, includes standard controls",267.292,,rs-means,Unit,181041,each,,,,,,,,,,,1.0,1.0
596,RefrigCondensingUnit,"Condensing unit, air cooled, compressor, 86 ton, direct drive, propeller fan, includes standard controls",302.462,,rs-means,Unit,181042,each,,,,,,,,,,,1.0,1.0
597,RefrigCondensingUnit,"Condensing unit, air cooled, compressor, 97 ton, direct drive, propeller fan, includes standard controls",341.149,,rs-means,Unit,181043,each,,,,,,,,,,,1.0,1.0
598,RefrigCondensingUnit,"Condensing unit, air cooled, compressor, 105 ton, direct drive, propeller fan, includes standard controls",369.28499999999997,,rs-means,Unit,181044,each,,,,,,,,,,,1.0,1.0
599,RefrigCondensingUnit,"Condensing unit, air cooled, compressor, 118 ton, direct drive, propeller fan, includes standard controls",415.006,,rs-means,Unit,181045,each,,,,,,,,,,,1.0,1.0
600,RefrigCondensingUnit,"Condensing unit, air cooled, compressor, 126 ton, direct drive, propeller fan, includes standard controls",443.142,,rs-means,Unit,181046,each,,,,,,,,,,,1.0,1.0
601,WaterCondensingUnit,"Condensing unit, water cooled, compressor, heat exchanger 5 ton, includes standard controls",17.585,,rs-means,Unit,181047,each,,,,,,,,,,,1.0,1.0
602,WaterCondensingUnit,"Condensing unit, water cooled, compressor, heat exchanger 10 ton, includes standard controls",35.17,,rs-means,Unit,181048,each,,,,,,,,,,,1.0,1.0
603,WaterCondensingUnit,"Condensing unit, water cooled, compressor, heat exchanger 15 ton, includes standard controls",52.754999999999995,,rs-means,Unit,181049,each,,,,,,,,,,,1.0,1.0
604,WaterCondensingUnit,"Condensing unit, water cooled, compressor, heat exchanger 20 ton, includes standard controls",70.34,,rs-means,Unit,181050,each,,,,,,,,,,,1.0,1.0
605,WaterCondensingUnit,"Condensing unit, water cooled, compressor, heat exchanger 30  ton, includes standard controls",105.50999999999999,,rs-means,Unit,181051,each,,,,,,,,,,,1.0,1.0
606,WaterCondensingUnit,"Condensing unit, water cooled, compressor, heat exchanger 40 ton, includes standard controls",140.68,,rs-means,Unit,181052,each,,,,,,,,,,,1.0,1.0
607,RefrigCondensingUnit,"Condenser, ratings are for air cooled, belt drive, propeller fan, 50 ton",10.551,,rs-means,Unit,181053,each,,,,,,,,,,,1.0,1.0
608,RefrigCondensingUnit,"Condenser, ratings are for evaporative, copper coil, pump, fan motor, 30Deg.F temperature difference, 50 ton, R-22",,,rs-means,Unit,181054,each,,,,,,,,,,,1.0,1.0
609,RefrigCondensingUnit,"Condenser, ratings are for evaporative, copper coil, pump, fan motor, 30Deg.F temperature difference, R-22, for fan damper control, add",,,rs-means,Unit,181055,each,,,,,,,,,,,1.0,1.0
610,GasAbsChiller,"Absorption water chiller, direct gas fired, water cooled, duplex, 100 ton",351.7,,rs-means,Unit,181056,each,,,,,,,,,,,1.0,1.0
611,GasAbsChiller,"Absorption water chiller, direct gas fired, water cooled, duplex, 200 ton",703.4,,rs-means,Unit,181057,each,,,,,,,,,,,1.0,1.0
612,GasAbsChiller,"Absorption water chiller, direct gas fired, water cooled, duplex, 300 ton",1055.1,,rs-means,Unit,181058,each,,,,,,,,,,,1.0,1.0
613,GasAbsChiller,"Absorption water chiller, direct gas fired, water cooled, duplex, 400 ton",1406.8,,rs-means,Unit,181059,each,,,,,,,,,,,1.0,1.0
614,GasAbsChiller,"Absorption water chiller, direct gas fired, water cooled, duplex, 500 ton",1758.5,,rs-means,Unit,181060,each,,,,,,,,,,,1.0,1.0
615,GasAbsChiller,"Absorption water chiller, direct gas fired, water cooled, duplex, 600 ton",2110.2,,rs-means,Unit,181061,each,,,,,,,,,,,1.0,1.0
616,GasAbsChiller,"Absorption water chiller, direct gas fired, water cooled, duplex, 700 ton",2461.9,,rs-means,Unit,181062,each,,,,,,,,,,,1.0,1.0
617,GasAbsChiller,"Absorption water chiller, direct gas fired, water cooled, duplex, 800 ton",2813.6,,rs-means,Unit,181063,each,,,,,,,,,,,1.0,1.0
618,GasAbsChiller,"Absorption water chiller, direct gas fired, water cooled, duplex, 900 ton",3165.2999999999997,,rs-means,Unit,181064,each,,,,,,,,,,,1.0,1.0
619,GasAbsChiller,"Absorption water chiller, direct gas fired, water cooled, duplex, 1000 ton",3517,,rs-means,Unit,181065,each,,,,,,,,,,,1.0,1.0
620,HotAbsChiller,"Absorption water chiller, indirect-fired, steam or hot water, water cooled, single stage, 100 ton",351.7,,rs-means,Unit,181066,each,,,,,,,,,,,1.0,1.0
621,HotAbsChiller,"Absorption water chiller, indirect-fired, steam or hot water, water cooled, single stage, 148 ton",520.516,,rs-means,Unit,181067,each,,,,,,,,,,,1.0,1.0
622,HotAbsChiller,"Absorption water chiller, indirect-fired, steam or hot water, water cooled, single stage, 200 ton",703.4,,rs-means,Unit,181068,each,,,,,,,,,,,1.0,1.0
623,HotAbsChiller,"Absorption water chiller, indirect-fired, steam or hot water, water cooled, single stage, 250 ton",879.25,,rs-means,Unit,181069,each,,,,,,,,,,,1.0,1.0
624,HotAbsChiller,"Absorption water chiller, indirect-fired, steam or hot water, water cooled, single stage, 354 ton",1245.018,,rs-means,Unit,181070,each,,,,,,,,,,,1.0,1.0
625,HotAbsChiller,"Absorption water chiller, indirect-fired, steam or hot water, water cooled, single stage, 420 ton",1477.1399999999999,,rs-means,Unit,181071,each,,,,,,,,,,,1.0,1.0
626,HotAbsChiller,"Absorption water chiller, indirect-fired, steam or hot water, water cooled, single stage, 665 ton",2338.805,,rs-means,Unit,181072,each,,,,,,,,,,,1.0,1.0
627,HotAbsChiller,"Absorption water chiller, indirect-fired, steam or hot water, water cooled, single stage, 750 ton",2637.75,,rs-means,Unit,181073,each,,,,,,,,,,,1.0,1.0
628,HotAbsChiller,"Absorption water chiller, indirect-fired, steam or hot water, water cooled, single stage, 850 ton",2989.45,,rs-means,Unit,181074,each,,,,,,,,,,,1.0,1.0
629,HotAbsChiller,"Absorption water chiller, indirect-fired, steam or hot water, water cooled, single stage, 955 ton",3358.735,,rs-means,Unit,181075,each,,,,,,,,,,,1.0,1.0
630,HotAbsChiller,"Absorption water chiller, indirect-fired, steam or hot water, water cooled, single stage, 1125 ton",3956.625,,rs-means,Unit,181076,each,,,,,,,,,,,1.0,1.0
631,HotAbsChiller,"Absorption water chiller, indirect-fired, steam or hot water, water cooled, single stage, 1250 ton",4396.25,,rs-means,Unit,181077,each,,,,,,,,,,,1.0,1.0
632,HotAbsChiller,"Absorption water chiller, indirect-fired, steam or hot water, water cooled, single stage, 1465 ton",5152.405,,rs-means,Unit,181078,each,,,,,,,,,,,1.0,1.0
633,HotAbsChiller,"Absorption water chiller, indirect-fired, steam or hot water, water cooled, single stage, 1660 ton",5838.22,,rs-means,Unit,181079,each,,,,,,,,,,,1.0,1.0
634,CentChillerWater,"Water chiller, centrifugal liquid chiller, packaged unit, water cooled, 200 ton, includes standard controls, excludes water tower",703.4,,rs-means,Unit,181080,each,,,,,,,,,,,1.0,1.0
635,CentChillerWater,"Water chiller, centrifugal liquid chiller, packaged unit, water cooled, 300 ton, includes standard controls, excludes water tower",1055.1,,rs-means,Unit,181081,each,,,,,,,,,,,1.0,1.0
636,CentChillerWater,"Water chiller, centrifugal liquid chiller, packaged unit, water cooled, 400 ton, includes standard controls, excludes water tower",1406.8,,rs-means,Unit,181082,each,,,,,,,,,,,1.0,1.0
637,CentChillerWater,"Water chiller, centrifugal liquid chiller, packaged unit, water cooled, 500 ton, includes standard controls, excludes water tower",1758.5,,rs-means,Unit,181083,each,,,,,,,,,,,1.0,1.0
638,CentChillerWater,"Water chiller, centrifugal liquid chiller, packaged unit, water cooled, 600 ton, includes standard controls, excludes water tower",2110.2,,rs-means,Unit,181084,each,,,,,,,,,,,1.0,1.0
639,CentChillerWater,"Water chiller, centrifugal liquid chiller, packaged unit, water cooled, 700 ton, includes standard controls, excludes water tower",2461.9,,rs-means,Unit,181085,each,,,,,,,,,,,1.0,1.0
640,CentChillerWater,"Water chiller, centrifugal liquid chiller, packaged unit, water cooled, 800 ton, includes standard controls, excludes water tower",2813.6,,rs-means,Unit,181086,each,,,,,,,,,,,1.0,1.0
641,CentChillerWater,"Water chiller, centrifugal liquid chiller, packaged unit, water cooled, 900 ton, includes standard controls, excludes water tower",3165.2999999999997,,rs-means,Unit,181087,each,,,,,,,,,,,1.0,1.0
642,CentChillerWater,"Water chiller, centrifugal liquid chiller, packaged unit, water cooled, 1000 ton, includes standard controls, excludes water tower",3517,,rs-means,Unit,181088,each,,,,,,,,,,,1.0,1.0
643,CentChillerWater,"Water chiller, centrifugal liquid chiller, packaged unit, water cooled, 1200 ton, includes standard controls, excludes water tower",4220.4,,rs-means,Unit,181089,each,,,,,,,,,,,1.0,1.0
644,CentChillerWater,"Water chiller, centrifugal liquid chiller, packaged unit, water cooled, 1500 ton, includes standard controls, excludes water tower",5275.5,,rs-means,Unit,181090,each,,,,,,,,,,,1.0,1.0
645,CentChillerWater,"Water chiller, centrifugal liquid chiller, packaged unit, water cooled, 1700 ton, includes standard controls, excludes water tower",5978.9,,rs-means,Unit,181091,each,,,,,,,,,,,1.0,1.0
646,CentChillerWater,"Water chiller, centrifugal liquid chiller, packaged unit, water cooled, 2000 ton, includes standard controls, excludes water tower",7034,,rs-means,Unit,181092,each,,,,,,,,,,,1.0,1.0
647,CentChillerWater,"Water chiller, centrifugal liquid chiller, packaged unit, water cooled, 2500 ton, includes standard controls, excludes water tower",8792.5,,rs-means,Unit,181093,each,,,,,,,,,,,1.0,1.0
655,RecChillerWater,"Water chiller, reciprocating, multiple compressor, semi-hermetic, water cooled, 75 ton cooling, includes standard controls, excludes water tower",263.775,,rs-means,Unit,181094,each,,,,,,,,,,,1.0,1.0
656,RecChillerWater,"Water chiller, reciprocating, multiple compressor, semi-hermetic, water cooled, 100 ton cooling, includes standard controls, excludes water tower",351.7,,rs-means,Unit,181095,each,,,,,,,,,,,1.0,1.0
657,RecChillerWater,"Water chiller, reciprocating, multiple compressor, semi-hermetic, water cooled, 115 ton cooling, includes standard controls, excludes water tower",404.455,,rs-means,Unit,181096,each,,,,,,,,,,,1.0,1.0
658,RecChillerWater,"Water chiller, reciprocating, multiple compressor, semi-hermetic, water cooled, 125 ton cooling, includes standard controls, excludes water tower",439.625,,rs-means,Unit,181097,each,,,,,,,,,,,1.0,1.0
659,RecChillerWater,"Water chiller, reciprocating, multiple compressor, semi-hermetic, water cooled, 145 ton cooling, includes standard controls, excludes water tower",509.965,,rs-means,Unit,181098,each,,,,,,,,,,,1.0,1.0
660,RecChillerWater,"Water chiller, reciprocating, multiple compressor, semi-hermetic, water cooled, 155 ton cooling, includes standard controls, excludes water tower",545.135,,rs-means,Unit,181099,each,,,,,,,,,,,1.0,1.0
661,RecChillerAir,"Water chiller, reciprocating, packaged, air cooled, 15 ton cooling, includes standard controls, excludes remote air cooled condensers",52.754999999999995,,rs-means,Unit,181100,each,,,,,,,,,,,1.0,1.0
662,RecChillerAir,"Water chiller, reciprocating, packaged, air cooled, 25 ton cooling, includes standard controls, excludes remote air cooled condensers",87.925,,rs-means,Unit,181101,each,,,,,,,,,,,1.0,1.0
663,RecChillerAir,"Water chiller, reciprocating, packaged, air cooled, 40 ton cooling, includes standard controls, excludes remote air cooled condensers",140.68,,rs-means,Unit,181102,each,,,,,,,,,,,1.0,1.0
664,RecChillerAir,"Water chiller, reciprocating, packaged, air cooled, 50 ton cooling, includes standard controls, excludes remote air cooled condensers",175.85,,rs-means,Unit,181103,each,,,,,,,,,,,1.0,1.0
665,RecChillerAir,"Water chiller, reciprocating, packaged, air cooled, 60 ton cooling, includes standard controls, excludes remote air cooled condensers",211.01999999999998,,rs-means,Unit,181104,each,,,,,,,,,,,1.0,1.0
666,RecChillerAir,"Water chiller, reciprocating, packaged, air cooled, 75 ton cooling, includes standard controls, excludes remote air cooled condensers",263.775,,rs-means,Unit,181105,each,,,,,,,,,,,1.0,1.0
667,RecChillerAir,"Water chiller, reciprocating, packaged, air cooled, 105 ton cooling, includes standard controls, excludes remote air cooled condensers",369.28499999999997,,rs-means,Unit,181106,each,,,,,,,,,,,1.0,1.0
668,RecChillerAir,"Water chiller, reciprocating, packaged, air cooled, 115 ton cooling, includes standard controls, excludes remote air cooled condensers",404.455,,rs-means,Unit,181107,each,,,,,,,,,,,1.0,1.0
669,RecChillerAir,"Water chiller, reciprocating, packaged, air cooled, 125 ton cooling, includes standard controls, excludes remote air cooled condensers",439.625,,rs-means,Unit,181108,each,,,,,,,,,,,1.0,1.0
670,RecChillerAir,"Water chiller, reciprocating, packaged, air cooled, 145 ton cooling, includes standard controls, excludes remote air cooled condensers",509.965,,rs-means,Unit,181109,each,,,,,,,,,,,1.0,1.0
671,ScrollChillerAir,"Packaged water chiller, scroll, liquid chiller, packaged unit with integral air cooled condenser, 15 Ton, includes standard controls",52.754999999999995,,rs-means,Unit,181110,each,,,,,,,,,,,1.0,1.0
672,ScrollChillerAir,"Packaged water chiller, scroll, liquid chiller, packaged unit with integral air cooled condenser, 20 ton cooling, includes standard controls",70.34,,rs-means,Unit,181111,each,,,,,,,,,,,1.0,1.0
673,ScrollChillerAir,"Packaged water chiller, scroll, liquid chiller, packaged unit with integral air cooled condenser, 25 ton cooling, includes standard controls",87.925,,rs-means,Unit,181112,each,,,,,,,,,,,1.0,1.0
674,ScrollChillerAir,"Packaged water chiller, scroll, liquid chiller, packaged unit with integral air cooled condenser, 30 ton cooling, includes standard controls",105.50999999999999,,rs-means,Unit,181113,each,,,,,,,,,,,1.0,1.0
675,ScrollChillerAir,"Packaged water chiller, scroll, liquid chiller, packaged unit with integral air cooled condenser, 40 ton cooling, includes standard controls",140.68,,rs-means,Unit,181114,each,,,,,,,,,,,1.0,1.0
676,ScrollChillerAir,"Packaged water chiller, scroll, liquid chiller, packaged unit with integral air cooled condenser, 50 ton cooling, includes standard controls",175.85,,rs-means,Unit,181115,each,,,,,,,,,,,1.0,1.0
677,ScrollChillerWater,"Water chiller, scroll, single compressor, hermetic, water cooled, 2 ton cooling, includes standard controls, excludes water tower",7.034,,rs-means,Unit,181116,each,,,,,,,,,,,1.0,1.0
678,ScrollChillerWater,"Water chiller, scroll, single compressor, hermetic, water cooled, 5 ton cooling, includes standard controls, excludes water tower",17.585,,rs-means,Unit,181117,each,,,,,,,,,,,1.0,1.0
679,ScrollChillerWater,"Water chiller, scroll, single compressor, hermetic, water cooled, 10 ton cooling, includes standard controls, excludes water tower",35.17,,rs-means,Unit,181118,each,,,,,,,,,,,1.0,1.0
680,ScrollChillerWater,"Water chiller, scroll, single compressor, hermetic, water cooled, 15 ton cooling, includes standard controls, excludes water tower",52.754999999999995,,rs-means,Unit,181119,each,,,,,,,,,,,1.0,1.0
681,ScrollChillerWater,"Water chiller, scroll, single compressor, hermetic, water cooled, 20 ton cooling, includes standard controls, excludes water tower",70.34,,rs-means,Unit,181120,each,,,,,,,,,,,1.0,1.0
682,ScrollChillerWater,"Water chiller, scroll, single compressor, hermetic, water cooled, 30 ton cooling, includes standard controls, excludes water tower",105.50999999999999,,rs-means,Unit,181121,each,,,,,,,,,,,1.0,1.0
683,ScrewChillerAir,"Water chiller, screw liquid chiller, air cooled, insulated evaporator, 130 ton, includes standard controls",457.21,,rs-means,Unit,181122,each,,,,,,,,,,,1.0,1.0
684,ScrewChillerAir,"Water chiller, screw liquid chiller, air cooled, insulated evaporator, 160 ton, includes standard controls",562.72,,rs-means,Unit,181123,each,,,,,,,,,,,1.0,1.0
685,ScrewChillerAir,"Water chiller, screw liquid chiller, air cooled, insulated evaporator, 210 ton, includes standard controls",738.5699999999999,,rs-means,Unit,181124,each,,,,,,,,,,,1.0,1.0
686,ScrewChillerAir,"Water chiller, screw liquid chiller, air cooled, insulated evaporator, 270 ton, includes standard controls",949.5899999999999,,rs-means,Unit,181125,each,,,,,,,,,,,1.0,1.0
687,ScrewChillerAir,"Water chiller, screw liquid chiller, air cooled, insulated evaporator, 320 ton, includes standard controls",1125.44,,rs-means,Unit,181126,each,,,,,,,,,,,1.0,1.0
688,ScrewChillerWater,"Water chiller, screw liquid chiller, packaged unit, water cooled, 80 ton, includes standard controls, excludes water tower",281.36,,rs-means,Unit,181127,each,,,,,,,,,,,1.0,1.0
689,ScrewChillerWater,"Water chiller, screw liquid chiller, packaged unit, water cooled, 100 ton, includes standard controls, excludes water tower",351.7,,rs-means,Unit,181128,each,,,,,,,,,,,1.0,1.0
690,ScrewChillerWater,"Water chiller, screw liquid chiller, packaged unit, water cooled, 150 ton, includes standard controls, excludes water tower",527.55,,rs-means,Unit,181129,each,,,,,,,,,,,1.0,1.0
691,ScrewChillerWater,"Water chiller, screw liquid chiller, packaged unit, water cooled, 200 ton, includes standard controls, excludes water tower",703.4,,rs-means,Unit,181130,each,,,,,,,,,,,1.0,1.0
692,ScrewChillerWater,"Water chiller, screw liquid chiller, packaged unit, water cooled, 250 ton, includes standard controls, excludes water tower",879.25,,rs-means,Unit,181131,each,,,,,,,,,,,1.0,1.0
693,ScrewChillerWater,"Water chiller, screw liquid chiller, packaged unit, water cooled, 300 ton, includes standard controls, excludes water tower",1055.1,,rs-means,Unit,181132,each,,,,,,,,,,,1.0,1.0
694,ScrewChillerWater,"Water chiller, screw liquid chiller, packaged unit, water cooled, 350 ton, includes standard controls, excludes water tower",1230.95,,rs-means,Unit,181133,each,,,,,,,,,,,1.0,1.0
695,DXChiller,"Water chiller, direct expansion, shell and tube type, for built-up systems, 1 ton, includes standard controls",3.517,,rs-means,Unit,181134,each,,,,,,,,,,,1.0,1.0
696,DXChiller,"Water chiller, direct expansion, shell and tube type, for built-up systems, 5 Ton, includes standard controls",17.585,,rs-means,Unit,181135,each,,,,,,,,,,,1.0,1.0
697,DXChiller,"Water chiller, direct expansion, shell and tube type, for built-up systems, 10 ton, includes standard controls",35.17,,rs-means,Unit,181136,each,,,,,,,,,,,1.0,1.0
698,DXChiller,"Water chiller, direct expansion, shell and tube type, for built-up systems, 20 ton, includes standard controls",70.34,,rs-means,Unit,181137,each,,,,,,,,,,,1.0,1.0
699,DXChiller,"Water chiller, direct expansion, shell and tube type, for built-up systems, 30 ton, includes standard controls",105.50999999999999,,rs-means,Unit,181138,each,,,,,,,,,,,1.0,1.0
700,DXChiller,"Water chiller, direct expansion, shell and tube type, for built-up systems, 50 ton, includes standard controls",175.85,,rs-means,Unit,181139,each,,,,,,,,,,,1.0,1.0
701,DXChiller,"Water chiller, direct expansion, shell and tube type, for built-up systems, 100 ton, includes standard controls",351.7,,rs-means,Unit,181140,each,,,,,,,,,,,1.0,1.0
703,ClgTwr,"Cooling tower, packaged unit, galvanized steel, blow through, centrifugal type, 50 ton, includes standard controls, excludes pumps and piping",175.85,,rs-means,Unit,181141,each,,,,,,,,,,,1.0,1.0
704,ClgTwr,"Cooling tower, packaged unit, galvanized steel, blow through, centrifugal type, 75 ton, includes standard controls, excludes pumps and piping",263.775,,rs-means,Unit,181142,each,,,,,,,,,,,1.0,1.0
705,ClgTwr,"Cooling tower, packaged unit, galvanized steel, blow through, centrifugal type, 100 ton, includes standard controls, excludes pumps and piping",351.7,,rs-means,Unit,181143,each,,,,,,,,,,,1.0,1.0
706,ClgTwr,"Cooling tower, packaged unit, galvanized steel, blow through, centrifugal type, 125 ton, includes standard controls, excludes pumps and piping",439.625,,rs-means,Unit,181144,each,,,,,,,,,,,1.0,1.0
707,ClgTwr,"Cooling tower, packaged unit, galvanized steel, blow through, centrifugal type, 200 ton, includes standard controls, excludes pumps and piping",703.4,,rs-means,Unit,181145,each,,,,,,,,,,,1.0,1.0
708,ClgTwr,"Cooling tower, packaged unit, galvanized steel, blow through, centrifugal type, 250 ton, includes standard controls, excludes pumps and piping",879.25,,rs-means,Unit,181146,each,,,,,,,,,,,1.0,1.0
709,ClgTwr,"Cooling tower, packaged unit, galvanized steel, blow through, centrifugal type, 300 ton, includes standard controls, excludes pumps and piping",1055.1,,rs-means,Unit,181147,each,,,,,,,,,,,1.0,1.0
710,ClgTwr,"Cooling tower, packaged unit, galvanized steel, blow through, centrifugal type, 350 ton, includes standard controls, excludes pumps and piping",1230.95,,rs-means,Unit,181148,each,,,,,,,,,,,1.0,1.0
711,ClgTwr,"Cooling tower, packaged unit, galvanized steel, blow through, centrifugal type, 400 ton, includes standard controls, excludes pumps and piping",1406.8,,rs-means,Unit,181149,each,,,,,,,,,,,1.0,1.0
712,ClgTwr,"Cooling tower, packaged unit, galvanized steel, blow through, centrifugal type, 450 ton, includes standard controls, excludes pumps and piping",1582.6499999999999,,rs-means,Unit,181150,each,,,,,,,,,,,1.0,1.0
713,ClgTwr,"Cooling tower, packaged unit, galvanized steel, blow through, centrifugal type, 500 ton, includes standard controls, excludes pumps and piping",1758.5,,rs-means,Unit,181151,each,,,,,,,,,,,1.0,1.0
714,ClgTwr,"Cooling tower, packaged unit, galvanized steel, blow through, centrifugal type, 600 ton, includes standard controls, excludes pumps and piping",2110.2,,rs-means,Unit,181152,each,,,,,,,,,,,1.0,1.0
715,ClgTwr,"Cooling tower, packaged unit, galvanized steel, blow through, centrifugal type, 700 ton, includes standard controls, excludes pumps and piping",2461.9,,rs-means,Unit,181153,each,,,,,,,,,,,1.0,1.0
716,ClgTwr,"Cooling tower, packaged unit, galvanized steel, blow through, centrifugal type, 800 ton, includes standard controls, excludes pumps and piping",2813.6,,rs-means,Unit,181154,each,,,,,,,,,,,1.0,1.0
717,ClgTwr,"Cooling tower, packaged unit, galvanized steel, blow through, centrifugal type, 900 ton, includes standard controls, excludes pumps and piping",3165.2999999999997,,rs-means,Unit,181155,each,,,,,,,,,,,1.0,1.0
718,ClgTwr,"Cooling tower, packaged unit, galvanized steel, blow through, centrifugal type, 1000 ton, includes standard controls, excludes pumps and piping",3517,,rs-means,Unit,181156,each,,,,,,,,,,,1.0,1.0
719,ClgTwrPump,"Cooling tower, for pumps and piping, add",,,rs-means,Unit,181157,each,,,,,,,,,,,1.0,1.0
720,ClgTwrFeed,"Cooling tower, cooling water chemical feeder",,,rs-means,Unit,181158,each,,,,,,,,,,,1.0,1.0
721,LiqCooler,"Liquid cooler, packaged unit, closed circuit type, options included:, 50 ton, vibration switch, sump sweeper piping, grooved coil connections, fan motor inverter capable, 304 St. St. cold water basin, external platform w/ladder",175.85,,rs-means,Unit,181159,each,,,,,,,,,,,1.0,1.0
722,LiqCooler,"Liquid cooler, packaged unit, closed circuit type, options included:, 100 ton, vibration switch, sump sweeper piping, grooved coil connections, fan motor inverter capable, 304 St. St. cold water basin, external platform w/ladder",351.7,,rs-means,Unit,181160,each,,,,,,,,,,,1.0,1.0
723,LiqCooler,"Liquid cooler, packaged unit, closed circuit type, options included:, 150 ton, vibration switch, sump sweeper piping, grooved coil connections, fan motor inverter capable, 304 St. St. cold water basin, external platform w/ladder",527.55,,rs-means,Unit,181161,each,,,,,,,,,,,1.0,1.0
724,LiqCooler,"Liquid cooler, packaged unit, closed circuit type, options included:, 200 ton, vibration switch, sump sweeper piping, grooved coil connections, fan motor inverter capable, 304 St. St. cold water basin, external platform w/ladder",703.4,,rs-means,Unit,181162,each,,,,,,,,,,,1.0,1.0
725,LiqCooler,"Liquid cooler, packaged unit, closed circuit type, options included:, 250 ton, vibration switch, sump sweeper piping, grooved coil connections, fan motor inverter capable, 304 St. St. cold water basin, external platform w/ladder",879.25,,rs-means,Unit,181163,each,,,,,,,,,,,1.0,1.0
726,ashp,"Heat pump, air to air single package, 0.5 ton cooling, 5 MBH electric heat @ 0Deg.F, excludes interconnecting tubing, curbs, pads and ductwork",1.4649999999999999,,rs-means,Unit,181164,each,,,,,,,,,,,1.0,1.0
727,ashp,"Heat pump, air to air single package, 0.75 ton cooling, 5 MBH electric heat @ 0Deg.F, excludes interconnecting tubing, curbs, pads and ductwork",1.4649999999999999,,rs-means,Unit,181165,each,,,,,,,,,,,1.0,1.0
727,wshp,"Heat pump, water source to air, single package, 1 ton cooling, 13 MBH heat @ 75Deg.F, excludes water supply",3.8089999999999997,3.517,rs-means,Unit,181166,each,,,,,,,,,,,1.0,1.0
728,ashp,"Heat pump, air to air single package, 1 ton cooling, 5 MBH electric heat @ 0Deg.F, excludes interconnecting tubing, curbs, pads and ductwork",1.4649999999999999,,rs-means,Unit,181167,each,,,,,,,,,,,1.0,1.0
728,wshp,"Heat pump, water source to air, single package, 1 ton cooling, 13 MBH heat @ 75Deg.F, excludes water supply",3.8089999999999997,3.517,rs-means,Unit,181166,each,,,,,,,,,,,1.0,1.0
729,ashp,"Heat pump, air to air single package, 1.5 ton cooling, 5 MBH electric heat @ 0Deg.F, excludes interconnecting tubing, curbs, pads and ductwork",1.4649999999999999,,rs-means,Unit,181168,each,,,,,,,,,,,1.0,1.0
729,wshp,"Heat pump, water source to air, single package, 1.5 ton cooling, 17 MBH heat @ 75Deg.F, excludes water supply",4.97,5.275,rs-means,Unit,181169,each,,,,,,,,,,,1.0,1.0
730,ashp,"Heat pump, air to air single package, 2 ton cooling, 6.5 MBH electric heat @ 0Deg.F, excludes interconnecting tubing, curbs, pads and ductwork",1.9044999999999999,,rs-means,Unit,181170,each,,,,,,,,,,,1.0,1.0
730,wshp,"Heat pump, water source to air, single package, 2 ton cooling, 19 MBH heat @ 75Deg.F, excludes water supply",5.56,7.034,rs-means,Unit,181171,each,,,,,,,,,,,1.0,1.0
731,ashp,"Heat pump, air to air single package, 2.5 ton cooling, 8 MBH electric heat @ 0Deg.F, excludes interconnecting tubing, curbs, pads and ductwork",2.344,,rs-means,Unit,181172,each,,,,,,,,,,,1.0,1.0
731,wshp,"Heat pump, water source to air, single package, 2.5 ton cooling, 25 MBH heat @ 75Deg.F, excludes water supply",7.32,8.792,rs-means,Unit,181173,each,,,,,,,,,,,1.0,1.0
732,ashp,"Heat pump, air to air single package, 3 ton cooling, 10 MBH electric heat @ 0Deg.F, excludes interconnecting tubing, curbs, pads and ductwork",2.9299999999999997,,rs-means,Unit,181174,each,,,,,,,,,,,1.0,1.0
732,wshp,"Heat pump, water source to air, single package, 3 ton cooling, 27 MBH heat @ 75Deg.F, excludes water supply",7.9,10.551,rs-means,Unit,181175,each,,,,,,,,,,,1.0,1.0
733,ashp,"Heat pump, air to air single package, 3.5 ton cooling, 11 MBH electric heat @ 0Deg.F, excludes interconnecting tubing, curbs, pads and ductwork",3.223,,rs-means,Unit,181176,each,,,,,,,,,,,1.0,1.0
733,wshp,"Heat pump, water source to air, single package, 3.5 ton cooling, 29 MBH heat @ 75Deg.F, excludes water supply",8.49,12.309,rs-means,Unit,181177,each,,,,,,,,,,,1.0,1.0
734,ashp,"Heat pump, air to air single package, 4 ton cooling, 13 MBH electric heat @ 0Deg.F, excludes interconnecting tubing, curbs, pads and ductwork",3.8089999999999997,,rs-means,Unit,181178,each,,,,,,,,,,,1.0,1.0
734,wshp,"Heat pump, water source to air, single package, 4 ton cooling, 31 MBH heat @ 75Deg.F, excludes water supply",9.07,14.067,rs-means,Unit,181179,each,,,,,,,,,,,1.0,1.0
735,ashp,"Heat pump, air to air single package, 5 ton cooling, 27 MBH electric heat @ 0Deg.F, excludes interconnecting tubing, curbs, pads and ductwork",7.911,,rs-means,Unit,181180,each,,,,,,,,,,,1.0,1.0
735,wshp,"Heat pump, water source to air, single package, 5 ton cooling, 29 MBH heat @ 75Deg.F, excludes water supply",8.49,17.584,rs-means,Unit,181181,each,,,,,,,,,,,1.0,1.0
736,ashp,"Heat pump, air to air single package, 7.5 ton cooling, 35 MBH electric heat @ 0Deg.F, excludes interconnecting tubing, curbs, pads and ductwork",10.254999999999999,,rs-means,Unit,181182,each,,,,,,,,,,,1.0,1.0
736,wshp,"Heat pump, water source to air, single package, 7.5 ton cooling, 35 MBH heat @ 75Deg.F, excludes water supply",10.254999999999999,26.376,rs-means,Unit,181183,each,,,,,,,,,,,1.0,1.0
737,ashp,"Heat pump, air to air single package, 10 ton cooling, 45 MBH electric heat @ 0Deg.F, excludes interconnecting tubing, curbs, pads and ductwork",13.184999999999999,,rs-means,Unit,181184,each,,,,,,,,,,,1.0,1.0
737,wshp,"Heat pump, water source to air, single package, 8 ton cooling, 40 MBH heat @ 75Deg.F, excludes water supply",11.71,28.135,rs-means,Unit,181185,each,,,,,,,,,,,1.0,1.0
738,ashp,"Heat pump, air to air single package, 12 ton cooling, 50 MBH electric heat @ 0Deg.F, excludes interconnecting tubing, curbs, pads and ductwork",14.649999999999999,,rs-means,Unit,181186,each,,,,,,,,,,,1.0,1.0
738,wshp,"Heat pump, water source to air, single package, 10 ton cooling, 50 MBH heat @ 75Deg.F, excludes water supply",14.649999999999999,35.169,rs-means,Unit,181187,each,,,,,,,,,,,1.0,1.0
739,wshp,"Heat pump, water source to air, single package, 15 ton cooling, 64 MBH heat @ 75Deg.F, excludes water supply",18.73,52.753,rs-means,Unit,181188,each,,,,,,,,,,,1.0,1.0
740,wshp,"Heat pump, water source to air, single package, 20 ton cooling, 100 MBH heat @ 75Deg.F, excludes water supply",29.28,70.337,rs-means,Unit,181189,each,,,,,,,,,,,1.0,1.0
741,wshp,"Heat pump, water source to air, single package, 25 ton cooling, 100 MBH heat @ 75Deg.F, excludes water supply",29.28,87.921,rs-means,Unit,181190,each,,,,,,,,,,,1.0,1.0
742,wshp,"Heat pump, water source to air, single package, 30 ton cooling, 128 MBH heat @ 75Deg.F, excludes water supply",37.47,105.506,rs-means,Unit,181191,each,,,,,,,,,,,1.0,1.0
743,wshp,"Heat pump, water source to air, single package, 40 ton cooling, 200 MBH heat @ 75Deg.F, excludes water supply",58.56,140.674,rs-means,Unit,181192,each,,,,,,,,,,,1.0,1.0
744,wshp,"Heat pump, water source to air, single package, 50 ton cooling, 200 MBH heat @ 75Deg.F, excludes water supply",58.56,175.843,rs-means,Unit,181193,each,,,,,,,,,,,1.0,1.0
745,FanCoilCabinet,"Fan coil A.C., cabinet mounted, chilled water, 1/2 ton cooling, includes filters and controls",1.7585,,rs-means,Unit,181194,,,,,,,,,,,,1.0,1.0
746,FanCoilClg,"Fan coil A.C., cabinet mounted, chilled water, 3/4 ton cooling, includes filters and controls",2.63775,,rs-means,Unit,181194,,,,,,,,,,,,1.0,1.0
747,FanCoilCabinet,"Fan coil A.C., cabinet mounted, chilled water, 1 ton cooling, includes filters and controls",3.517,,rs-means,Unit,181194,,,,,,,,,,,,1.0,1.0
748,FanCoilCabinet,"Fan coil A.C., cabinet mounted, chilled water, 1 1/2 ton cooling, includes filters and controls",5.2755,,rs-means,Unit,181194,,,,,,,,,,,,1.0,1.0
749,FanCoilCabinet,"Fan coil A.C., cabinet mounted, chilled water, 2 ton cooling, includes filters and controls",7.034,,rs-means,Unit,181194,,,,,,,,,,,,1.0,1.0
750,FanCoilCabinet,"Fan coil A.C., cabinet mounted, chilled water, 2 1/2 ton cooling, includes filters and controls",8.7925,,rs-means,Unit,181194,,,,,,,,,,,,1.0,1.0
751,FanCoilCabinet,"Fan coil A.C., cabinet mounted, chilled water, 3 ton cooling, includes filters and controls",10.551,,rs-means,Unit,181194,,,,,,,,,,,,1.0,1.0
752,FanCoilDX,"Fan coil A.C., direct expansion for use w/air cooled condensing unit, 1.5 ton cooling, includes filters and controls",5.2725,,rs-means,Unit,181195,,,,,,,,,,,,1.0,1.0
753,FanCoilDX,"Fan coil A.C., direct expansion for use w/air cooled condensing unit, 2 ton cooling, includes filters and controls",7.03,,rs-means,Unit,181196,,,,,,,,,,,,1.0,1.0
754,FanCoilDX,"Fan coil A.C., direct expansion for use w/air cooled condensing unit, 2.5 ton cooling, includes filters and controls",8.7875,,rs-means,Unit,181197,,,,,,,,,,,,1.0,1.0
755,FanCoilDX,"Fan coil A.C., direct expansion for use w/air cooled condensing unit, 3 ton cooling, includes filters and controls",10.545,,rs-means,Unit,181198,,,,,,,,,,,,1.0,1.0
756,FanCoilDX,"Fan coil A.C., direct expansion for use w/air cooled condensing unit, 3.5 ton cooling, includes filters and controls",12.3025,,rs-means,Unit,181199,,,,,,,,,,,,1.0,1.0
757,FanCoilDX,"Fan coil A.C., direct expansion for use w/air cooled condensing unit, 4 ton cooling, includes filters and controls",14.06,,rs-means,Unit,181200,,,,,,,,,,,,1.0,1.0
758,FanCoilDX,"Fan coil A.C., direct expansion for use w/air cooled condensing unit, 5 ton cooling, includes filters and controls",17.575,,rs-means,Unit,181201,,,,,,,,,,,,1.0,1.0
759,FanCoilDX,"Fan coil A.C., direct expansion for use w/air cooled condensing unit, 7.5 ton cooling, includes filters and controls",26.3625,,rs-means,Unit,181202,,,,,,,,,,,,1.0,1.0
760,FanCoilDX,"Fan coil A.C., direct expansion for use w/air cooled condensing unit, 10 ton cooling, includes filters and controls",35.15,,rs-means,Unit,181203,,,,,,,,,,,,1.0,1.0
761,FanCoilDX,"Fan coil A.C., direct expansion for use w/air cooled condensing unit, 12.5 ton cooling, includes filters and controls",43.9375,,rs-means,Unit,181204,,,,,,,,,,,,1.0,1.0
762,FanCoilDX,"Fan coil A.C., direct expansion for use w/air cooled condensing unit, 15 ton cooling, includes filters and controls",52.725,,rs-means,Unit,181205,,,,,,,,,,,,1.0,1.0
763,FanCoilDX,"Fan coil A.C., direct expansion for use w/air cooled condensing unit, 20 ton cooling, includes filters and controls",70.3,,rs-means,Unit,181206,,,,,,,,,,,,1.0,1.0
764,FanCoilDX,"Fan coil A.C., direct expansion for use w/air cooled condensing unit, 25 ton cooling, includes filters and controls",87.875,,rs-means,Unit,181207,,,,,,,,,,,,1.0,1.0
765,FanCoilDX,"Fan coil A.C., direct expansion for use w/air cooled condensing unit, 30 ton cooling, includes filters and controls",105.45,,rs-means,Unit,181208,,,,,,,,,,,,1.0,1.0
766,FanCoil,"Fan coil unit, chilled water, horizontal unit, housing, 2 pipe, .5 ton cooling, includes filters and fan speed control, excludes valves",1.7585,,rs-means,Unit,181209,,,,,,,,,,,,1.0,1.0
767,FanCoil,"Fan coil unit, chilled water, horizontal unit, housing, 2 pipe, 1 ton cooling, includes filters and fan speed control, excludes valves",3.517,,rs-means,Unit,181209,,,,,,,,,,,,1.0,1.0
768,FanCoil,"Fan coil unit, chilled water, horizontal unit, housing, 2 pipe, 1.5 ton cooling, includes filters and fan speed control, excludes valves",5.2755,,rs-means,Unit,181210,,,,,,,,,,,,1.0,1.0
769,FanCoil,"Fan coil unit, chilled water, horizontal unit, housing, 2 pipe, 2 ton cooling, includes filters and fan speed control, excludes valves",7.034,,rs-means,Unit,181211,,,,,,,,,,,,1.0,1.0
770,FanCoil,"Fan coil unit, chilled water, horizontal unit, housing, 2 pipe, 3 ton cooling, includes filters and fan speed control, excludes valves",10.551,,rs-means,Unit,181212,,,,,,,,,,,,1.0,1.0
771,FanCoil,"Fan coil unit, chilled water, horizontal unit, housing, 2 pipe, 3.5 ton cooling, includes filters and fan speed control, excludes valves",12.3095,,rs-means,Unit,181213,,,,,,,,,,,,1.0,1.0
772,FanCoil,"Fan coil unit, chilled water, horizontal unit, housing, 2 pipe, 4 ton cooling, includes filters and fan speed control, excludes valves",14.068,,rs-means,Unit,181214,,,,,,,,,,,,1.0,1.0
773,FanCoil,"Fan coil unit, chilled water, horizontal unit, housing, 2 pipe, 5 ton cooling, includes filters and fan speed control, excludes valves",17.585,,rs-means,Unit,181215,,,,,,,,,,,,1.0,1.0
774,FanCoil,"Fan coil unit, chilled water, horizontal unit, housing, 2 pipe, 6 ton cooling, includes filters and fan speed control, excludes valves",21.102,,rs-means,Unit,181216,,,,,,,,,,,,1.0,1.0
775,FanCoil,"Fan coil unit, chilled water, horizontal unit, housing, 2 pipe, 7 ton cooling, includes filters and fan speed control, excludes valves",24.619,,rs-means,Unit,181217,,,,,,,,,,,,1.0,1.0
776,FanCoil,"Fan coil unit, chilled water, horizontal unit, housing, 2 pipe, 8 ton cooling, includes filters and fan speed control, excludes valves",28.136,,rs-means,Unit,181218,,,,,,,,,,,,1.0,1.0
777,FanCoil,"Fan coil unit, chilled water, horizontal unit, housing, 2 pipe, 10 ton cooling, includes filters and fan speed control, excludes valves",35.17,,rs-means,Unit,181219,,,,,,,,,,,,1.0,1.0
778,FanCoil,"Fan coil unit, chilled water, horizontal unit, housing, 2 pipe, 12.5 ton cooling, includes filters and fan speed control, excludes valves",43.9625,,rs-means,Unit,181220,,,,,,,,,,,,1.0,1.0
779,FanCoil,"Fan coil unit, chilled water, horizontal unit, housing, 2 pipe, 15 ton cooling, includes filters and fan speed control, excludes valves",52.754999999999995,,rs-means,Unit,181221,,,,,,,,,,,,1.0,1.0
780,FanCoil,"Fan coil unit, chilled water, horizontal unit, housing, 2 pipe, 20 ton cooling, includes filters and fan speed control, excludes valves",70.34,,rs-means,Unit,181222,,,,,,,,,,,,1.0,1.0
781,FanCoil,"Fan coil unit, chilled water, horizontal unit, housing, 2 pipe, 25 ton cooling, includes filters and fan speed control, excludes valves",87.925,,rs-means,Unit,181223,,,,,,,,,,,,1.0,1.0
782,FanCoilHtgClgVent,"Fan coil with heating and cooling coils and ventilation, standard controls, 750 cfm 2 tons cooling",7.034,,rs-means,Unit,181224,,,,,,,,,,,,1.0,1.0
783,FanCoilHtgClgVent,"Fan coil with heating and cooling coils and ventilation, standard controls, 1000 cfm 2.5 tons cooling",8.7925,,rs-means,Unit,181225,,,,,,,,,,,,1.0,1.0
784,FanCoilHtgClgVent,"Fan coil with heating and cooling coils and ventilation, standard controls, 1250 cfm 3 tons cooling",10.551,,rs-means,Unit,181226,,,,,,,,,,,,1.0,1.0
785,FanCoilHtgClgVent,"Fan coil with heating and cooling coils and ventilation, standard controls, 1500 cfm 4 tons cooling",14.068,,rs-means,Unit,181227,,,,,,,,,,,,1.0,1.0
786,FanCoilHtgClgVent,"Fan coil with heating and cooling coils and ventilation, standard controls, 2000 cfm 5 tons cooling",17.585,,rs-means,Unit,181228,,,,,,,,,,,,1.0,1.0
787,FanCoilElec,"Fan coil, chilled water, electric heat, 2 pipe, 0.5 tons cooling, includes filters and fan speed control, excludes valves",1.7575,,rs-means,Unit,181229,,,,,,,,,,,,1.0,1.0
788,FanCoilElec,"Fan coil, chilled water, electric heat, 2 pipe, 0.75 tons cooling, includes filters and fan speed control, excludes valves",2.63625,,rs-means,Unit,181230,,,,,,,,,,,,1.0,1.0
789,FanCoilElec,"Fan coil, chilled water, electric heat, 2 pipe, 1 tons cooling, includes filters and fan speed control, excludes valves",3.515,,rs-means,Unit,181231,,,,,,,,,,,,1.0,1.0
790,FanCoilElec,"Fan coil, chilled water, electric heat, 2 pipe, 1.5 tons cooling, includes filters and fan speed control, excludes valves",5.2725,,rs-means,Unit,181232,,,,,,,,,,,,1.0,1.0
791,FanCoilElec,"Fan coil, chilled water, electric heat, 2 pipe, 2 tons cooling, includes filters and fan speed control, excludes valves",7.03,,rs-means,Unit,181233,,,,,,,,,,,,1.0,1.0
792,FanCoilElec,"Fan coil, chilled water, electric heat, 2 pipe, 2.5 tons cooling, includes filters and fan speed control, excludes valves",8.7875,,rs-means,Unit,181234,,,,,,,,,,,,1.0,1.0
793,FanCoilElec,"Fan coil, chilled water, electric heat, 2 pipe, 3 tons cooling, includes filters and fan speed control, excludes valves",10.545,,rs-means,Unit,181235,,,,,,,,,,,,1.0,1.0
794,FanCoilElec,"Fan coil, chilled water, electric heat, 2 pipe, 3.5 tons cooling, includes filters and fan speed control, excludes valves",12.3025,,rs-means,Unit,181236,,,,,,,,,,,,1.0,1.0
795,FanCoilElec,"Fan coil, chilled water, electric heat, 2 pipe, 4 tons cooling, includes filters and fan speed control, excludes valves",14.06,,rs-means,Unit,181237,,,,,,,,,,,,1.0,1.0
796,FanCoilElec,"Fan coil, chilled water, electric heat, 2 pipe, 5 tons cooling, includes filters and fan speed control, excludes valves",17.575,,rs-means,Unit,181238,,,,,,,,,,,,1.0,1.0
797,FanCoilElec,"Fan coil, chilled water, electric heat, 2 pipe, 6 tons cooling, includes filters and fan speed control, excludes valves",21.09,,rs-means,Unit,181239,,,,,,,,,,,,1.0,1.0
798,FanCoilElec,"Fan coil, chilled water, electric heat, 2 pipe, 7 tons cooling, includes filters and fan speed control, excludes valves",24.605,,rs-means,Unit,181240,,,,,,,,,,,,1.0,1.0
799,FanCoilElec,"Fan coil, chilled water, electric heat, 2 pipe, 8 tons cooling, includes filters and fan speed control, excludes valves",28.12,,rs-means,Unit,181241,,,,,,,,,,,,1.0,1.0
800,FanCoilElec,"Fan coil, chilled water, electric heat, 2 pipe, 10 tons cooling, includes filters and fan speed control, excludes valves",35.15,,rs-means,Unit,181242,,,,,,,,,,,,1.0,1.0
801,ElecDuct,"Electric duct heaters  480V 3ph, finned tubular insert 12 inches wide by 6 inches high",6.7,,rs-means,Unit,181243,,,,,,,,,,,,1.0,1.0
802,ElecDuct,"Electric duct heaters  480V 3ph, finned tubular insert 12 inches wide by 12 inches high",13.3,,rs-means,Unit,181244,,,,,,,,,,,,1.0,1.0
803,ElecDuct,"Electric duct heaters  480V 3ph, finned tubular insert 12 inches wide by 18 inches high",20,,rs-means,Unit,181245,,,,,,,,,,,,1.0,1.0
804,ElecDuct,"Electric duct heaters  480V 3ph, finned tubular insert 12 inches wide by 24 inches high",26.7,,rs-means,Unit,181246,,,,,,,,,,,,1.0,1.0
805,ElecDuct,"Electric duct heaters  480V 3ph, finned tubular insert 12 inches wide by 30 inches high",33.3,,rs-means,Unit,181247,,,,,,,,,,,,1.0,1.0
807,,"Hydronic heating, terminal units, rough-in baseboard panel and fin tube, wall hung, with supply and balance valves",,,rs-means,Unit,181248,,,,,,,,,,,,1.0,1.0
808,,"Hydronic heating, unit heater, propeller, horizontal flow, 115 V, hot water, 60Deg.F entering air, 81 MBH",,,rs-means,Unit,181249,,,,,,,,,,,,1.0,1.0
809,,"Hydronic heating, unit heater, propeller, horizontal flow, 115 V, hot water, 60Deg.F entering air, 198 MBH",,,rs-means,Unit,181250,,,,,,,,,,,,1.0,1.0
810,CondensingUnit,"Air cooled compressor, standard controls 1.5 tons",5.2755,,rs-means,Unit,181251,,,,,,,,,,,,1.0,1.0
811,CondensingUnit,"Air cooled compressor, standard controls 2 tons",7.034,,rs-means,Unit,181252,,,,,,,,,,,,1.0,1.0
812,CondensingUnit,"Air cooled compressor, standard controls 2.5 tons",8.7925,,rs-means,Unit,181253,,,,,,,,,,,,1.0,1.0
813,CondensingUnit,"Air cooled compressor, standard controls 3 tons",10.551,,rs-means,Unit,181254,,,,,,,,,,,,1.0,1.0
814,CondensingUnit,"Air cooled compressor, standard controls 3.5 tons",12.3095,,rs-means,Unit,181255,,,,,,,,,,,,1.0,1.0
815,CondensingUnit,"Air cooled compressor, standard controls 4 tons",14.068,,rs-means,Unit,181256,,,,,,,,,,,,1.0,1.0
816,CondensingUnit,"Air cooled compressor, standard controls 5 tons",17.585,,rs-means,Unit,181257,,,,,,,,,,,,1.0,1.0
817,CondensingUnit,"Air cooled compressor, standard controls 7.5 tons",26.377499999999998,,rs-means,Unit,181258,,,,,,,,,,,,1.0,1.0
818,CondensingUnit,"Air cooled compressor, standard controls 8.5 tons",29.8945,,rs-means,Unit,181259,,,,,,,,,,,,1.0,1.0
819,CondensingUnit,"Air cooled compressor, standard controls 10 tons",35.17,,rs-means,Unit,181260,,,,,,,,,,,,1.0,1.0
820,CondensingUnit,"Air cooled compressor, standard controls 12.5 tons",43.9625,,rs-means,Unit,181261,,,,,,,,,,,,1.0,1.0
821,CondensingUnit,"Air cooled compressor, standard controls 15 tons",52.754999999999995,,rs-means,Unit,181262,,,,,,,,,,,,1.0,1.0
822,CondensingUnit,"Air cooled compressor, standard controls 20 tons",70.34,,rs-means,Unit,181263,,,,,,,,,,,,1.0,1.0
823,CondensingUnit,"Air cooled compressor, standard controls 25 tons",87.925,,rs-means,Unit,181264,,,,,,,,,,,,1.0,1.0
824,CondensingUnit,"Air cooled compressor, standard controls 30 tons",105.50999999999999,,rs-means,Unit,181265,,,,,,,,,,,,1.0,1.0
825,CondensingUnit,"Air cooled compressor, standard controls 40 tons",140.68,,rs-means,Unit,181266,,,,,,,,,,,,1.0,1.0
826,CondensingUnit,"Air cooled compressor, standard controls 50 tons",175.85,,rs-means,Unit,181267,,,,,,,,,,,,1.0,1.0
827,CondensingUnit,"Air cooled compressor, standard controls 60 tons",211.01999999999998,,rs-means,Unit,181268,,,,,,,,,,,,1.0,1.0
828,CondensingUnit,"Air cooled compressor, standard controls 70 tons",246.19,,rs-means,Unit,181269,,,,,,,,,,,,1.0,1.0
829,CondensingUnit,"Air cooled compressor, standard controls 80 tons",281.36,,rs-means,Unit,181270,,,,,,,,,,,,1.0,1.0
830,CondensingUnit,"Air cooled compressor, standard controls 90 tons",316.53,,rs-means,Unit,181271,,,,,,,,,,,,1.0,1.0
831,CondensingUnit,"Air cooled compressor, standard controls 100 tons",351.7,,rs-means,Unit,181272,,,,,,,,,,,,1.0,1.0
832,ElecHeat,"Electric heater, recessed, cabinet type 120-277V, single pole",2,,rs-means,Unit,181273,,,,,,,,,,,,1.0,1.0
833,ElecHeat,"Electric heater, recessed, cabinet type 120-277V, single pole",3,,rs-means,Unit,181274,,,,,,,,,,,,1.0,1.0
834,ElecHeat,"Electric heater, recessed, cabinet type 120-277V, single pole",4,,rs-means,Unit,181275,,,,,,,,,,,,1.0,1.0
835,ElecHeat,"Electric heater, recessed, cabinet type 120-277V, single pole",5,,rs-means,Unit,181276,,,,,,,,,,,,1.0,1.0
836,ElecHeat,"Electric heater, recessed, cabinet type 120-277V, single pole",6,,rs-means,Unit,181277,,,,,,,,,,,,1.0,1.0
837,ElecHeat,"Electric heater, recessed, cabinet type 120-277V, single pole",8,,rs-means,Unit,181278,,,,,,,,,,,,1.0,1.0
838,ElecHeat,"Electric heater, recessed, cabinet type 120-277V, single pole",10,,rs-means,Unit,181279,,,,,,,,,,,,1.0,1.0
839,ElecHeat,"Electric heater, recessed, cabinet type 120-277V, single pole",12,,rs-means,Unit,181280,,,,,,,,,,,,1.0,1.0
840,ElecHeat,"Electric heater, recessed, cabinet type 120-277V, single pole",13.5,,rs-means,Unit,181281,,,,,,,,,,,,1.0,1.0
841,ElecHeat,"Electric heater, recessed, cabinet type 120-277V, single pole",16,,rs-means,Unit,181282,,,,,,,,,,,,1.0,1.0
842,ElecHeat,"Electric heater, recessed, cabinet type 120-277V, single pole",20,,rs-means,Unit,181283,,,,,,,,,,,,1.0,1.0
843,ElecHeat,"Electric heater, recessed, cabinet type 120-277V, single pole",24,,rs-means,Unit,181284,,,,,,,,,,,,1.0,1.0
845,ElectricBaseboard,"Electric heating, baseboard heater, 935 watt, 5' long",,,rs-means,Unit,181285,,,,,,,,,,,,1.0,1.0
846,ElectTrace,"Electric heating, heat trace system, 400 degree, 115 V, 5 watts per LF",,,rs-means,Unit,181286,,,,,,,,,,,,1.0,1.0
847,ElecUnitHeater,"Electric heating, unit heater, heavy duty, three phase, 208-240 volt, 5 kW, includes fan & mounting bracket",,,rs-means,Unit,181287,,,,,,,,,,,,1.0,1.0
848,Wiring,"Wire, copper, solid, 600 volt, #14, type THWN-THHN, in raceway",14,,rs-means,Unit,191288,CLF,,,,,,,,,,,1.0,1.0
849,Wiring,"Wire, copper, solid, 600 volt, #12, type THWN-THHN, in raceway",12,,rs-means,Unit,190216,CLF,,,,,,,,,,,1.0,1.0
850,Wiring,"Wire, copper, solid, 600 volt, #10, type THWN-THHN, in raceway",10,,rs-means,Unit,190217,CLF,,,,,,,,,,,1.0,1.0
851,Conduit,"Intermediate metal conduit, 1"" diameter, to 15' high, incl 2 terminations, 2 elbows, 11 beam clamps, and 11 couplings per 100 LF",,,rs-means,Unit,191289,L.F.,,,,,,,,,,,1.0,1.0
852,Box,"Outlet boxes, pressed steel, concrete, set flush, 4"" deep",4,,rs-means,Unit,190219,,,,,,,,,,,,1.0,1.0
853,Box,"Outlet boxes, pressed steel, concrete, plate, incl 3/8"" stud",1,,rs-means,Unit,190220,,,,,,,,,,,,1.0,1.0
854,T-stat,"Thermostat, residential, hook-up, using low voltage wire, heating only, 25' of #18-3",,,rs-means,Unit,191290,,,,,,,,,,,,1.0,1.0
859,TanklessGas,"Tankless water heater, gas/propane, 3.2 gpm (US), excludes venting",3.2,Gas,rs-means,Unit,181291,,,,,,,,,,,,1.0,1.0
860,TanklessGas,"Tankless water heater, gas/propane, 6.4 gpm (US), excludes venting",6.4,Gas,rs-means,Unit,181292,,,,,,,,,,,,1.0,1.0
861,TanklessGas,"Tankless water heater, gas/propane, 8.4 gpm (US), excludes venting",8.4,Gas,rs-means,Unit,181293,,,,,,,,,,,,1.0,1.0
862,TanklessGas,"Tankless water heater, gas/propane, 9.5 gpm (US), excludes venting",9.5,Gas,rs-means,Unit,181294,,,,,,,,,,,,1.0,1.0
863,TanklessElec,"Tankless water heater, electric, 6 gallon (US)",6,E,rs-means,Unit,181295,,,,,,,,,,,,1.0,1.0
864,TanklessElec,"Tankless water heater, electric, 10 gallon (US)",10,E,rs-means,Unit,181296,,,,,,,,,,,,1.0,1.0
865,TanklessElec,"Tankless water heater, electric, 15 gallon (US)",15,E,rs-means,Unit,181297,,,,,,,,,,,,1.0,1.0
866,TanklessElec,"Tankless water heater, electric, 20 gallon (US)",20,E,rs-means,Unit,181298,,,,,,,,,,,,1.0,1.0
867,TanklessElec,"Tankless water heater, electric, 30 gallon (US)",30,E,rs-means,Unit,181299,,,,,,,,,,,,1.0,1.0
868,WaterResElec,"Residential water heater, electric, single element, 10 gallon (US)",10,E,rs-means,Unit,181300,,,,,,,,,,,,1.0,1.0
869,WaterResElec,"Residential water heater, electric, single element, 20 gallon (US)",20,E,rs-means,Unit,181301,,,,,,,,,,,,1.0,1.0
870,WaterResElec,"Residential water heater, electric, double element, 30 gallon (US)",30,E,rs-means,Unit,181302,,,,,,,,,,,,1.0,1.0
871,WaterResElec,"Residential water heater, electric, double element, 40 gallon (US)",40,E,rs-means,Unit,181303,,,,,,,,,,,,1.0,1.0
872,WaterResElec,"Residential water heater, electric, double element, 52 gallon (US)",52,E,rs-means,Unit,181304,,,,,,,,,,,,1.0,1.0
873,WaterResElec,"Residential water heater, electric, double element, 66 gallon (US)",66,E,rs-means,Unit,181305,,,,,,,,,,,,1.0,1.0
874,WaterResElec,"Residential water heater, electric, double element, 80 gallon (US)",80,E,rs-means,Unit,181306,,,,,,,,,,,,1.0,1.0
875,WaterResElec,"Residential water heater, electric, double element, 120 gallon (US)",120,E,rs-means,Unit,181307,,,,,,,,,,,,1.0,1.0
876,WaterResGas,"Residential atmospheric water heater, gas 30 gallon (US) excludes vent",30,Gas,rs-means,Unit,181308,,,,,,,,,,,,1.0,1.0
877,WaterResGas,"Residential atmospheric water heater, gas 40 gallon (US) excludes vent",40,Gas,rs-means,Unit,181309,,,,,,,,,,,,1.0,1.0
878,WaterResGas,"Residential atmospheric water heater, gas 50 gallon (US) excludes vent",50,Gas,rs-means,Unit,181310,,,,,,,,,,,,1.0,1.0
879,WaterResGas,"Residential atmospheric water heater, gas 60 gallon (US) excludes vent",60,Gas,rs-means,Unit,181311,,,,,,,,,,,,1.0,1.0
880,WaterResGas,"Residential atmospheric water heater, gas 75 gallon (US) excludes vent",75,Gas,rs-means,Unit,181312,,,,,,,,,,,,1.0,1.0
881,WaterResGas,"Residential atmospheric water heater, gas 100 gallon (US) excludes vent",100,Gas,rs-means,Unit,181313,,,,,,,,,,,,1.0,1.0
882,WaterResOil,"Residential Oil fired water heater, 30 gallon (US) excludes vent",30,Oil,rs-means,Unit,181314,,,,,,,,,,,,1.0,1.0
883,WaterResOil,"Residential Oil fired water heater, 50 gallon (US) excludes vent",50,Oil,rs-means,Unit,181315,,,,,,,,,,,,1.0,1.0
884,WaterResOil,"Residential Oil fired water heater, 70 gallon (US) excludes vent",70,Oil,rs-means,Unit,181316,,,,,,,,,,,,1.0,1.0
885,WaterElec,"Commercial electric water heater, 100F degree rise, 9 kW, 37 gph (US), 208 V, 50 gallon (US)",9,50,rs-means,Unit,181317,,,,,,,,,,,,1.0,1.0
886,WaterElec,"Commercial electric water heater, 100F degree rise, 36 kW, 148 gph (US), 208 V, 50 gallon (US)",36,50,rs-means,Unit,181318,,,,,,,,,,,,1.0,1.0
887,WaterElec,"Commercial electric water heater, 100F degree rise, 12 kW, 49 gph (US), 208 V, 80 gallon (US)",12,80,rs-means,Unit,181319,,,,,,,,,,,,1.0,1.0
888,WaterElec,"Commercial electric water heater, 100F degree rise, 36 kW, 148 gph (US), 208 V, 80 gallon (US)",36,80,rs-means,Unit,181320,,,,,,,,,,,,1.0,1.0
889,WaterElec,"Commercial electric water heater, 100F degree rise, 36 kW, 148 gph (US), 208 V, 100 gallon (US)",36,100,rs-means,Unit,181321,,,,,,,,,,,,1.0,1.0
890,WaterElec,"Commercial electric water heater, 100F degree rise, 36 kW, 148 gph (US), 208 V, 120 gallon (US)",36,120,rs-means,Unit,181322,,,,,,,,,,,,1.0,1.0
891,WaterElec,"Commercial electric water heater, 100F degree rise, 15 kW, 61 gph (US), 480 V, 150 gallon (US)",15,150,rs-means,Unit,181323,,,,,,,,,,,,1.0,1.0
892,WaterElec,"Commercial electric water heater, 100F degree rise, 120 kW, 490 gph (US), 480 V, 150 gallon (US)",120,150,rs-means,Unit,181324,,,,,,,,,,,,1.0,1.0
893,WaterElec,"Commercial electric water heater, 100F degree rise, 15 kW, 61 gph (US), 480 V, 200 gallon (US)",15,200,rs-means,Unit,181325,,,,,,,,,,,,1.0,1.0
894,WaterElec,"Commercial electric water heater, 100F degree rise, 120 kW, 490 gph (US), 480 V, 200 gallon (US)",120,200,rs-means,Unit,181326,,,,,,,,,,,,1.0,1.0
895,WaterElec,"Commercial electric water heater, 100F degree rise, 15 kW, 61 gph (US), 480 V, 250 gallon (US)",15,250,rs-means,Unit,181327,,,,,,,,,,,,1.0,1.0
896,WaterElec,"Commercial electric water heater, 100F degree rise, 150 kW, 615 gph (US), 480 V, 250 gallon (US)",150,250,rs-means,Unit,181328,,,,,,,,,,,,1.0,1.0
897,WaterElec,"Commercial electric water heater, 100F degree rise, 30 kW, 123 gph (US), 480 V, 300 gallon (US)",30,300,rs-means,Unit,181329,,,,,,,,,,,,1.0,1.0
898,WaterElec,"Commercial electric water heater, 100F degree rise, 180 kW, 738 gph (US), 480 V, 300 gallon (US)",180,300,rs-means,Unit,181330,,,,,,,,,,,,1.0,1.0
899,WaterElec,"Commercial electric water heater, 100F degree rise, 30 kW, 123 gph (US), 480 V, 350 gallon (US)",30,350,rs-means,Unit,181331,,,,,,,,,,,,1.0,1.0
900,WaterElec,"Commercial electric water heater, 100F degree rise, 180 kW, 738 gph (US), 480 V, 350 gallon (US)",180,350,rs-means,Unit,181332,,,,,,,,,,,,1.0,1.0
901,WaterElec,"Commercial electric water heater, 100F degree rise, 30 kW, 123 gph (US), 480 V, 400 gallon (US)",30,400,rs-means,Unit,181333,,,,,,,,,,,,1.0,1.0
902,WaterElec,"Commercial electric water heater, 100F degree rise, 180 kW, 860 gph (US), 480 V, 400 gallon (US)",210,400,rs-means,Unit,181334,,,,,,,,,,,,1.0,1.0
903,WaterElec,"Commercial electric water heater, 100F degree rise, 30 kW, 123 gph (US), 480 V, 500 gallon (US)",30,500,rs-means,Unit,181335,,,,,,,,,,,,1.0,1.0
904,WaterElec,"Commercial electric water heater, 100F degree rise, 240 kW, 984 gph (US), 480 V, 500 gallon (US)",240,500,rs-means,Unit,181336,,,,,,,,,,,,1.0,1.0
905,WaterElec,"Commercial electric water heater, 100F degree rise, 30 kW, 123 gph (US), 480 V, 600 gallon (US)",30,600,rs-means,Unit,181337,,,,,,,,,,,,1.0,1.0
906,WaterElec,"Commercial electric water heater, 100F degree rise, 300 kW, 1230 gph (US), 480 V, 600 gallon (US)",300,600,rs-means,Unit,181338,,,,,,,,,,,,1.0,1.0
907,WaterElec,"Commercial electric water heater, 100F degree rise, 30 kW, 123 gph (US), 480 V, 700 gallon (US)",30,700,rs-means,Unit,181339,,,,,,,,,,,,1.0,1.0
908,WaterElec,"Commercial electric water heater, 100F degree rise, 300 kW, 1230 gph (US), 480 V, 700 gallon (US)",300,700,rs-means,Unit,181340,,,,,,,,,,,,1.0,1.0
909,WaterElec,"Commercial electric water heater, 100F degree rise, 60 kW, 245 gph (US), 480 V, 800 gallon (US)",60,800,rs-means,Unit,181341,,,,,,,,,,,,1.0,1.0
910,WaterElec,"Commercial electric water heater, 100F degree rise, 300 kW, 1230 gph (US), 480 V, 800 gallon (US)",300,800,rs-means,Unit,181342,,,,,,,,,,,,1.0,1.0
911,WaterElec,"Commercial electric water heater, 100F degree rise, 60 kW, 245 gph (US), 480 V, 1000 gallon (US)",60,1000,rs-means,Unit,181343,,,,,,,,,,,,1.0,1.0
912,WaterElec,"Commercial electric water heater, 100F degree rise, 480 kW, 1970 gph (US), 480 V, 1000 gallon (US)",480,1000,rs-means,Unit,181344,,,,,,,,,,,,1.0,1.0
913,WaterElec,"Commercial electric water heater, 100F degree rise, 60 kW, 245 gph (US), 480 V, 1200 gallon (US)",60,1200,rs-means,Unit,181345,,,,,,,,,,,,1.0,1.0
914,WaterElec,"Commercial electric water heater, 100F degree rise, 480 kW, 1970 gph (US), 480 V, 1200 gallon (US)",480,1200,rs-means,Unit,181346,,,,,,,,,,,,1.0,1.0
915,WaterElec,"Commercial electric water heater, 100F degree rise, 60 kW, 245 gph (US), 480 V, 1500 gallon (US)",60,1500,rs-means,Unit,181347,,,,,,,,,,,,1.0,1.0
916,WaterElec,"Commercial electric water heater, 100F degree rise, 480 kW, 1970 gph (US), 480 V, 1500 gallon (US)",480,1500,rs-means,Unit,181348,,,,,,,,,,,,1.0,1.0
917,WaterGas,"Commercial gas water heater, 22 kW, 73 gph (US), excludes vent",22,,rs-means,Unit,181349,,,,,,,,,,,,1.0,1.0
918,WaterGas,"Commercial gas water heater, 29 kW, 95 gph (US), excludes vent",29,,rs-means,Unit,181350,,,,,,,,,,,,1.0,1.0
919,WaterGas,"Commercial gas water heater, 35 kW, 110 gph (US), excludes vent",35,,rs-means,Unit,181351,,,,,,,,,,,,1.0,1.0
920,WaterGas,"Commercial gas water heater, 35 kW, 115 gph (US), excludes vent",35,,rs-means,Unit,181352,,,,,,,,,,,,1.0,1.0
921,WaterGas,"Commercial gas water heater, 41 kW, 130 gph (US), excludes vent",41,,rs-means,Unit,181353,,,,,,,,,,,,1.0,1.0
922,WaterGas,"Commercial gas water heater, 45 kW, 150 gph (US), excludes vent",45,,rs-means,Unit,181354,,,,,,,,,,,,1.0,1.0
923,WaterGas,"Commercial gas water heater, 53 kW, 170 gph (US), excludes vent",53,,rs-means,Unit,181355,,,,,,,,,,,,1.0,1.0
924,WaterGas,"Commercial gas water heater, 59 kW, 192 gph (US), excludes vent",59,,rs-means,Unit,181356,,,,,,,,,,,,1.0,1.0
925,WaterGas,"Commercial gas water heater, 73 kW, 245 gph (US), excludes vent",73,,rs-means,Unit,181357,,,,,,,,,,,,1.0,1.0
926,WaterGas,"Commercial gas water heater, 76 kW, 250 gph (US), excludes vent",76,,rs-means,Unit,181358,,,,,,,,,,,,1.0,1.0
927,WaterGas,"Commercial gas water heater, 106 kW, 360 gph (US), excludes vent",106,,rs-means,Unit,181359,,,,,,,,,,,,1.0,1.0
928,WaterGas,"Commercial gas water heater, 147 kW, 480 gph (US), excludes vent",147,,rs-means,Unit,181360,,,,,,,,,,,,1.0,1.0
929,WaterGas,"Commercial gas water heater, 212 kW, 690 gph (US), excludes vent",212,,rs-means,Unit,181361,,,,,,,,,,,,1.0,1.0
930,WaterOil,"Commerical oil-fired water heater, 41 kW, 135 gph (US), 140 gallons (US)",41,140,rs-means,Unit,181362,,,,,,,,,,,,1.0,1.0
931,WaterOil,"Commerical oil-fired water heater, 58 kW, 191 gph (US), 140 gallons (US)",58,140,rs-means,Unit,181363,,,,,,,,,,,,1.0,1.0
932,WaterOil,"Commerical oil-fired water heater, 75 kW, 247 gph (US), 140 gallons (US)",75,140,rs-means,Unit,181364,,,,,,,,,,,,1.0,1.0
933,WaterOil,"Commerical oil-fired water heater, 79 kW, 259 gph (US), 140 gallons (US)",79,140,rs-means,Unit,181365,,,,,,,,,,,,1.0,1.0
934,WaterOil,"Commerical oil-fired water heater, 117 kW, 384 gph (US), 140 gallons (US)",117,140,rs-means,Unit,181366,,,,,,,,,,,,1.0,1.0
935,WaterOil,"Commerical oil-fired water heater, 158 kW, 519 gph (US), 140 gallons (US)",158,140,rs-means,Unit,181367,,,,,,,,,,,,1.0,1.0
936,WaterOil,"Commerical oil-fired water heater, 211 kW, 691 gph (US), 140 gallons (US)",211,140,rs-means,Unit,181368,,,,,,,,,,,,1.0,1.0
937,WaterOil,"Commerical oil-fired water heater, 88 kW, 288 gph (US), 221 gallons (US)",88,221,rs-means,Unit,181369,,,,,,,,,,,,1.0,1.0
938,WaterOil,"Commerical oil-fired water heater,175.8 kW, 576 gph (US), 221 gallons (US)",175.8,221,rs-means,Unit,181370,,,,,,,,,,,,1.0,1.0
939,WaterOil,"Commerical oil-fired water heater, 234.4 kW, 768 gph (US), 221 gallons (US)",234.4,221,rs-means,Unit,181371,,,,,,,,,,,,1.0,1.0
940,WaterOil,"Commerical oil-fired water heater, 292 kW, 960 gph (US), 201 gallons (US)",293,201,rs-means,Unit,181372,,,,,,,,,,,,1.0,1.0
941,WaterOil,"Commerical oil-fired water heater, 366 kW, 1200 gph (US), 201 gallons (US)",366,201,rs-means,Unit,181373,,,,,,,,,,,,1.0,1.0
942,WaterOil,"Commerical oil-fired water heater, 440 kW, 1441 gph (US), 201 gallons (US)",440,201,rs-means,Unit,181374,,,,,,,,,,,,1.0,1.0
943,WaterOil,"Commerical oil-fired water heater, 175.8 kW, 576 gph (US), 411 gallons (US)",175.8,411,rs-means,Unit,181375,,,,,,,,,,,,1.0,1.0
944,WaterOil,"Commerical oil-fired water heater, 234 kW, 768 gph (US), 411 gallons (US)",234,411,rs-means,Unit,181376,,,,,,,,,,,,1.0,1.0
945,WaterOil,"Commerical oil-fired water heater, 293 kW, 960 gph (US), 411 gallons (US)",293,411,rs-means,Unit,181377,,,,,,,,,,,,1.0,1.0
946,WaterOil,"Commerical oil-fired water heater, 366 kW, 1200 gph (US), 411 gallons (US)",366,411,rs-means,Unit,181378,,,,,,,,,,,,1.0,1.0
947,WaterOil,"Commerical oil-fired water heater, 440 kW, 1441 gph (US), 397 gallons (US)",440,397,rs-means,Unit,181379,,,,,,,,,,,,1.0,1.0
948,WaterOil,"Commerical oil-fired water heater, 513 kW, 1681 gph (US), 397 gallons (US)",513,397,rs-means,Unit,181380,,,,,,,,,,,,1.0,1.0
949,WaterOil,"Commerical oil-fired water heater, 586 kW, 1921 gph (US), 397 gallons (US)",586,397,rs-means,Unit,181381,,,,,,,,,,,,1.0,1.0
950,WaterOil,"Commerical oil-fired water heater, 659 kW, 2161 gph (US), 375 gallons (US)",659,375,rs-means,Unit,181382,,,,,,,,,,,,1.0,1.0
951,WaterOil,"Commerical oil-fired water heater, 732.5 kW, 2401 gph (US), 375 gallons (US)",732.5,375,rs-means,Unit,181383,,,,,,,,,,,,1.0,1.0
952,Airtowaterhp,"Air to water heat pump, single package, excludes storage tank, 35.5 MBH water heating, 2.3 ton cooling air",10.404022991199087,8.0887619,rs-means,Unit,181384,each,,,,,,,,,,,1.0,1.0
953,Airtowaterhp,"Air to water heat pump, single package, excludes storage tank, 58 MBH water heating, 3.8 ton cooling air",16.998122070128087,13.364041399999998,rs-means,Unit,181385,each,,,,,,,,,,,1.0,1.0
954,Airtowaterhp,"Air to water heat pump, single package, excludes storage tank, 76 MBH water heating, 4.9 ton cooling air",22.273401333271284,17.2325797,rs-means,Unit,181386,each,,,,,,,,,,,1.0,1.0
955,Airtowaterhp,"Air to water heat pump, single package, excludes storage tank, 98 MBH water heating, 6.5 ton cooling air",28.720964877112973,22.8595445,rs-means,Unit,181387,each,,,,,,,,,,,1.0,1.0
956,Airtowaterhp,"Air to water heat pump, single package, excludes storage tank, 113 MBH water heating, 7.4 ton cooling air",33.1170309297323,26.0247122,rs-means,Unit,181388,each,,,,,,,,,,,1.0,1.0
957,Airtowaterhp,"Air to water heat pump, single package, excludes storage tank, 142 MBH water heating, 9.2 ton cooling air",41.61609196479635,32.3550476,rs-means,Unit,181389,each,,,,,,,,,,,1.0,1.0
958,Airtowaterhp,"Air to water heat pump, single package, excludes storage tank, 171 MBH water heating, 11.1 ton cooling air",50.11515299986039,39.037068299999994,rs-means,Unit,181390,each,,,,,,,,,,,1.0,1.0
959,ERV,Packaged ERV wheel with controls,1000,,rs-means,Unit,181391,each,,,,,,,,,,,1.0,1.0
960,ERV,Packaged ERV wheel with controls,2000,,rs-means,Unit,181392,each,,,,,,,,,,,1.0,1.0
961,ERV,Packaged ERV wheel with controls,4000,,rs-means,Unit,181393,each,,,,,,,,,,,1.0,1.0
962,ERV,Packaged ERV wheel with controls,6000,,rs-means,Unit,181394,each,,,,,,,,,,,1.0,1.0
963,ERV,Packaged ERV wheel with controls,8000,,rs-means,Unit,181395,each,,,,,,,,,,,1.0,1.0
964,ERV,Packaged ERV wheel with controls,10000,,rs-means,Unit,181396,each,,,,,,,,,,,1.0,1.0
965,ERV,Packaged ERV wheel with controls,20000,,rs-means,Unit,181397,each,,,,,,,,,,,1.0,1.0
966,ERV,Packaged ERV wheel with controls,25000,,rs-means,Unit,181398,each,,,,,,,,,,,1.0,1.0
967,ERV,Packaged ERV wheel with controls,30000,,rs-means,Unit,181399,each,,,,,,,,,,,1.0,1.0
968,ERV,Packaged ERV wheel with controls,40000,,rs-means,Unit,181400,each,,,,,,,,,,,1.0,1.0
969,ERV,Packaged ERV wheel with controls,50000,,rs-means,Unit,181401,each,,,,,,,,,,,1.0,1.0
970,HeatPipe,"Air to Air Heat Pipe Heat Exchanger, Glycol, 50% efficient, 100 MBTUH (29 kW)",1700,,rs-means,Unit,181402,each,,,,,,,,,,,1.0,1.0
971,HeatPipe,"Air to Air Heat Pipe Heat Exchanger, Glycol, 50% efficient, 160 MBTUH (47 kW)",2700,,rs-means,Unit,181403,each,,,,,,,,,,,1.0,1.0
972,HeatPipe,"Air to Air Heat Pipe Heat Exchanger, Glycol, 50% efficient, 620 MBTUH (182 kW)",4000,,rs-means,Unit,181404,each,,,,,,,,,,,1.0,1.0
973,ValvesGate,"Valves, bronze, gate, non-rising stem, threaded, class 150, 1/4""",0.25,,rs-means,Unit,181405,each,,,,,,,,,,,1.0,1.0
974,ValvesGate,"Valves, bronze, gate, non-rising stem, threaded, class 150, 3/8""",0.33,,rs-means,Unit,181406,each,,,,,,,,,,,1.0,1.0
975,ValvesGate,"Valves, bronze, gate, non-rising stem, threaded, class 150, 1/2""",0.5,,rs-means,Unit,181407,each,,,,,,,,,,,1.0,1.0
976,ValvesGate,"Valves, bronze, gate, non-rising stem, threaded, class 150, 2.5""",2.5,,rs-means,Unit,181408,each,,,,,,,,,,,1.0,1.0
977,ValvesGate,"Valves, bronze, gate, non-rising stem, threaded, class 150, 3""",3,,rs-means,Unit,181409,each,,,,,,,,,,,1.0,1.0
978,Shutoff,"Valve, brass, ball, shut-off with a union connection, threaded with strainer (diameter in inches)",0.5,,rs-means,Unit,181410,each,,,,,,,,,,,1.0,1.0
979,Shutoff,"Valve, brass, ball, shut-off with a union connection, threaded with strainer (diameter in inches)",0.75,,rs-means,Unit,181411,each,,,,,,,,,,,1.0,1.0
980,Shutoff,"Valve, brass, ball, shut-off with a union connection, threaded with strainer (diameter in inches)",1,,rs-means,Unit,181412,each,,,,,,,,,,,1.0,1.0
981,Shutoff,"Valve, brass, ball, shut-off with a union connection, threaded with strainer (diameter in inches)",1.25,,rs-means,Unit,181413,each,,,,,,,,,,,1.0,1.0
982,Shutoff,"Valve, brass, ball, shut-off with a union connection, threaded with strainer (diameter in inches)",1.5,,rs-means,Unit,181414,each,,,,,,,,,,,1.0,1.0
983,Shutoff,"Valve, brass, ball, shut-off with a union connection, threaded with strainer (diameter in inches)",2,,rs-means,Unit,181415,each,,,,,,,,,,,1.0,1.0
984,PipeInsulation,"Insulation, pipe covering (price copper tube one size less than I.P.S.), fiberglass with all service jacket, 1"" wall, 1/2"" iron pipe size",0.5,,rs-means,Unit,181416,L.F.,,,,,,,,,,,1.0,1.0
985,FlexPipe,"Stainless steel braided, threaded on both ends ( 12 inches long, diameter in inches) ",0.5,,rs-means,Unit,181417,each,,,,,,,,,,,1.0,1.0
986,FlexPipe,"Stainless steel braided, threaded on both ends ( 12 inches long, diameter in inches) ",0.75,,rs-means,Unit,181418,each,,,,,,,,,,,1.0,1.0
987,FlexPipe,"Stainless steel braided, threaded on both ends ( 12 inches long, diameter in inches) ",1,,rs-means,Unit,181419,each,,,,,,,,,,,1.0,1.0
988,FlexPipe,"Stainless steel braided, threaded on both ends ( 12 inches long, diameter in inches) ",1.25,,rs-means,Unit,181420,each,,,,,,,,,,,1.0,1.0
989,CopperPipeTee,"Tee, copper, wrought, copper x copper, 1/2""",0.5,,rs-means,Unit,181421,each,,,,,,,,,,,1.0,1.0
990,SteelPipeElbow,"Elbow, 90 Deg., steel, malleable iron, black, straight, threaded, 150 lb., 3""",3,,rs-means,Unit,181422,each,,,,,,,,,,,1.0,1.0
991,SteelPipeElbow,"Elbow, 90 Deg., steel, malleable iron, black, straight, threaded, 150 lb., 3-1/2""",3.5,,rs-means,Unit,181423,each,,,,,,,,,,,1.0,1.0
992,SteelPipeElbow,"Elbow, 90 Deg., steel, malleable iron, black, straight, threaded, 150 lb., 4""",4,,rs-means,Unit,181424,each,,,,,,,,,,,1.0,1.0
993,SteelPipeTee,"Tee, steel, malleable iron, black, straight, threaded, 150 lb., 1/2""",0.5,,rs-means,Unit,181425,each,,,,,,,,,,,1.0,1.0
994,SteelPipeTee,"Tee, steel, malleable iron, black, straight, threaded, 150 lb., 3""",3,,rs-means,Unit,181426,each,,,,,,,,,,,1.0,1.0
995,SteelPipeTee,"Tee, steel, malleable iron, black, straight, threaded, 150 lb., 3-1/2""",3.5,,rs-means,Unit,181427,each,,,,,,,,,,,1.0,1.0
996,SteelPipeTee,"Tee, steel, malleable iron, black, straight, threaded, 150 lb., 4""",4,,rs-means,Unit,181428,each,,,,,,,,,,,1.0,1.0
997,SteelPipeTeeRed,"Tee, steel, malleable iron, black, reducing on the outlet, threaded, 150 lb., 1/5""",0.5,,rs-means,Unit,181429,each,,,,,,,,,,,1.0,1.0
998,SteelPipeTeeRed,"Tee, steel, malleable iron, black, reducing on the outlet, threaded, 150 lb., 1-1/4""",1.25,,rs-means,Unit,181430,each,,,,,,,,,,,1.0,1.0
999,SteelPipeTeeRed,"Tee, steel, malleable iron, black, reducing on the outlet, threaded, 150 lb., 1-1/2""",1.5,,rs-means,Unit,181431,each,,,,,,,,,,,1.0,1.0
1000,SteelPipeTeeRed,"Tee, steel, malleable iron, black, reducing on the outlet, threaded, 150 lb., 2-1/2""",2.5,,rs-means,Unit,181432,each,,,,,,,,,,,1.0,1.0
1001,SteelPipeTeeRed,"Tee, steel, malleable iron, black, reducing on the outlet, threaded, 150 lb., 3""",3,,rs-means,Unit,181433,each,,,,,,,,,,,1.0,1.0
1002,SteelPipeTeeRed,"Tee, steel, malleable iron, black, reducing on the outlet, threaded, 150 lb., 3-1/2""",3.5,,rs-means,Unit,181434,each,,,,,,,,,,,1.0,1.0
1003,SteelPipeTeeRed,"Tee, steel, malleable iron, black, reducing on the outlet, threaded, 150 lb., 4""",4,,rs-means,Unit,181435,each,,,,,,,,,,,1.0,1.0
1004,SteelPipeRed,"Reducer, steel, malleable iron, black, concentric, threaded, 150 lb., 1/2""",0.5,,rs-means,Unit,181436,each,,,,,,,,,,,1.0,1.0
1005,SteelPipeRed,"Reducer, steel, malleable iron, black, concentric, threaded, 150 lb., 1""",1,,rs-means,Unit,181437,each,,,,,,,,,,,1.0,1.0
1006,SteelPipeRed,"Reducer, steel, malleable iron, black, concentric, threaded, 150 lb., 1-1/2""",1.5,,rs-means,Unit,181438,each,,,,,,,,,,,1.0,1.0
1007,SteelPipeRed,"Reducer, steel, malleable iron, black, concentric, threaded, 150 lb., 2-1/2""",2.5,,rs-means,Unit,181439,each,,,,,,,,,,,1.0,1.0
1008,SteelPipeRed,"Reducer, steel, malleable iron, black, concentric, threaded, 150 lb., 3""",3,,rs-means,Unit,181440,each,,,,,,,,,,,1.0,1.0
1009,SteelPipeRed,"Reducer, steel, malleable iron, black, concentric, threaded, 150 lb., 3-1/2""",3.5,,rs-means,Unit,181441,each,,,,,,,,,,,1.0,1.0
1010,SteelPipeRed,"Reducer, steel, malleable iron, black, concentric, threaded, 150 lb., 4""",4,,rs-means,Unit,181442,each,,,,,,,,,,,1.0,1.0
1011,SteelPipeCap,"Cap, steel, malleable iron, black, threaded, 150 lb., 1/2""",0.5,,rs-means,Unit,181443,each,,,,,,,,,,,1.0,1.0
1012,SteelPipeCap,"Cap, steel, malleable iron, black, threaded, 150 lb., 1""",1,,rs-means,Unit,181444,each,,,,,,,,,,,1.0,1.0
1013,SteelPipeCap,"Cap, steel, malleable iron, black, threaded, 150 lb., 1-1/2""",1.5,,rs-means,Unit,181445,each,,,,,,,,,,,1.0,1.0
1014,SteelPipeCap,"Cap, steel, malleable iron, black, threaded, 150 lb., 2""",2,,rs-means,Unit,181446,each,,,,,,,,,,,1.0,1.0
1015,SteelPipeUnion,"Union, steel, malleable iron, black, with brass seat, threaded, 150 lb., 1/2""",0.5,,rs-means,Unit,181447,each,,,,,,,,,,,1.0,1.0
1016,SteelPipeUnion,"Union, steel, malleable iron, black, with brass seat, threaded, 150 lb., 3""",3,,rs-means,Unit,181448,each,,,,,,,,,,,1.0,1.0
1017,CSteelElbow,"Elbow, 90 Deg., steel, carbon steel, black, long radius, butt weld, standard weight, 3/4"" pipe size, includes 1 weld per joint and weld machine",0.75,,rs-means,Unit,181449,each,,,,,,,,,,,1.0,1.0
1018,CSteelElbow,"Elbow, 90 Deg., steel, carbon steel, black, long radius, butt weld, standard weight, 1"" pipe size, includes 1 weld per joint and weld machine",1,,rs-means,Unit,181450,each,,,,,,,,,,,1.0,1.0
1019,CSteelElbow,"Elbow, 90 Deg., steel, carbon steel, black, long radius, butt weld, standard weight, 1-1/2"" pipe size, includes 1 weld per joint and weld machine",1.5,,rs-means,Unit,181451,each,,,,,,,,,,,1.0,1.0
1020,CSteelElbow,"Elbow, 90 Deg., steel, carbon steel, black, long radius, butt weld, standard weight, 2"" pipe size, includes 1 weld per joint and weld machine",2,,rs-means,Unit,181452,each,,,,,,,,,,,1.0,1.0
1021,CSteelElbow,"Elbow, 90 Deg., steel, carbon steel, black, long radius, butt weld, standard weight, 3"" pipe size, includes 1 weld per joint and weld machine",3,,rs-means,Unit,181453,each,,,,,,,,,,,1.0,1.0
1022,CSteelRed,"Reducer, steel, carbon steel, black, eccentric, butt weld, standard weight, 2"" pipe size, includes 1 weld per joint and weld machine",2,,rs-means,Unit,181454,each,,,,,,,,,,,1.0,1.0
1023,CSteelRed,"Reducer, steel, carbon steel, black, eccentric, butt weld, standard weight, 3"" pipe size, includes 1 weld per joint and weld machine",3,,rs-means,Unit,181455,each,,,,,,,,,,,1.0,1.0
1024,CSteelRed,"Reducer, steel, carbon steel, black, eccentric, butt weld, standard weight, 4"" pipe size, includes 1 weld per joint and weld machine",4,,rs-means,Unit,181456,each,,,,,,,,,,,1.0,1.0
1025,CSteelTee,"Tee, steel, carbon steel, black, reducing on the outlet, butt weld, standard weight, 3"" x 2-1/2"" pipe size, includes 1 weld per joint and weld machine",3,,rs-means,Unit,181457,each,,,,,,,,,,,1.0,1.0
1026,CSteelTee,"Tee, steel, carbon steel, black, reducing on the outlet, butt weld, standard weight, 4"" x 3"" pipe size, includes 1 weld per joint and weld machine",4,,rs-means,Unit,181458,each,,,,,,,,,,,1.0,1.0
1027,CSteelNozzle,"Nozzle, steel, T-O-L, weld-on, 1"" pipe size, includes 1 weld per joint and weld machine",1,,rs-means,Unit,181459,each,,,,,,,,,,,1.0,1.0
1028,CSteelNozzle,"Nozzle, steel, T-O-L, weld-on, 1-1/4"" pipe size, includes 1 weld per joint and weld machine",1.25,,rs-means,Unit,181460,each,,,,,,,,,,,1.0,1.0
1029,CSteelNozzle,"Nozzle, steel, T-O-L, weld-on, 1-1/2"" pipe size, includes 1 weld per joint and weld machine",1.5,,rs-means,Unit,181461,each,,,,,,,,,,,1.0,1.0
1030,CSteelNozzle,"Nozzle, steel, T-O-L, weld-on, 2"" pipe size, includes 1 weld per joint and weld machine",2,,rs-means,Unit,181462,each,,,,,,,,,,,1.0,1.0
1031,CSteelNozzle,"Nozzle, steel, T-O-L, weld-on, 2-1/2"" pipe size, includes 1 weld per joint and weld machine",2.5,,rs-means,Unit,181463,each,,,,,,,,,,,1.0,1.0
1032,CSteelNozzle,"Nozzle, steel, T-O-L, weld-on, 4"" pipe size, includes 1 weld per joint and weld machine",4,,rs-means,Unit,181464,each,,,,,,,,,,,1.0,1.0
1033,SteelFlange,"Flange, steel, forged steel, weld neck, 150 lb., 1/2"" pipe size, includes 1 weld per joint and weld machine",0.5,,rs-means,Unit,181465,each,,,,,,,,,,,1.0,1.0
1034,SteelFlange,"Flange, steel, forged steel, weld neck, 150 lb., 3/4"" pipe size, includes 1 weld per joint and weld machine",0.75,,rs-means,Unit,181466,each,,,,,,,,,,,1.0,1.0
1035,SteelFlange,"Flange, steel, forged steel, weld neck, 150 lb., 1"" pipe size, includes 1 weld per joint and weld machine",1,,rs-means,Unit,181467,each,,,,,,,,,,,1.0,1.0
1036,SteelFlange,"Flange, steel, forged steel, weld neck, 150 lb., 1-1/4"" pipe size, includes 1 weld per joint and weld machine",1.25,,rs-means,Unit,181468,each,,,,,,,,,,,1.0,1.0
1037,SteelFlange,"Flange, steel, forged steel, weld neck, 150 lb., 1-1/2"" pipe size, includes 1 weld per joint and weld machine",1.5,,rs-means,Unit,181469,each,,,,,,,,,,,1.0,1.0
1038,SteelFlange,"Flange, steel, forged steel, weld neck, 150 lb., 2"" pipe size, includes 1 weld per joint and weld machine",2,,rs-means,Unit,181470,each,,,,,,,,,,,1.0,1.0
1039,SteelFlange,"Flange, steel, forged steel, weld neck, 150 lb., 3"" pipe size, includes 1 weld per joint and weld machine",3,,rs-means,Unit,181471,each,,,,,,,,,,,1.0,1.0
1040,Strainers,"Strainer, Y type, bronze body, flanged, 150 lb., 4"" pipe size, flanged",4,,rs-means,Unit,181472,each,,,,,,,,,,,1.0,1.0
1041,CircuitSetter,"Circuit setter balance valve, bronze body, threaded, 3"" pipe size",3,,rs-means,Unit,181473,each,,,,,,,,,,,1.0,1.0
1042,DuctInsulation,"Duct thermal insulation, blanket type, fiberglass, flexible, FSK vapor barrier wrap, .75 lb. density, 2"" thick",2,,rs-means,Unit,181474,ft2,,,,,,,,,,,1.0,1.0
1043,DuctInsulation,"Duct thermal insulation, blanket type, fiberglass, flexible, FSK vapor barrier wrap, .75 lb. density, 3"" thick",3,,rs-means,Unit,181475,ft2,,,,,,,,,,,1.0,1.0
1044,DuctInsulation,"Duct thermal insulation, blanket type, fiberglass, flexible, FSK vapor barrier wrap, .75 lb. density, 4"" thick",4,,rs-means,Unit,181476,ft2,,,,,,,,,,,1.0,1.0
1045,Ductwork-S,4 inches galvanized steel 26 ga,4,,rs-means,Unit,181477,L.F.,,,,,,,,,,,1.0,1.0
1046,Ductwork-S,5 inches galvanized steel 26 ga,5,,rs-means,Unit,181478,L.F.,,,,,,,,,,,1.0,1.0
1047,Ductwork-S,6 inches galvanized steel 26 ga,6,,rs-means,Unit,181479,L.F.,,,,,,,,,,,1.0,1.0
1048,Ductwork-S,7 inches galvanized steel 26 ga,7,,rs-means,Unit,181480,L.F.,,,,,,,,,,,1.0,1.0
1049,Ductwork-S,8 inches galvanized steel 26 ga,8,,rs-means,Unit,181481,L.F.,,,,,,,,,,,1.0,1.0
1050,Ductwork-S,10 inches galvanized steel 26 ga,10,,rs-means,Unit,181482,L.F.,,,,,,,,,,,1.0,1.0
1051,Ductwork-S,12 inches galvanized steel 26 ga,12,,rs-means,Unit,181483,L.F.,,,,,,,,,,,1.0,1.0
1052,Ductwork-S,14 inches galvanized steel 26 ga,14,,rs-means,Unit,181484,L.F.,,,,,,,,,,,1.0,1.0
1053,Ductwork-S,16 inches galvanized steel 26 ga,16,,rs-means,Unit,181485,L.F.,,,,,,,,,,,1.0,1.0
1054,Ductwork-S,18 inches galvanized steel 26 ga,18,,rs-means,Unit,181486,L.F.,,,,,,,,,,,1.0,1.0
1055,Ductwork-S,20 inches galvanized steel 26 ga,20,,rs-means,Unit,181487,L.F.,,,,,,,,,,,1.0,1.0
1056,Ductwork-S,22 inches galvanized steel 26 ga,22,,rs-means,Unit,181488,L.F.,,,,,,,,,,,1.0,1.0
1057,Ductwork-S,24 inches galvanized steel 26 ga,24,,rs-means,Unit,181489,L.F.,,,,,,,,,,,1.0,1.0
1058,Ductwork-S,30 inches galvanized steel 26 ga,30,,rs-means,Unit,181490,L.F.,,,,,,,,,,,1.0,1.0
1059,Ductwork-S,36 inches galvanized steel 26 ga,36,,rs-means,Unit,181491,L.F.,,,,,,,,,,,1.0,1.0
1060,Ductwork-Fitting,Round collar fitting without damper,8,,rs-means,Unit,181492,each,,,,,,,,,,,1.0,1.0
1061,DHWPump,Recirculating DHW Pump (in watts),187,,rs-means,Unit,181493,each,,,,,,,,,,,1.0,1.0
1062,ConvectCopper,"hot water convector 1 inch copper tube, aluminum fins ",1,,rs-means,Unit,181494,LF,,,,,,,,,,,1.0,1.0
1063,ConvectCopper,"hot water convector 1.25 in copper tube, aluminum fins",1.25,,rs-means,Unit,181495,LF,,,,,,,,,,,1.0,1.0
1064,ConvectSteel,"hot water convector 1.25 in. steel tube, steel fins 10 inch high with damper",1.25,,rs-means,Unit,181496,LF,,,,,,,,,,,1.0,1.0
1065,ConvectSteel,"hot water convector 2 in. steel tube, steel fins 10 inch high with damper",2,,rs-means,Unit,181497,LF,,,,,,,,,,,1.0,1.0
1066,outsidebox,12 x 12 x 6 NEMA weathertight pull box ,,,rs-means,Unit,191498,,,,,,,,,,,,1.0,1.0
1067,PTAC,"Wall Sleeve cabinet type with thermostat and controls 208V  8800 BTUH (2.6 kW) heat, 6000 BTUH (1.76 kW) cooling",1.76,,rs-means,Unit,181499,each,,,,,,,,,,,1.0,1.0
1068,PTAC,"Wall Sleeve cabinet type with thermostat and controls 208V  13900 BTUH (4.1 kW) heat, 9000 BTUH  (2.63 kW) cooling",2.63,,rs-means,Unit,181500,each,,,,,,,,,,,1.0,1.0
1069,PTAC,"Wall Sleeve cabinet type with thermostat and controls 208V 13900 BTUH (4.1 kW) heat, 12000 BTUH (3.52 kW) cooling",3.52,,rs-means,Unit,181501,each,,,,,,,,,,,1.0,1.0
1070,PTAC,"Wall Sleeve cabinet type with thermostat and controls 208V 13900 BTUH (4.1 kW) heat, 15000 BTUH (4.4 kW) cooling",4.4,,rs-means,Unit,181502,each,,,,,,,,,,,1.0,1.0
1071,PTAC,"Wall Sleeve cabinet type with thermostat and controls 208V  34400 BTUH (10 kW) heat, 18000 BTUH (5.28 kW) cooling",5.28,,rs-means,Unit,181503,each,,,,,,,,,,,1.0,1.0
1072,PTAC,"Wall Sleeve cabinet type with thermostat and controls 208V  34400 BTUH (10 kW) heat, 24000 BTUH (7.03 kW) cooling",7.03,,rs-means,Unit,181504,each,,,,,,,,,,,1.0,1.0
1073,PTAC,"Wall Sleeve cabinet type with thermostat and controls 208V  34400 BTUH (10 kW) heat, 30000 BTUH (8.79 kW) cooling",8.79,,rs-means,Unit,181505,each,,,,,,,,,,,1.0,1.0
1074,PTAC,"Wall Sleeve cabinet type with thermostat and controls 208V  34400 BTUH (10 kW) heat, 36000 BTUH (10.55 kW) cooling",10.55,,rs-means,Unit,181506,each,,,,,,,,,,,1.0,1.0
1075,PTAC,"Wall Sleeve cabinet type with thermostat and controls 208V  34400 BTUH (10 kW) heat, 42000 BTUH (12.31 kW) cooling",12.31,,rs-means,Unit,181507,each,,,,,,,,,,,1.0,1.0
1076,PTAC,"Wall Sleeve cabinet type with thermostat and controls 208V  34400 BTUH (10 kW) heat, 48000 BTUH (14.07 kW) cooling",14.07,,rs-means,Unit,181508,each,,,,,,,,,,,1.0,1.0
1077,hotwateruh,"vertical unit heater hot water, propeller fan, 115V, 60F entering air 8 MBH",2.344,,rs-means,Unit,181509,each,,,,,,,,,,,1.0,1.0
1078,hotwateruh,"vertical unit heater hot water, propeller fan, 115V, 60F entering air 12 MBH",3.516,,rs-means,Unit,181510,each,,,,,,,,,,,1.0,1.0
1079,hotwateruh,"vertical unit heater hot water, propeller fan, 115V, 60F entering air 16 MBH",4.688,,rs-means,Unit,181511,each,,,,,,,,,,,1.0,1.0
1080,hotwateruh,"vertical unit heater hot water, propeller fan, 115V, 60F entering air 30 MBH",8.79,,rs-means,Unit,181512,each,,,,,,,,,,,1.0,1.0
1081,hotwateruh,"vertical unit heater hot water, propeller fan, 115V, 60F entering air 43 MBH",12.598999999999998,,rs-means,Unit,181513,each,,,,,,,,,,,1.0,1.0
1082,hotwateruh,"vertical unit heater hot water, propeller fan, 115V, 60F entering air 57 MBH",16.701,,rs-means,Unit,181514,each,,,,,,,,,,,1.0,1.0
1083,hotwateruh,"vertical unit heater hot water, propeller fan, 115V, 60F entering air 68 MBH",19.924,,rs-means,Unit,181515,each,,,,,,,,,,,1.0,1.0
1084,hotwateruh,"vertical unit heater hot water, propeller fan, 115V, 60F entering air 105 MBH",30.764999999999997,,rs-means,Unit,181516,each,,,,,,,,,,,1.0,1.0
1085,hotwateruh,"vertical unit heater hot water, propeller fan, 115V, 60F entering air 123 MBH",36.038999999999994,,rs-means,Unit,181517,each,,,,,,,,,,,1.0,1.0
1086,hotwateruh,"vertical unit heater hot water, propeller fan, 115V, 60F entering air 140 MBH",41.019999999999996,,rs-means,Unit,181518,each,,,,,,,,,,,1.0,1.0
1087,hotwateruh,"vertical unit heater hot water, propeller fan, 115V, 60F entering air 156 MBH",45.708,,rs-means,Unit,181519,each,,,,,,,,,,,1.0,1.0
1088,hotwateruh,"vertical unit heater hot water, propeller fan, 115V, 60F entering air 210 MBH",61.529999999999994,,rs-means,Unit,181520,each,,,,,,,,,,,1.0,1.0
1089,hotwateruh,"vertical unit heater hot water, propeller fan, 115V, 60F entering air 223 MBH",65.339,,rs-means,Unit,181521,each,,,,,,,,,,,1.0,1.0
1090,hotwateruh,"vertical unit heater hot water, propeller fan, 115V, 60F entering air 257 MBH",75.301,,rs-means,Unit,181522,each,,,,,,,,,,,1.0,1.0
1091,VFD,"VFD motor Controllers Enclosed NEMA 1, 460V  3 HP motor size (units in  watts)",2237.1000000000004,,rs-means,Unit,191523,each,,,,,,,,,,,1.0,1.0
1092,VFD,"VFD motor Controllers Enclosed NEMA 1, 460V  5 HP motor size (units in watts)",3728.5,,rs-means,Unit,191524,each,,,,,,,,,,,1.0,1.0
1093,VFD,"VFD motor Controllers Enclosed NEMA 1, 460V  7.5 HP motor size (units in  watts)",5592.75,,rs-means,Unit,191525,each,,,,,,,,,,,1.0,1.0
1094,VFD,"VFD motor Controllers Enclosed NEMA 1, 460V  10 HP motor size (units in watts)",7457,,rs-means,Unit,191526,each,,,,,,,,,,,1.0,1.0
1095,VFD,"VFD motor Controllers Enclosed NEMA 1, 460V  15 HP motor size (units in watts)",11185.5,,rs-means,Unit,191527,each,,,,,,,,,,,1.0,1.0
1096,VFD,"VFD motor Controllers Enclosed NEMA 1, 460V  20 HP motor size (units in watts)",14914,,rs-means,Unit,191528,each,,,,,,,,,,,1.0,1.0
1097,VFD,"VFD motor Controllers Enclosed NEMA 1, 460V  25 HP motor size (units in watts)",18642.5,,rs-means,Unit,191529,each,,,,,,,,,,,1.0,1.0
1098,VFD,"VFD motor Controllers Enclosed NEMA 1, 460V  30 HP motor size (units in watts)",22371,,rs-means,Unit,191530,each,,,,,,,,,,,1.0,1.0
1099,VFD,"VFD motor Controllers Enclosed NEMA 1, 460V  40 HP motor size (units in watts)",29828,,rs-means,Unit,191531,each,,,,,,,,,,,1.0,1.0
1100,VFD,"VFD motor Controllers Enclosed NEMA 1, 460V  50 HP motor size (units in watts)",37285,,rs-means,Unit,191532,each,,,,,,,,,,,1.0,1.0
1101,VFD,"VFD motor Controllers Enclosed NEMA 1, 460V  60 HP motor size (units in  watts)",44742,,rs-means,Unit,191533,each,,,,,,,,,,,1.0,1.0
1102,VFD,"VFD motor Controllers Enclosed NEMA 1, 460V  75 HP motor size (units in  watts)",55927.5,,rs-means,Unit,191534,each,,,,,,,,,,,1.0,1.0
1103,VFD,"VFD motor Controllers Enclosed NEMA 1, 460V  100 HP motor size (units in watts)",74570,,rs-means,Unit,191535,each,,,,,,,,,,,1.0,1.0
1104,VFD,"VFD motor Controllers Enclosed NEMA 1, 460V  125 HP motor size (units in  watts)",93212.5,,rs-means,Unit,191536,each,,,,,,,,,,,1.0,1.0
1105,VFD,"VFD motor Controllers Enclosed NEMA 1, 460V  150 HP motor size (units in  watts)",111855,,rs-means,Unit,191537,each,,,,,,,,,,,1.0,1.0
1106,VFD,"VFD motor Controllers Enclosed NEMA 1, 460V  200 HP motor size (units in  watts)",149140,,rs-means,Unit,191538,each,,,,,,,,,,,1.0,1.0
1107,WINAC,"Window air conditioner 15 amp, 125V 5000 BTU",1465,,rs-means,Unit,181539,each,,,,,,,,,,,1.0,1.0
1108,WINAC,"Window air conditioner 15 amp, 125V 6000 BTU",1758,,rs-means,Unit,181540,each,,,,,,,,,,,1.0,1.0
1109,WINAC,"Window air conditioner 15 amp, 125V 8000 BTU",2344,,rs-means,Unit,181541,each,,,,,,,,,,,1.0,1.0
1110,WINAC,"Window air conditioner 15 amp, 125V 10000 BTU",2930,,rs-means,Unit,181542,each,,,,,,,,,,,1.0,1.0
1111,WINAC,"Window air conditioner 15 amp, 125V 12000 BTU",3516,,rs-means,Unit,181543,each,,,,,,,,,,,1.0,1.0
1112,SplitSZWall,Split ductless wall mount single zone cooling only 0.75 ton,2637,,rs-means,Unit,181544,each,,,,,,,,,,,1.0,1.0
1113,SplitSZWall,Split ductless wall mount single zone cooling only 1 ton,3516,,rs-means,Unit,181545,each,,,,,,,,,,,1.0,1.0
1114,SplitSZWall,Split ductless wall mount single zone cooling only 1.5 ton,5274,,rs-means,Unit,181546,each,,,,,,,,,,,1.0,1.0
1115,SplitSZWall,Split ductless wall mount single zone cooling only 2 ton,7032,,rs-means,Unit,181547,each,,,,,,,,,,,1.0,1.0
1116,SplitSZCeiling,Split ductless ceiling mount single zone cooling only 2 ton,7032,,rs-means,Unit,181548,each,,,,,,,,,,,1.0,1.0
1117,SplitSZCeiling,Split ductless ceiling mount single zone cooling only 3 ton,10548,,rs-means,Unit,181549,each,,,,,,,,,,,1.0,1.0
1118,Plug,Receptacle 15 amp 120V grounded,15,,rs-means,Unit,191550,each,,,,,,,,,,,1.0,1.0
1119,Plug,Receptacle 20 amp 120V grounded,20,,rs-means,Unit,191551,each,,,,,,,,,,,1.0,1.0
1120,Pvpanel,150 watt panel,150,poly,rs-means,Unit,191552,each,,,,,,,,,,,1.0,1.0
1121,inverter24,24 volt inverter 3000 watt,3,,rs-means,Unit,191553,each,,,,,,,,,,,1.0,1.0
1122,inverter24,24 volt inverter 4000 watt,4,,rs-means,Unit,191554,each,,,,,,,,,,,1.0,1.0
1123,inverter48,48 volt inverter 4000 watts,4,,rs-means,Unit,191555,each,,,,,,,,,,,1.0,1.0
1124,inverter48,48 volt inverter 5000 watts,5,,rs-means,Unit,191556,each,,,,,,,,,,,1.0,1.0
1125,pvcombinerbox,10 lug nema combiner box,,,rs-means,Unit,191557,each,,,,,,,,,,,1.0,1.0
1126,pvbatterycharge,battery charge controller with temperature sensor,,,rs-means,Unit,191558,each,,,,,,,,,,,1.0,1.0
1127,pvdisplay,"digital readout panel hrs, volts, amps",,,rs-means,Unit,191559,each,,,,,,,,,,,1.0,1.0
1128,pvbattery,deep cycle 6V 180AH,,,rs-means,Unit,191560,each,,,,,,,,,,,1.0,1.0
1129,nibattery,deep cycle 100AH 12V 10 cells,12,,rs-means,Unit,191561,each,,,,,,,,,,,1.0,1.0
1130,nibattery,deep cycle 100AH 24V 10 cells,24,,rs-means,Unit,191562,each,,,,,,,,,,,1.0,1.0
1131,nibattery,deep cycle 100AH 48V 10 cells,48,,rs-means,Unit,191563,each,,,,,,,,,,,1.0,1.0
1132,pvbatterycable,24 AWG #2/0 sealed with copper ring lugs,,,rs-means,Unit,191564,each,,,,,,,,,,,1.0,1.0
1133,pvdisconnect,system disconnect DC 175 amp circuit breaker,,,rs-means,Unit,191565,each,,,,,,,,,,,1.0,1.0
1134,pvlowvoltdisconnect,low voltage dsconnect,,,rs-means,Unit,191566,each,,,,,,,,,,,1.0,1.0
1135,pvbox, box for pv/inverter,,,rs-means,Unit,191567,each,,,,,,,,,,,1.0,1.0
1136,pvroofrack,"rack system for 1 panel, non-penetrating ballast",,,rs-means,Unit,191568,each,,,,,,,,,,,1.0,1.0
1137,pvgroundmount,"ground mount, fixed, ballast 3 panel",3,,rs-means,Unit,191569,each,,,,,,,,,,,1.0,1.0
1138,pvgroundmount,"ground mount, fixed, ballast 4 panel",4,,rs-means,Unit,191570,each,,,,,,,,,,,1.0,1.0
1139,pvgroundmount,"ground mount, fixed, ballast 5 panel",5,,rs-means,Unit,191571,each,,,,,,,,,,,1.0,1.0
1140,pvgroundmount,"ground mount, fixed, ballast 6 panel",6,,rs-means,Unit,191572,each,,,,,,,,,,,1.0,1.0
1141,pvgroundmountadj,"ground mount, adjustable, ballast 3 panel",3,,rs-means,Unit,191573,each,,,,,,,,,,,1.0,1.0
1142,pvgroundmountadj,"ground mount, adjustable, ballast 4 panel",4,,rs-means,Unit,191574,each,,,,,,,,,,,1.0,1.0
1143,pvgroundmountadj,"ground mount, adjustable ballast 5 panel",5,,rs-means,Unit,191575,each,,,,,,,,,,,1.0,1.0
1144,pvgroundmountadj,"ground mount, adjustable, ballast 6 panel",6,,rs-means,Unit,191576,each,,,,,,,,,,,1.0,1.0
1145,pvpolemount,pv pole mount passive tracking 1 panel (pole excluded),1,,rs-means,Unit,191577,each,,,,,,,,,,,1.0,1.0
1146,pvpolemount,pv pole mount passive tracking 2 panel (pole excluded),2,,rs-means,Unit,191578,each,,,,,,,,,,,1.0,1.0
1147,pvpolemount,pv pole mount passive tracking 3 panel (pole excluded),3,,rs-means,Unit,191579,each,,,,,,,,,,,1.0,1.0
1148,pvpolemount,pv pole mount passive tracking 4 panel (pole excluded),4,,rs-means,Unit,191580,each,,,,,,,,,,,1.0,1.0
1149,pvpolemount,pv pole mount passive tracking 6 panel (pole excluded),6,,rs-means,Unit,191581,each,,,,,,,,,,,1.0,1.0
1150,pvpolemount,pv pole mount passive tracking 8 panel (pole excluded),8,,rs-means,Unit,191582,each,,,,,,,,,,,1.0,1.0
1151,pvpole,aluminum 10 ft high (exclude concrete base),10,,rs-means,Unit,191583,each,,,,,,,,,,,1.0,1.0
1152,pvpole,aluminum 16 ft high (exclude concrete base),16,,rs-means,Unit,191584,each,,,,,,,,,,,1.0,1.0
1153,pvpole,aluminum 20 ft high (exclude concrete base),20,,rs-means,Unit,191585,each,,,,,,,,,,,1.0,1.0
1154,pvpole,aluminum 30 ft high (exclude concrete base),30,,rs-means,Unit,191586,each,,,,,,,,,,,1.0,1.0
1155,pvpole,aluminum 40 ft high (exclude concrete base),40,,rs-means,Unit,191587,each,,,,,,,,,,,1.0,1.0
1156,concreteforms,single use forms,,,rs-means,Unit,041588,SFCA,,,,,,,,,,,1.0,1.0
1157,concrete,ready mix heavyweight 2000 psi,2000,,rs-means,Unit,041589,C.Y.,,,,,,,,,,,1.0,1.0
1158,concrete,ready mix heavyweight 2500 psi,2500,,rs-means,Unit,041590,C.Y.,,,,,,,,,,,1.0,1.0
1159,concrete,ready mix heavyweight 3000 psi,3000,,rs-means,Unit,040075,C.Y.,,,,,,,,,,,1.0,1.0
1160,concrete,ready mix heavyweight 3500 psi,3500,,rs-means,Unit,040132,C.Y.,,,,,,,,,,,1.0,1.0
1161,concrete,ready mix heavyweight 4000 psi,4000,,rs-means,Unit,041591,C.Y.,,,,,,,,,,,1.0,1.0
1162,concrete,ready mix heavyweight 4500 psi,4500,,rs-means,Unit,041592,C.Y.,,,,,,,,,,,1.0,1.0
1163,concrete,ready mix heavyweight 5000 psi,5000,,rs-means,Unit,041593,C.Y.,,,,,,,,,,,1.0,1.0
1164,concrete,ready mix heavyweight 6000 psi,6000,,rs-means,Unit,041594,C.Y.,,,,,,,,,,,1.0,1.0
1165,pex,1/2 in tubing (oxygen barrier type for systems with ferrous materials),0.5,,rs-means,Unit,181595,L.F.,,,,,,,,,,,1.0,1.0
1166,pex,3/4 in tubing (oxygen barrier type for systems with ferrous materials),0.75,,rs-means,Unit,181596,L.F.,,,,,,,,,,,1.0,1.0
1167,pex,1 in tubing (oxygen barrier type for systems with ferrous materials),1,,rs-means,Unit,181597,L.F.,,,,,,,,,,,1.0,1.0
1168,manifold,"1 in. 2 circuit, brass, with supply and return valves, flow meter, thermometer, drain/fill valve",2,,rs-means,Unit,181598,each,,,,,,,,,,,1.0,1.0
1169,manifold,"1 in. 3 circuit, brass, with supply and return valves, flow meter, thermometer, drain/fill valve",3,,rs-means,Unit,181599,each,,,,,,,,,,,1.0,1.0
1170,manifold,"1 in. 4 circuit, brass, with supply and return valves, flow meter, thermometer, drain/fill valve",4,,rs-means,Unit,181600,each,,,,,,,,,,,1.0,1.0
1171,manifold,"1 in. 5 circuit, brass, with supply and return valves, flow meter, thermometer, drain/fill valve",5,,rs-means,Unit,181601,each,,,,,,,,,,,1.0,1.0
1172,manifold,"1 in. 6 circuit, brass, with supply and return valves, flow meter, thermometer, drain/fill valve",6,,rs-means,Unit,181602,each,,,,,,,,,,,1.0,1.0
1173,manifold,"1 in. 7 circuit, brass, with supply and return valves, flow meter, thermometer, drain/fill valve",7,,rs-means,Unit,181603,each,,,,,,,,,,,1.0,1.0
1174,manifold,"1 in. 8 circuit, brass, with supply and return valves, flow meter, thermometer, drain/fill valve",8,,rs-means,Unit,181604,each,,,,,,,,,,,1.0,1.0
1175,manifold,"1 in. 9 circuit, brass, with supply and return valves, flow meter, thermometer, drain/fill valve",9,,rs-means,Unit,181605,each,,,,,,,,,,,1.0,1.0
1176,manifold,"1 in. 10 circuit, brass, with supply and return valves, flow meter, thermometer, drain/fill valve",10,,rs-means,Unit,181606,each,,,,,,,,,,,1.0,1.0
1177,manifold,"1 in. 11 circuit, brass, with supply and return valves, flow meter, thermometer, drain/fill valve",11,,rs-means,Unit,181607,each,,,,,,,,,,,1.0,1.0
1178,manifold,"1 in. 12 circuit, brass, with supply and return valves, flow meter, thermometer, drain/fill valve",12,,rs-means,Unit,181608,each,,,,,,,,,,,1.0,1.0
1179,radiantvalveact,thermostatic zone valve actuator,,,rs-means,Unit,181609,each,,,,,,,,,,,1.0,1.0
1180,radiantvalveactend,thermostatic zone valve actuator with end switch,,,rs-means,Unit,181610,each,,,,,,,,,,,1.0,1.0
1181,radiantmotorvalve,"motorized straight zone valve with operator, 3/4 in. connection",0.75,,rs-means,Unit,181611,,,,,,,,,,,,1.0,1.0
1182,radiantmotorvalve,"motorized straight zone valve with operator, 1 in. connection",1,,rs-means,Unit,181612,,,,,,,,,,,,1.0,1.0
1183,radiantmotorvalve,"motorized straight zone valve with operator, 1-1/4 in. connection",1.25,,rs-means,Unit,181613,,,,,,,,,,,,1.0,1.0
1184,radiantmixvalve,"4-way mixing valve, brass, manual operation 1"" connection",1,,rs-means,Unit,181614,,,,,,,,,,,,1.0,1.0
1185,radiantmixvalve,"4-way mixing valve, brass, manual operation 1-1/4"" connection",1.25,,rs-means,Unit,181615,,,,,,,,,,,,1.0,1.0
1186,radiantmixvalve,"4-way mixing valve, brass, manual operation 1-1/2"" connection",1.5,,rs-means,Unit,181616,,,,,,,,,,,,1.0,1.0
1187,radiantmixvalve,"4-way mixing valve, brass, manual operation 2"" connection",2,,rs-means,Unit,181617,,,,,,,,,,,,1.0,1.0
1188,radiantmixmotorvalve,"4-way mixing valve, brass, motorized, 1 and 1-1/4 connection",1,,rs-means,Unit,181618,,,,,,,,,,,,1.0,1.0
1189,radiantmixmotorvalve,"4-way mixing valve, brass, motorized, 1-1/2 and 2connection",1.5,,rs-means,Unit,181619,,,,,,,,,,,,1.0,1.0
1190,radiantcontrolpanel,"4 zone valve actuator control panel, expandable",4,,rs-means,Unit,181620,,,,,,,,,,,,1.0,1.0
1191,radiantcontrolpanel,"6 zone valve actuator control panel, expandable",6,,rs-means,Unit,181621,,,,,,,,,,,,1.0,1.0
1192,pexcoupler,compression type 0.5 x 0.5 inches,0.5,,rs-means,Unit,181622,,,,,,,,,,,,1.0,1.0
1193,pexcoupler,compression type 0.75 x 0.75 inches,0.75,,rs-means,Unit,181623,,,,,,,,,,,,1.0,1.0
1194,pexadapter,compression type 0.5 x female sweat 0.5,0.5,,rs-means,Unit,181624,,,,,,,,,,,,1.0,1.0
1195,pexadapter,compression type 0.5 x female sweat 0.75,0.75,,rs-means,Unit,181625,,,,,,,,,,,,1.0,1.0
1196,pexadapter,compression type 5/8 x female sweat 0.75,0.66,,rs-means,Unit,181626,,,,,,,,,,,,1.0,1.0
1197,pexelbow,compression type 0.5 x female sweat 0.5,0.5,,rs-means,Unit,181627,,,,,,,,,,,,1.0,1.0
1198,pexelbow,compression type 0.5 x female sweat 0.75,0.75,,rs-means,Unit,181628,,,,,,,,,,,,1.0,1.0
1199,pexelbow,compression type 5/8 x female sweat 0.75,0.66,,rs-means,Unit,181629,,,,,,,,,,,,1.0,1.0
1200,heattrace115,heat trace cable 115V 2.5 watts/l.f. 400 degree,2.5,,rs-means,Unit,181630,,,,,,,,,,,,1.0,1.0
1201,heattrace115,heat trace cable 115V 5 watts/l.f. 400 degree,5,,rs-means,Unit,181286,,,,,,,,,,,,1.0,1.0
1202,heattrace115,heat trace cable 115V 10 watts/l.f. 400 degree,10,,rs-means,Unit,181631,,,,,,,,,,,,1.0,1.0
1203,heattrace208,heat trace cable 208V 5 watts/l.f. 400 degree,5,,rs-means,Unit,181632,,,,,,,,,,,,1.0,1.0
1204,heattrace480,heat trace cable 480V 8 watts/l.f. 400 degree,8,,rs-means,Unit,181633,,,,,,,,,,,,1.0,1.0
1205,radiantceilingpanel,2 ft x 4 ft 500 watt ceiling panel,500,,rs-means,Unit,181634,,,,,,,,,,,,1.0,1.0
1206,radiantceilingpanel,2 ft x 4 ft 750 watt ceiling panel,750,,rs-means,Unit,181635,,,,,,,,,,,,1.0,1.0
1207,lowtempsolar,"1 collector (low temperature hot water, 4 ft x 8 ft), circulator, fittings, 65 US gallon tank, excludes connecting piping, insulation, heat exchanger and special controls)",1,,rs-means,Unit,181636,,,,,,,,,,,,1.0,1.0
1208,lowtempsolar,"2 collector (low temperature hot water, 4 ft x 8 ft), circulator, fittings, 100 US gallon tank, excludes connecting piping, insulation, heat exchanger and special controls)",2,,rs-means,Unit,181637,,,,,,,,,,,,1.0,1.0
1209,lowtempsolar,"2 collector (low temperature hot water, 4 ft x 8 ft), circulator, fittings, 120 US gallon tank, excludes connecting piping, insulation, heat exchanger and special controls)",2,,rs-means,Unit,181638,,,,,,,,,,,,1.0,1.0
1210,lowtempsolar,"3 collector (low temperature hot water, 4 ft x 8 ft), circulator, fittings, 120 US gallon tank, excludes connecting piping, insulation, heat exchanger and special controls)",3,,rs-means,Unit,181639,,,,,,,,,,,,1.0,1.0
1211,medtempsolar,"1 collector (medium temperature hot water, 4 ft x 8 ft), circulator, fittings, 80 US gallon tank, excludes connecting piping, insulation, heat exchanger and special controls)",1,,rs-means,Unit,181640,,,,,,,,,,,,1.0,1.0
1212,medtempsolar,"2 collector (medium temperature hot water, 4 ft x 8 ft), circulator, fittings, 120 US gallon tank, excludes connecting piping, insulation, heat exchanger and special controls)",2,,rs-means,Unit,181641,,,,,,,,,,,,1.0,1.0
1213,medtempsolar,"3 collector (medium temperature hot water, 4 ft x 8 ft), circulator, fittings, 80 US gallon tank, excludes connecting piping, insulation, heat exchanger and special controls)",3,,rs-means,Unit,181642,,,,,,,,,,,,1.0,1.0
1214,evactube,evacuated solar tube collectors 20 tube unit (excludes labour),20,,rs-means,Unit,181643,,,,,,,,,,,,1.0,1.0
1215,evactube,evacuated solar tube collectors 30 tube unit (excludes labour),30,,rs-means,Unit,181643,,,,,,,,,,,,1.0,1.0
1216,airblower,"air blower, 100 - 300 ft2 system 1/10 hp",300,,rs-means,Unit,181644,,,,,,,,,,,,1.0,1.0
1217,airblower,"air blower, 300 - 500 ft2 system 1/5 hp",500,,rs-means,Unit,181645,,,,,,,,,,,,1.0,1.0
1218,boosterfan,"booster fan, 6 in diameter blade, 120 cfm",120,,rs-means,Unit,181646,,,,,,,,,,,,1.0,1.0
1219,boosterfan,"booster fan, 6 in diameter blade, 225 cfm",225,,rs-means,Unit,181647,,,,,,,,,,,,1.0,1.0
1220,boosterfan,"booster fan, 8 in diameter blade, 150 cfm",150,,rs-means,Unit,181648,,,,,,,,,,,,1.0,1.0
1221,boosterfan,"booster fan, 8 in diameter blade, 310 cfm",310,,rs-means,Unit,181649,,,,,,,,,,,,1.0,1.0
1222,boosterfan,"booster fan, 8 in diameter blade, 425 cfm",425,,rs-means,Unit,181650,,,,,,,,,,,,1.0,1.0
1223,circpump,"circulator 1/25 hp, 5.3 usgpm",5.3,,rs-means,Unit,181651,,,,,,,,,,,,1.0,1.0
1224,circpump,"circulator 1/20 hp, 17 usgpm",17,,rs-means,Unit,181652,,,,,,,,,,,,1.0,1.0
1225,circpump,"circulator 1/20 hp, 17 usgpm, stainless steel",17,,rs-means,Unit,181653,,,,,,,,,,,,1.0,1.0
1226,circpump,"circulator 1/12 hp, 30 usgpm",30,,rs-means,Unit,181654,,,,,,,,,,,,1.0,1.0
1227,aircollector,"air collector with aluminum absorber plate, wall or roof mount, flat black, plastic glazing, 4 ft x 8 ft",32,,rs-means,Unit,181655,,,,,,,,,,,,1.0,1.0
1228,aircollector,"air collector with aluminum absorber plate, wall or roof mount, flat black, plastic glazing, 4 ft x 10 ft",40,,rs-means,Unit,181656,,,,,,,,,,,,1.0,1.0
1229,liqplatecollector,"liquid collector with copper absorber plate, tempered single glazing (5/32""), aluminum framing, 4 ft x 8 ft",32,,rs-means,Unit,181657,,,,,,,,,,,,1.0,1.0
1230,liqplatecollector,"liquid collector with copper absorber plate, tempered single glazing (5/32""), aluminum framing, 3 ft - 8 inches x 6 ft",22,,rs-means,Unit,181658,,,,,,,,,,,,1.0,1.0
1231,liqplatecollector,"liquid collector with copper absorber plate, tempered single glazing (5/32""), aluminum framing, 4 ft x 10 ft",40,,rs-means,Unit,181659,,,,,,,,,,,,1.0,1.0
1232,liqplatecollector,"liquid collector with copper absorber plate, tempered single glazing (5/32""), aluminum framing, 3 ft - 5 inches x 7.5 ft",26,,rs-means,Unit,181660,,,,,,,,,,,,1.0,1.0
1233,liqevaccollector,"liquid collector with vacuum tubes, tempered single glazing (5/32""), aluminum framing, 4 ft  x 6 ft - 10 inches",32,,rs-means,Unit,181661,,,,,,,,,,,,1.0,1.0
1234,mount,,,,rs-means,Unit,181662,,,,,,,,,,,,1.0,1.0
1235,freezestat,freezestat sensor,,,rs-means,Unit,181663,,,,,,,,,,,,1.0,1.0
1236,rheostat,rheostat,,,rs-means,Unit,181664,,,,,,,,,,,,1.0,1.0
1237,tempcontrol,"differential controller with 2 sensors, thermostat, hard wired",,,rs-means,Unit,181665,,,,,,,,,,,,1.0,1.0
1238,tempmonitor,"digital temperature monitoring, 4 locations",,,rs-means,Unit,181666,,,,,,,,,,,,1.0,1.0
1239,aquastat,aquastat,,,rs-means,Unit,181667,,,,,,,,,,,,1.0,1.0
1240,pressgauge,pressure gauge ,,,rs-means,Unit,181668,,,,,,,,,,,,1.0,1.0
1241,fluidairex,"fluid to air heat exchanger, 45 MBTUH (13 kW) includes coil, blower, circulator, controls, excludes piping",13,,rs-means,Unit,181669,,,,,,,,,,,,1.0,1.0
1242,fluidairex,"fluid to air heat exchanger, 70 MBTUH (20.5 kW) includes coil, blower, circulator, controls, excludes piping",20.5,,rs-means,Unit,181670,,,,,,,,,,,,1.0,1.0
1243,fluidairex,"fluid to air heat exchanger, 80 MBTUH (23.5 kW) includes coil, blower, circulator, controls, excludes piping",23.5,,rs-means,Unit,181671,,,,,,,,,,,,1.0,1.0
1244,fluidfluidex,"fluid to fluid heat exchanger package, 2 circulating pumps, expansion tank, check valve, relief valve, controller, temperature sensors, excludes piping",,,rs-means,Unit,181672,,,,,,,,,,,,1.0,1.0
1245,glycol,propylene glycol heat transfer fluid (per us gallon),,,rs-means,Unit,181673,,,,,,,,,,,,1.0,1.0
1246,solartank,"tank, galvanized steel clad, double wall, 4 in fibreglass insulation, 45 mil polypropylene lining, 4' high 4'x4'  64 ft3/450 usg",450,,rs-means,Unit,181674,,,,,,,,,,,,1.0,1.0
1247,solartank,"tank, galvanized steel clad, double wall, 4 in fibreglass insulation, 45 mil polypropylene lining, 4' high 4'x8'  128 ft3/900 usg",900,,rs-means,Unit,181675,,,,,,,,,,,,1.0,1.0
1248,solartank,"tank, galvanized steel clad, double wall, 4 in fibreglass insulation, 45 mil polypropylene lining, 4' high 4'x12'  190 ft3/1300 usg",1300,,rs-means,Unit,181676,,,,,,,,,,,,1.0,1.0
1249,solartank,"tank, galvanized steel clad, double wall, 4 in fibreglass insulation, 45 mil polypropylene lining, 4' high 8'x8'  250 ft3/1700 usg",1700,,rs-means,Unit,181677,,,,,,,,,,,,1.0,1.0
1250,solartank,"tank, galvanized steel clad, double wall, 4 in fibreglass insulation, 45 mil polypropylene lining, 6'-3"" high 7'x7'  306 ft3/2000 usg",2000,,rs-means,Unit,181678,,,,,,,,,,,,1.0,1.0
1251,solartank,"tank, galvanized steel clad, double wall, 4 in fibreglass insulation, 45 mil polypropylene lining, 6'-3"" high 7'x10' 6"" 459 ft3/3000 usg",3000,,rs-means,Unit,181679,,,,,,,,,,,,1.0,1.0
1252,solartank,"tank, galvanized steel clad, double wall, 4 in fibreglass insulation, 45 mil polypropylene lining, 6'-3"" high 7'x14'  613 ft3/4000 usg",4000,,rs-means,Unit,181680,,,,,,,,,,,,1.0,1.0
1253,solartank,"tank, galvanized steel clad, double wall, 4 in fibreglass insulation, 45 mil polypropylene lining, 6'-3"" high 10'-6'x10'-6""  689 ft3/4500 usg",4500,,rs-means,Unit,181681,,,,,,,,,,,,1.0,1.0
1254,solartank,"tank, galvanized steel clad, double wall, 4 in fibreglass insulation, 45 mil polypropylene lining, 6'-3"" high 10'-6'x14'  919 ft3/6000 usg",6000,,rs-means,Unit,181682,,,,,,,,,,,,1.0,1.0
1255,solartank,"tank, galvanized steel clad, double wall, 4 in fibreglass insulation, 45 mil polypropylene lining, 6'-3"" high 14'x14'  1225 ft3/8000 usg",8000,,rs-means,Unit,181683,,,,,,,,,,,,1.0,1.0
1256,solartank,"tank, galvanized steel clad, double wall, 4 in fibreglass insulation, 45 mil polypropylene lining, 6'-3"" high 14'x17'-6""  1531 ft3/10000 usg",10000,,rs-means,Unit,181684,,,,,,,,,,,,1.0,1.0
1257,solartank,"tank, galvanized steel clad, double wall, 4 in fibreglass insulation, 45 mil polypropylene lining, 6'-3"" high 17'-6""x17'-6""  1914 ft3/12500 usg",12500,,rs-means,Unit,181685,,,,,,,,,,,,1.0,1.0
1258,solartank,"tank, galvanized steel clad, double wall, 4 in fibreglass insulation, 45 mil polypropylene lining, 6'-3"" high 17'-6""x21  2297 ft3/15000 usg",15000,,rs-means,Unit,181686,,,,,,,,,,,,1.0,1.0
1259,solartank,"tank, galvanized steel clad, double wall, 4 in fibreglass insulation, 45 mil polypropylene lining, 6'-3"" high 21'x21'  2756 ft3/18000 usg",18000,,rs-means,Unit,181687,,,,,,,,,,,,1.0,1.0
1260,solarelectank,"tank with heat exchanger and electric element 2"" x 2 lb density insulation 66 usg",66,,rs-means,Unit,181688,,,,,,,,,,,,1.0,1.0
1261,solarelectank,"tank with heat exchanger and electric element 2"" x 2 lb density insulation 80 usg",80,,rs-means,Unit,181689,,,,,,,,,,,,1.0,1.0
1262,solarelectank,"tank with heat exchanger and electric element 2"" x 2 lb density insulation 100 usg",100,,rs-means,Unit,181690,,,,,,,,,,,,1.0,1.0
1263,solarelectank,"tank with heat exchanger and electric element 2"" x 2 lb density insulation 120 usg",120,,rs-means,Unit,181691,,,,,,,,,,,,1.0,1.0
1264,tankwrap,"1.5"" tank wrap with vinyl jacket for 60 usg water heater ",60,,rs-means,Unit,181692,,,,,,,,,,,,1.0,1.0
1265,tankwrap,"1.5"" tank wrap with vinyl jacket for 80 usg water heater ",80,,rs-means,Unit,181693,,,,,,,,,,,,1.0,1.0
1266,purge,"air purger 1"" pipe size",,,rs-means,Unit,181694,,,,,,,,,,,,1.0,1.0
1267,elimin,"air eliminator automatic 3/4"" pipe size",,,rs-means,Unit,181695,,,,,,,,,,,,1.0,1.0
1268,ventauto,"air vent automatic 1/8"" fitting",,,rs-means,Unit,181696,,,,,,,,,,,,1.0,1.0
1269,ventmanual,"air vent manual 1/8"" fitting",,,rs-means,Unit,181697,,,,,,,,,,,,1.0,1.0
1270,backflowvalve,"backflow preventer valve 1/2"" pipe size",0.5,,rs-means,Unit,181698,,,,,,,,,,,,1.0,1.0
1271,backflowvalve,"backflow preventer valve 3/4"" pipe size",0.75,,rs-means,Unit,181699,,,,,,,,,,,,1.0,1.0
1272,balancingvalve,"balancing valve 3/4"" pipe size",,,rs-means,Unit,181700,,,,,,,,,,,,1.0,1.0
1273,draindownvalve,draindown valve with 1/2 copper tube,,,rs-means,Unit,181701,,,,,,,,,,,,1.0,1.0
1274,controlvalve,"flow control valve 1/2"" pipe size",,,rs-means,Unit,181702,,,,,,,,,,,,1.0,1.0
1275,extank,expansion tank up to 5 usg,,,rs-means,Unit,181703,,,,,,,,,,,,1.0,1.0
1276,reliefvalve,"relief valve, temp and pressure, 3/4"" pipe size",,,rs-means,Unit,181704,,,,,,,,,,,,1.0,1.0
1277,solenoid,"brass solenoid valve 24V, 3/4"" NPT",0.75,,rs-means,Unit,181705,,,,,,,,,,,,1.0,1.0
1278,solenoid,"brass solenoid valve 24V, 1"" NPT",1,,rs-means,Unit,181706,,,,,,,,,,,,1.0,1.0
1279,vacvalve,"vacuum relief valve 3/4"" pipe size",,,rs-means,Unit,181707,,,,,,,,,,,,1.0,1.0
1280,ccashp,MUZ-FH06NAH (heating capacity in kW),2.55,,custom,Unit,181708,,ONTARIO,TORONTO,2017.0,1632.0,772.0,0.0,1.3,1.3,,1,1.0,1.0
1281,ccashp,MUZ-FH09NAH-1  (heating capacity in kW),3.2,,custom,Unit,181709,,ONTARIO,TORONTO,2017.0,1788.0,772.0,0.0,1.3,1.3,,1,1.0,1.0
1282,ccashp,MUZ-FH12NAH  (heating capacity in kW),3.99,,custom,Unit,181710,,ONTARIO,TORONTO,2017.0,1974.0,772.0,0.0,1.3,1.3,,1,1.0,1.0
1283,ccashp,MUZ-FH15NAH  (heating capacity in kW),5.28,,custom,Unit,181711,,ONTARIO,TORONTO,2017.0,2418.0,772.0,0.0,1.3,1.3,,1,1.0,1.0
1284,ccashp,MUZ-FH18NAH2  (heating capacity in kW),6.33,,custom,Unit,181712,,ONTARIO,TORONTO,2017.0,2784.0,772.0,0.0,1.3,1.3,,1,1.0,1.0
1285,ccashp,MXZ-2C20NAHZ2-U1  (heating capacity in kW),6.44,,custom,Unit,181713,,ONTARIO,TORONTO,2017.0,3456.0,772.0,0.0,1.3,1.3,,1,1.0,1.0
1286,ccashp,MXZ-3C24NAHZ2-U1  (heating capacity in kW),7.33,,custom,Unit,181714,,ONTARIO,TORONTO,2017.0,4806.0,772.0,0.0,1.3,1.3,,1,1.0,1.0
1287,ccashp,MXZ-3C30NAHZ2-U1  (heating capacity in kW),8.38,,custom,Unit,181715,,ONTARIO,TORONTO,2017.0,5076.0,772.0,0.0,1.3,1.3,,1,1.0,1.0
1288,ccashp,MXZ-4C36NAHZ-U1  (heating capacity in kW),13.19,,custom,Unit,181716,,ONTARIO,TORONTO,2017.0,5670.0,772.0,0.0,1.3,1.3,,1,1.0,1.0
1289,ccashp,MXZ-5C42NAHZ-U1  (heating capacity in kW),14.07,,custom,Unit,181717,,ONTARIO,TORONTO,2017.0,6847.2,772.0,0.0,1.3,1.3,,1,1.0,1.0
1290,ccashp,MXZ-8C48NAHZ  (heating capacity in kW),15.83,,custom,Unit,181718,,ONTARIO,TORONTO,2017.0,7501.2,772.0,0.0,1.3,1.3,,1,1.0,1.0
1291,ccashp_condensor,PUHY-HP72TJMU-A  (heating capacity in kW),23.45,,custom,Unit,181719,,ONTARIO,TORONTO,2017.0,18840.0,772.0,0.0,1.3,1.3,,1,1.0,1.0
1292,ccashp_condensor,PUHY-HP96TJMU-A  (heating capacity in kW),31.65,,custom,Unit,181720,,ONTARIO,TORONTO,2017.0,20569.2,772.0,0.0,1.3,1.3,,1,1.0,1.0
1293,ccashp_condensor,PUHY-HP144TSJMU-A  (heating capacity in kW),46.89,,custom,Unit,181721,,ONTARIO,TORONTO,2017.0,37974.0,772.0,0.0,1.3,1.3,,1,1.0,1.0
1294,ccashp_condensor,PUHY-HP192TSJMU-A  (heating capacity in kW),63.3,,custom,Unit,181722,,ONTARIO,TORONTO,2017.0,41432.4,772.0,0.0,1.3,1.3,,1,1.0,1.0
1295,remotecondensor,remote condensor ,,,custom,Unit,181723,,ONTARIO,TORONTO,2017.0,1425.0,385.0,0.0,1.3,1.3,,1,1.0,1.0
1296,EV_valve,daikin 1.75 ton,6.755,,custom,Unit,181724,,ONTARIO,TORONTO,2017.0,250.8,385.0,0.0,1.3,1.3,,1,1.0,1.0
1297,EV_valve,daikin 2.25 ton,8.685,,custom,Unit,181725,,ONTARIO,TORONTO,2017.0,258.4,385.0,0.0,1.3,1.3,,1,1.0,1.0
1298,EV_valve,daikin 3 ton,11.58,,custom,Unit,181726,,ONTARIO,TORONTO,2017.0,273.6,385.0,0.0,1.3,1.3,,1,1.0,1.0
1299,EV_valve,daikin 3.5 ton,13.51,,custom,Unit,181727,,ONTARIO,TORONTO,2017.0,284.24,385.0,0.0,1.3,1.3,,1,1.0,1.0
1300,EV_valve,daikin 4.5 ton,17.37,,custom,Unit,181728,,ONTARIO,TORONTO,2017.0,305.52,385.0,0.0,1.3,1.3,,1,1.0,1.0
1301,EV_valve,daikin 5 ton,19.3,,custom,Unit,181729,,ONTARIO,TORONTO,2017.0,313.12,385.0,0.0,1.3,1.3,,1,1.0,1.0
1302,EV_valve,daikin 7 ton,27.02,,custom,Unit,181730,,ONTARIO,TORONTO,2017.0,337.44,385.0,0.0,1.3,1.3,,1,1.0,1.0
1303,EV_valve,daikin 9 ton,34.74,,custom,Unit,181731,,ONTARIO,TORONTO,2017.0,361.76,385.0,0.0,1.3,1.3,,1,1.0,1.0
1304,EV_valve,daikin 10 ton,38.6,,custom,Unit,181732,,ONTARIO,TORONTO,2017.0,373.92,385.0,0.0,1.3,1.3,,1,1.0,1.0
1305,EV_valve,daikin 12 ton,46.32,,custom,Unit,181733,,ONTARIO,TORONTO,2017.0,398.24,385.0,0.0,1.3,1.3,,1,1.0,1.0
1306,EV_valve,daikin 16 ton,61.76,,custom,Unit,181734,,ONTARIO,TORONTO,2017.0,446.88,385.0,0.0,1.3,1.3,,1,1.0,1.0
1307,lowtempkit,low temperature kit 7.5-20 ton units (daikin),,,custom,Unit,181735,,ONTARIO,TORONTO,2017.0,227.1,102.0,0.0,1.3,1.3,,1,1.0,1.0
1308,refrig_piping,piping and assemblies used in refrigeration systems cost per ton,ton,,rs-means,Unit,181736,,,,,,,,,,,,1.0,1.0
1309,CondensingOilFurnace,95% AFUE 49 MBH at 1000 cfm,14.36950146627566,,rs-means,Unit,181737,,,,,,,,,,,,1.0,1.0
1310,CondensingOilFurnace,95% AFUE 73.5 MBH at 2000 cfm,21.55425219941349,,rs-means,Unit,181738,,,,,,,,,,,,1.0,1.0
1311,CondensingOilFurnace,95% AFUE 96 MBH at 2000 cfm,28.1524926686217,,rs-means,Unit,181739,,,,,,,,,,,,1.0,1.0
1312,CondensingOilFurnace,95% AFUE 115.6 MBH at 2000 cfm,33.90029325513196,,rs-means,Unit,181740,,,,,,,,,,,,1.0,1.0
1313,CondensingOilFurnace,95% AFUE 147 MBH at 2000 cfm,43.10850439882698,,rs-means,Unit,181741,,,,,,,,,,,,1.0,1.0
1314,CondensingOilFurnace,95% AFUE 192 MBH at 4000 cfm,56.3049853372434,,rs-means,Unit,181742,,,,,,,,,,,,1.0,1.0
1315,CondensingOilFurnace,95% AFUE 231.5 MBH at 4000 cfm,67.88856304985337,,rs-means,Unit,181743,,,,,,,,,,,,1.0,1.0
1316,CO-CO2sensor,,,,rs-means,Unit,181744,,,,,,,,,,,,1.0,1.0
1317,VAVboxcontroller,,,,rs-means,Unit,181745,,,,,,,,,,,,1.0,1.0
1318,Humiditycontroller,,,,rs-means,Unit,181746,,,,,,,,,,,,1.0,1.0
1319,Boilerreset,,,,rs-means,Unit,181747,,,,,,,,,,,,1.0,1.0
1320,Humidistatroomcontrol,,,,rs-means,Unit,181748,,,,,,,,,,,,1.0,1.0
1321,Humidistatroomtransmitter,,,,rs-means,Unit,181749,,,,,,,,,,,,1.0,1.0
1322,Humidistatductcontrol,,,,rs-means,Unit,181750,,,,,,,,,,,,1.0,1.0
1323,Humidistatducttransmitter,,,,rs-means,Unit,181751,,,,,,,,,,,,1.0,1.0
1324,Humiditysensor,electric operated,,,rs-means,Unit,181752,,,,,,,,,,,,1.0,1.0
1325,Pressuresensor,electric operated,,,rs-means,Unit,181753,,,,,,,,,,,,1.0,1.0
1326,Temperaturesensor,electric operated,,,rs-means,Unit,181754,,,,,,,,,,,,1.0,1.0
1327,Vent_pvc,6 inch PVC pipe straight length,6,,rs-means,Unit,181755,,,,,,,,,,,,1.0,1.0
1328,Vent_pvc_coupling,6 inch PVC coupling ,6,,rs-means,Unit,181756,,,,,,,,,,,,1.0,1.0
1329,Vent_pvc_elbow,6 inch PVC elbow,6,,rs-means,Unit,181757,,,,,,,,,,,,1.0,1.0
1330,Waterheater_power_vent,power vent (1/8 hp) fan for water heater excludes exhaust piping (fan assembly only) ,0.125,,custom,Unit,181758,,ONTARIO,TORONTO,2020.0,300.0,100.0,0.0,1.25,1.25,1.0,https://www.dhontario.com/free-venting-upgrade-for-rental-power-vented-water-heaterstorontogta/,1.0,1.0
1331,Waterheater_power_vent,power vent (1/2 hp) fan for water heater excludes exhaust piping (fan assembly only) ,0.5,,custom,Unit,181759,,ONTARIO,TORONTO,2020.0,500.0,100.0,0.0,1.25,1.25,1.0,https://www.dhontario.com/free-venting-upgrade-for-rental-power-vented-water-heaterstorontogta/,1.0,1.0
1332,Excavation_trench_1_4,"1-4 ft deep, units are cubic yard and bucket cubic yard ",0.5,,rs-means,Unit,031760,BCY,,,,,,,,,,,1.0,1.0
1333,Excavation_trench_1_4,"1-4 ft deep, units are cubic yard and bucket cubic yard ",0.75,,rs-means,Unit,031761,BCY,,,,,,,,,,,1.0,1.0
1334,Excavation_trench_4_6,"4-6 ft deep, units are cubic yard and bucket cubic yard ",0.5,,rs-means,Unit,031762,BCY,,,,,,,,,,,1.0,1.0
1335,Excavation_trench_4_6,"4-6 ft deep, units are cubic yard and bucket cubic yard ",0.75,,rs-means,Unit,031763,BCY,,,,,,,,,,,1.0,1.0
1336,Excavation_trench_4_6,"4-6 ft deep, units are cubic yard and bucket cubic yard ",1,,rs-means,Unit,031764,BCY,,,,,,,,,,,1.0,1.0
1337,Excavation_trench_4_6,"4-6 ft deep, units are cubic yard and bucket cubic yard ",1.5,,rs-means,Unit,031765,BCY,,,,,,,,,,,1.0,1.0
1338,Excavation_trench_6_10,"6-10 ft deep, units are cubic yard and bucket cubic yard ",0.75,,rs-means,Unit,031766,BCY,,,,,,,,,,,1.0,1.0
1339,Excavation_trench_6_10,"6-10 ft deep, units are cubic yard and bucket cubic yard ",1,,rs-means,Unit,031767,BCY,,,,,,,,,,,1.0,1.0
1340,Excavation_trench_6_10,"6-10 ft deep, units are cubic yard and bucket cubic yard ",1.5,,rs-means,Unit,031768,BCY,,,,,,,,,,,1.0,1.0
1341,Excavation_trench_6_10,"6-10 ft deep, units are cubic yard and bucket cubic yard ",2.5,,rs-means,Unit,031769,BCY,,,,,,,,,,,1.0,1.0
1342,Excavation_trench_10_14,"10-14 ft deep, units are cubic yard and bucket cubic yard ",0.75,,rs-means,Unit,031770,BCY,,,,,,,,,,,1.0,1.0
1343,Excavation_trench_10_14,"10-14 ft deep, units are cubic yard and bucket cubic yard ",1,,rs-means,Unit,031771,BCY,,,,,,,,,,,1.0,1.0
1344,Excavation_trench_10_14,"10-14 ft deep, units are cubic yard and bucket cubic yard ",1.5,,rs-means,Unit,031772,BCY,,,,,,,,,,,1.0,1.0
1345,Excavation_trench_10_14,"10-14 ft deep, units are cubic yard and bucket cubic yard ",2.5,,rs-means,Unit,031773,BCY,,,,,,,,,,,1.0,1.0
1346,Excavation_trench_10_14,"10-14 ft deep, units are cubic yard and bucket cubic yard ",3,,rs-means,Unit,031774,BCY,,,,,,,,,,,1.0,1.0
1347,Excavation_trench_14_30,"14-20 ft deep, units are cubic yard and bucket cubic yard ",1,,rs-means,Unit,031775,BCY,,,,,,,,,,,1.0,1.0
1348,Excavation_trench_14_30,"14-20 ft deep, units are cubic yard and bucket cubic yard ",1.5,,rs-means,Unit,031776,BCY,,,,,,,,,,,1.0,1.0
1349,Excavation_trench_14_30,"14-20 ft deep, units are cubic yard and bucket cubic yard ",2.5,,rs-means,Unit,031777,BCY,,,,,,,,,,,1.0,1.0
1350,Excavation_trench_14_30,"14-20 ft deep, units are cubic yard and bucket cubic yard ",3,,rs-means,Unit,031778,BCY,,,,,,,,,,,1.0,1.0
1351,Excavation_trench_14_30,"14-20 ft deep, units are cubic yard and bucket cubic yard ",3.5,,rs-means,Unit,031779,BCY,,,,,,,,,,,1.0,1.0
1352,Backfill ,tranch with dozer no compaction up to 300 ft haul,,,rs-means,Unit,031780,ECY,,,,,,,,,,,1.0,1.0
1353,Compaction_WalkBehind,"vibrating plate 18"" wide 6 inch lift units are passes and equivalent yards compacted",2,,rs-means,Unit,031781,ECY,,,,,,,,,,,1.0,1.0
1354,Compaction_WalkBehind,"vibrating plate 18"" wide 6 inch lift units are passes and equivalent yards compacted",3,,rs-means,Unit,031782,ECY,,,,,,,,,,,1.0,1.0
1355,Compaction_WalkBehind,"vibrating plate 18"" wide 6 inch lift units are passes and equivalent yards compacted",4,,rs-means,Unit,031783,ECY,,,,,,,,,,,1.0,1.0
1356,Ground_Rod,10 ft copper clad rod 3/4 diameter,10,,rs-means,Unit,191784,unit,,,,,,,,,,,1.0,1.0
1357,Wire_copper_solid,#14,14,,rs-means,Unit,191785,CLF,,,,,,,,,,,1.0,1.0
1358,Wire_copper_solid,#12,12,,rs-means,Unit,191786,CLF,,,,,,,,,,,1.0,1.0
1359,Wire_copper_solid,#10,10,,rs-means,Unit,191787,CLF,,,,,,,,,,,1.0,1.0
1360,Wire_copper_solid,#8,8,,rs-means,Unit,191788,CLF,,,,,,,,,,,1.0,1.0
1361,Wire_copper_solid,#6,6,,rs-means,Unit,191789,CLF,,,,,,,,,,,1.0,1.0
1362,Wire_copper_solid,#4,4,,rs-means,Unit,191790,CLF,,,,,,,,,,,1.0,1.0
1363,Wire_copper_solid,#2,2,,rs-means,Unit,191791,CLF,,,,,,,,,,,1.0,1.0
1364,Wire_copper_stranded,#8,8,,rs-means,Unit,191792,CLF,,,,,,,,,,,1.0,1.0
1365,Wire_copper_stranded,#6,6,,rs-means,Unit,191793,CLF,,,,,,,,,,,1.0,1.0
1366,Wire_copper_stranded,#4,4,,rs-means,Unit,191794,CLF,,,,,,,,,,,1.0,1.0
1367,Wire_copper_stranded,#2,2,,rs-means,Unit,191795,CLF,,,,,,,,,,,1.0,1.0
1368,Wire_copper_stranded,#1,1,,rs-means,Unit,191796,CLF,,,,,,,,,,,1.0,1.0
1369,Wire_copper_stranded,1/0,1/0,,rs-means,Unit,191797,CLF,,,,,,,,,,,1.0,1.0
1370,Wire_copper_stranded,2/0,2/0,,rs-means,Unit,191798,CLF,,,,,,,,,,,1.0,1.0
1371,Wire_copper_stranded,3/0,3/0,,rs-means,Unit,191799,CLF,,,,,,,,,,,1.0,1.0
1372,Wire_copper_stranded,4/0,4/0,,rs-means,Unit,191800,CLF,,,,,,,,,,,1.0,1.0
1373,Exo_weld,4/0 to ground rod,,,rs-means,Unit,191801,unit,,,,,,,,,,,1.0,1.0
1374,Brazed_connection,#6 wire,6,,rs-means,Unit,191802,unit,,,,,,,,,,,1.0,1.0
1375,Brazed_connection,#2 wire,2,,rs-means,Unit,191803,unit,,,,,,,,,,,1.0,1.0
1376,Brazed_connection,3/0 wire,3/0,,rs-means,Unit,191804,unit,,,,,,,,,,,1.0,1.0
1377,Brazed_connection,4/0 wire,4/0,,rs-means,Unit,191805,unit,,,,,,,,,,,1.0,1.0
1378,Transformer_dry_low_voltage,single phase 240/480 primiary 120/240 secondary units kVA,1,,rs-means,Unit,191806,unit,,,,,,,,,,,1.0,1.0
1379,Transformer_dry_low_voltage,single phase 240/480 primiary 120/240 secondary units kVA,2,,rs-means,Unit,191807,unit,,,,,,,,,,,1.0,1.0
1380,Transformer_dry_low_voltage,single phase 240/480 primiary 120/240 secondary units kVA,3,,rs-means,Unit,191808,unit,,,,,,,,,,,1.0,1.0
1381,Transformer_dry_low_voltage,single phase 240/480 primiary 120/240 secondary units kVA,5,,rs-means,Unit,191809,unit,,,,,,,,,,,1.0,1.0
1382,Transformer_dry_low_voltage,single phase 240/480 primiary 120/240 secondary units kVA,7.5,,rs-means,Unit,191810,unit,,,,,,,,,,,1.0,1.0
1383,Transformer_dry_low_voltage,single phase 240/480 primiary 120/240 secondary units kVA,10,,rs-means,Unit,191811,unit,,,,,,,,,,,1.0,1.0
1384,Transformer_dry_low_voltage,single phase 240/480 primiary 120/240 secondary units kVA,15,,rs-means,Unit,191812,unit,,,,,,,,,,,1.0,1.0
1385,Transformer_dry_low_voltage,single phase 240/480 primiary 120/240 secondary units kVA,25,,rs-means,Unit,191813,unit,,,,,,,,,,,1.0,1.0
1386,Transformer_dry_low_voltage,single phase 240/480 primiary 120/240 secondary units kVA,37.5,,rs-means,Unit,191814,unit,,,,,,,,,,,1.0,1.0
1387,Transformer_dry_low_voltage,single phase 240/480 primiary 120/240 secondary units kVA,50,,rs-means,Unit,191815,unit,,,,,,,,,,,1.0,1.0
1388,Transformer_dry_low_voltage,single phase 240/480 primiary 120/240 secondary units kVA,75,,rs-means,Unit,191816,unit,,,,,,,,,,,1.0,1.0
1389,Transformer_dry_low_voltage,single phase 240/480 primiary 120/240 secondary units kVA,100,,rs-means,Unit,191817,unit,,,,,,,,,,,1.0,1.0
1390,Transformer_dry_low_voltage,single phase 240/480 primiary 120/240 secondary units kVA,167,,rs-means,Unit,191818,unit,,,,,,,,,,,1.0,1.0
1391,Circuit_breaker600,3 pole NEMA 1 600V units are amps,30,,rs-means,Unit,191819,unit,,,,,,,,,,,1.0,1.0
1392,Circuit_breaker600,3 pole NEMA 1 600V units are amps,60,,rs-means,Unit,191820,unit,,,,,,,,,,,1.0,1.0
1393,Circuit_breaker600,3 pole NEMA 1 600V units are amps,100,,rs-means,Unit,191821,unit,,,,,,,,,,,1.0,1.0
1394,Circuit_breaker600,3 pole NEMA 1 600V units are amps,200,,rs-means,Unit,191822,unit,,,,,,,,,,,1.0,1.0
1395,Circuit_breaker600,3 pole NEMA 1 600V units are amps,400,,rs-means,Unit,191823,unit,,,,,,,,,,,1.0,1.0
1396,Circuit_breaker600,3 pole NEMA 1 600V units are amps,600,,rs-means,Unit,191824,unit,,,,,,,,,,,1.0,1.0
1397,Circuit_breaker600,3 pole NEMA 1 600V units are amps,,,rs-means,Unit,191819,unit,,,,,,,,,,,1.0,1.0
1398,Circuit_breaker600,3 pole NEMA 1 600V units are amps,,,rs-means,Unit,191819,unit,,,,,,,,,,,1.0,1.0
1399,Circuit_breaker600,3 pole NEMA 1 600V units are amps,,,rs-means,Unit,191819,unit,,,,,,,,,,,1.0,1.0
1400,Circuit_breaker600,3 pole NEMA 1 600V units are amps,,,rs-means,Unit,191819,unit,,,,,,,,,,,1.0,1.0
1401,Circuit_breaker600,3 pole NEMA 1 600V units are amps,,,rs-means,Unit,191825,unit,,,,,,,,,,,1.0,1.0
1402,Circuit_breaker240,3 pole NEMA 240V units are amps,30,,rs-means,Unit,191826,unit,,,,,,,,,,,1.0,1.0
1403,Circuit_breaker240,3 pole NEMA 240V units are amps,60,,rs-means,Unit,191827,unit,,,,,,,,,,,1.0,1.0
1404,Circuit_breaker240,3 pole NEMA 240V units are amps,100,,rs-means,Unit,191828,unit,,,,,,,,,,,1.0,1.0
1405,Circuit_breaker240,3 pole NEMA 240V units are amps,200,,rs-means,Unit,191829,unit,,,,,,,,,,,1.0,1.0
1406,Circuit_breaker240,3 pole NEMA 240V units are amps,400,,rs-means,Unit,191830,unit,,,,,,,,,,,1.0,1.0
1407,Circuit_breaker240,3 pole NEMA 240V units are amps,600,,rs-means,Unit,191831,unit,,,,,,,,,,,1.0,1.0
1414,Safety_switch,general duty 3 pole NEMA 1 fusable units are amps,30,,rs-means,Unit,191832,unit,,,,,,,,,,,1.0,1.0
1415,Safety_switch,general duty 3 pole NEMA 1 fusable units are amps,60,,rs-means,Unit,191833,unit,,,,,,,,,,,1.0,1.0
1416,Safety_switch,general duty 3 pole NEMA 1 fusable units are amps,100,,rs-means,Unit,191834,unit,,,,,,,,,,,1.0,1.0
1417,Safety_switch,general duty 3 pole NEMA 1 fusable units are amps,200,,rs-means,Unit,191835,unit,,,,,,,,,,,1.0,1.0
1418,Safety_switch,general duty 3 pole NEMA 1 fusable units are amps,400,,rs-means,Unit,191836,unit,,,,,,,,,,,1.0,1.0
1419,Safety_switch,general duty 3 pole NEMA 1 fusable units are amps,600,,rs-means,Unit,191837,unit,,,,,,,,,,,1.0,1.0
1420,fuse_250V_timedelay,dual element time delay units are amps,30,,rs-means,Unit,191838,unit,,,,,,,,,,,1.0,1.0
1421,fuse_250V_timedelay,dual element time delay units are amps,5,,rs-means,Unit,191839,unit,,,,,,,,,,,1.0,1.0
1422,fuse_250V_timedelay,dual element time delay units are amps,60,,rs-means,Unit,191840,unit,,,,,,,,,,,1.0,1.0
1423,fuse_250V_timedelay,dual element time delay units are amps,100,,rs-means,Unit,191841,unit,,,,,,,,,,,1.0,1.0
1424,fuse_250V_timedelay,dual element time delay units are amps,200,,rs-means,Unit,191842,unit,,,,,,,,,,,1.0,1.0
1425,fuse_250V_timedelay,dual element time delay units are amps,400,,rs-means,Unit,191843,unit,,,,,,,,,,,1.0,1.0
1426,fuse_250V_timedelay,dual element time delay units are amps,600,,rs-means,Unit,191844,unit,,,,,,,,,,,1.0,1.0
1427,fuse_120V,standard fuse 0.3 to 14 amp,14,,rs-means,Unit,191845,unit,,,,,,,,,,,1.0,1.0
1428,fuse_120V,standard fuse 15 to 30 amp,15,,rs-means,Unit,191846,unit,,,,,,,,,,,1.0,1.0
1429,pvpanel,Solarland 12V SLP100-12U 26.57 x 41.81 x 1.18,100,poly,custom,,191847,unit,BRITISH COLUMBIA,VANCOUVER,2020.0,224.75,35.0,0.0,1.25,1.25,1.0,www.wholesalesolar.com,1.0,1.0
1430,pvpanel,Solarland 12V SLP120-12U 26.57 x 48.98 x 1.38,120,poly,custom,,191848,unit,BRITISH COLUMBIA,VANCOUVER,2020.0,269.7,35.0,0.0,1.25,1.25,1.0,www.wholesalesolar.com,1.0,1.0
1431,pvpanel,Solarland 12V SLP175S-12 26.57 x 59.06 x 1.38,175,mono,custom,,191849,unit,BRITISH COLUMBIA,VANCOUVER,2020.0,324.0,35.0,0.0,1.25,1.25,1.0,www.wholesalesolar.com,1.0,1.0
1432,pvpanel,Heliene Black 60 cell 39.4 x 65.5 x 1.6 ,320,mono,custom,,191850,unit,BRITISH COLUMBIA,VANCOUVER,2020.0,256.0,35.0,0.0,1.25,1.25,1.0,www.wholesalesolar.com,1.0,1.0
1433,pvpanel,Panasonic Black Frame HIT 60 cell 41.5 x 62.5 x 1.6 ,325,mono,custom,,191851,unit,BRITISH COLUMBIA,VANCOUVER,2020.0,355.0,35.0,0.0,1.25,1.25,1.0,www.wholesalesolar.com,1.0,1.0
1434,pvpanel,LG NeON2 LG-335N1K-V5  Black/Black 40 x 66.4 x 1.57 ,335,mono,custom,,191852,unit,BRITISH COLUMBIA,VANCOUVER,2020.0,380.0,35.0,0.0,1.25,1.25,1.0,www.wholesalesolar.com,1.0,1.0
1435,pvpanel,Astronergy CHSM6612M Silver Mono PERC 38.98 x 76.93 x 1.57 ,365,perc,custom,,191853,unit,BRITISH COLUMBIA,VANCOUVER,2020.0,257.0,35.0,0.0,1.25,1.25,1.0,www.wholesalesolar.com,1.0,1.0
1436,pvpanel,Canadian Solar MC4 CS3k-320MS Black Mon PERC 39.1 x 65.9 x 1.38,320,perc,custom,,191854,unit,BRITISH COLUMBIA,VANCOUVER,2020.0,205.0,35.0,0.0,1.25,1.25,1.0,www.wholesalesolar.com,1.0,1.0
1437,pvpanel,Mission Solar Black Mon PERC 39.33 x 65.53 x 1.58,310,perc,custom,,191855,unit,BRITISH COLUMBIA,VANCOUVER,2020.0,259.0,35.0,0.0,1.25,1.25,1.0,www.wholesalesolar.com,1.0,1.0
1438,pvpanel,Hanwha Mono 39.4 x 65.7 x 1.26,310,mono,custom,,191856,unit,BRITISH COLUMBIA,KAMLOOPS,2020.0,269.6,35.0,0.0,1.25,1.25,1.0,www.cdnsolar.ca,1.0,1.0
1439,pvpanel,Canadian Solar CS3k-325MS Black Mon PERC 39.1 x 65.9 x 1.38,325,perc,custom,,191857,unit,BRITISH COLUMBIA,KAMLOOPS,2020.0,283.0,35.0,0.0,1.25,1.25,1.0,www.cdnsolar.ca,1.0,1.0
1440,pvpanel,Canadian Solar 72 Cell Maxpower 325 38.7 x 76.9 x 1.57,325,poly,custom,,191858,unit,ONTARIO,LONDON,2020.0,279.0,35.0,0.0,1.25,1.25,1.0,www.thesolarsupermarket.com,1.0,1.0
1441,pvpanel,Hanwha 72 Cell Quantum HSQ-340-72P 39.7  x 78.5 x 1.38,340,poly,custom,,191859,unit,ONTARIO,LONDON,2020.0,305.0,35.0,0.0,1.25,1.25,1.0,www.thesolarsupermarket.com,1.0,1.0
1442,pvpanel,Hanwha SF220-30-P225 37  x 65.04 x 1.97,220,poly,custom,,191860,unit,ONTARIO,LONDON,2020.0,170.0,35.0,0.0,1.25,1.25,1.0,www.thesolarsupermarket.com,1.0,1.0
1443,pvpanel,Heliene 36HD 26.6  x 58.6 x 1.6,160,mono,custom,,191861,unit,ONTARIO,LONDON,2020.0,263.0,35.0,0.0,1.25,1.25,1.0,www.thesolarsupermarket.com,1.0,1.0
1444,pvpanel,HES-160-36PV 26.6  x 58.3 x 1.38,160,poly,custom,,191862,unit,ONTARIO,LONDON,2020.0,259.0,35.0,0.0,1.25,1.25,1.0,www.thesolarsupermarket.com,1.0,1.0
1445,pvpanel,HES-265-60PV 39  x 64.6 x 1.36,265,poly,custom,,191863,unit,ONTARIO,LONDON,2020.0,249.0,35.0,0.0,1.25,1.25,1.0,www.thesolarsupermarket.com,1.0,1.0
1446,pvpanel,"Global Solar Energy PowerFlex+ flexible thin film (CIGS) for awnings, BIPV 19.4 x 81.4 x 0.12",100,thin,custom,,191864,unit,BRITISH COLUMBIA,VICTORIA,2019.0,399.0,35.0,0.0,1.25,1.25,1.0,www.modernoutpost.com,1.0,1.0
1447,pvpanel,"Powerfilm, Soltronic Semi-Flex with Sunpower cells, 21 x 44.5 x 0.08",100,thin,custom,,191865,unit,BRITISH COLUMBIA,VICTORIA,2019.0,649.0,35.0,0.0,1.25,1.25,1.0,www.modernoutpost.com,1.0,1.0
1448,pvpanel,"Go Power, GP-Flex - 100E, Flexible with Sunpower cells, 21.3 x 41.7 x 0.1",100,thin,custom,,191866,unit,BRITISH COLUMBIA,VICTORIA,2019.0,549.0,35.0,0.0,1.25,1.25,1.0,www.modernoutpost.com,1.0,1.0
1449,RecChillerAir,"Water chiller, reciprocating, packaged, air cooled, 20 ton cooling, includes standard controls, excludes remote air cooled condensers",70.34,,rs-means,Unit,181867,each,,,,,,,,,,,1.0,1.0
1450,RecChillerAir,"Water chiller, reciprocating, packaged, air cooled, 35 ton cooling, includes standard controls, excludes remote air cooled condensers",123.095,,rs-means,Unit,181868,each,,,,,,,,,,,1.0,1.0
1451,RecChillerAir,"Water chiller, reciprocating, packaged, air cooled, 45 ton cooling, includes standard controls, excludes remote air cooled condensers",158.265,,rs-means,Unit,181869,each,,,,,,,,,,,1.0,1.0
1452,RecChillerAir,"Water chiller, reciprocating, packaged, air cooled, 50 ton cooling, includes standard controls, excludes remote air cooled condensers",175.85,,rs-means,Unit,181103,each,,,,,,,,,,,1.0,1.0
1453,RecChillerAir,"Water chiller, reciprocating, packaged, air cooled, 85 ton cooling, includes standard controls, excludes remote air cooled condensers",298.945,,rs-means,Unit,181870,each,,,,,,,,,,,1.0,1.0
1454,RecChillerAir,"Water chiller, reciprocating, packaged, air cooled, 95 ton cooling, includes standard controls, excludes remote air cooled condensers",334.115,,rs-means,Unit,181871,each,,,,,,,,,,,1.0,1.0
1455,RecChillerWater,"Water chiller, reciprocating, multiple compressor, semi-hermetic, water cooled, 45 ton cooling, includes standard controls, excludes water tower",158.265,,rs-means,Unit,181872,each,,,,,,,,,,,1.0,1.0
1456,ScrollChillerAir,"Packaged water chiller, scroll, liquid chiller, packaged unit with integral air cooled condenser, 10 Ton, includes standard controls",35.17,,rs-means,Unit,181873,each,,,,,,,,,,,1.0,1.0
1457,ScrollChillerAir,"Packaged water chiller, scroll, liquid chiller, packaged unit with integral air cooled condenser, 35 Ton, includes standard controls",123.095,,rs-means,Unit,181874,each,,,,,,,,,,,1.0,1.0
1458,ScrollChillerAir,"Packaged water chiller, scroll, liquid chiller, packaged unit with integral air cooled condenser, 45 Ton, includes standard controls",158.265,,rs-means,Unit,181875,each,,,,,,,,,,,1.0,1.0
1459,ScrollChillerAir,"Packaged water chiller, scroll, liquid chiller, packaged unit with integral air cooled condenser, 70 Ton, includes standard controls",246.19,,rs-means,Unit,181876,each,,,,,,,,,,,1.0,1.0
1460,ScrollChillerAir,"Packaged water chiller, scroll, liquid chiller, packaged unit with integral air cooled condenser, 100 Ton, includes standard controls",351.7,,rs-means,Unit,181877,each,,,,,,,,,,,1.0,1.0
1461,ScrollChillerAir,"Packaged water chiller, scroll, liquid chiller, packaged unit with integral air cooled condenser, 110 Ton, includes standard controls",386.87,,rs-means,Unit,181878,each,,,,,,,,,,,1.0,1.0
1462,ScrollChillerAir,"Packaged water chiller, scroll, liquid chiller, packaged unit with integral air cooled condenser, 130 Ton, includes standard controls",457.21,,rs-means,Unit,181879,each,,,,,,,,,,,1.0,1.0
1463,ScrollChillerAir,"Packaged water chiller, scroll, liquid chiller, packaged unit with integral air cooled condenser, 170 Ton, includes standard controls",597.89,,rs-means,Unit,181880,each,,,,,,,,,,,1.0,1.0
1464,ScrollChillerAir,"Packaged water chiller, scroll, liquid chiller, packaged unit with integral air cooled condenser, 210 Ton, includes standard controls",738.5699999999999,,rs-means,Unit,181881,each,,,,,,,,,,,1.0,1.0
1465,ScrollChillerAir,"Packaged water chiller, scroll, liquid chiller, packaged unit with integral air cooled condenser, 250 Ton, includes standard controls",879.25,,rs-means,Unit,181882,each,,,,,,,,,,,1.0,1.0
1466,ScrollChillerAir,"Packaged water chiller, scroll, liquid chiller, packaged unit with integral air cooled condenser, 275 Ton, includes standard controls",967.175,,rs-means,Unit,181883,each,,,,,,,,,,,1.0,1.0
1467,ScrollChillerAir,"Packaged water chiller, scroll, liquid chiller, packaged unit with integral air cooled condenser, 300 Ton, includes standard controls",1055.1,,rs-means,Unit,181884,each,,,,,,,,,,,1.0,1.0
1468,ScrollChillerAir,"Packaged water chiller, scroll, liquid chiller, packaged unit with integral air cooled condenser, 330 Ton, includes standard controls",1160.61,,rs-means,Unit,181885,each,,,,,,,,,,,1.0,1.0
1469,ScrollChillerAir,"Packaged water chiller, scroll, liquid chiller, packaged unit with integral air cooled condenser, 390 Ton, includes standard controls",1371.6299999999999,,rs-means,Unit,181886,each,,,,,,,,,,,1.0,1.0
1470,groundconduit,galvanized steel conduit 1.5 inches in diameter,1.5,,rs-means,Unit,191887,each,,,,,,,,,,,1.0,1.0
1471,CondensingUnit-adv,"Air cooled compressor, standard controls 1.5 tons",5.2755,,rs-means,Unit,181251,,,,,,,,,,,,1.36,1.0
1472,CondensingUnit-adv,"Air cooled compressor, standard controls 2 tons",7.034,,rs-means,Unit,181252,,,,,,,,,,,,1.36,1.0
1473,CondensingUnit-adv,"Air cooled compressor, standard controls 2.5 tons",8.7925,,rs-means,Unit,181253,,,,,,,,,,,,1.36,1.0
1474,CondensingUnit-adv,"Air cooled compressor, standard controls 3 tons",10.551,,rs-means,Unit,181254,,,,,,,,,,,,1.36,1.0
1475,CondensingUnit-adv,"Air cooled compressor, standard controls 3.5 tons",12.3095,,rs-means,Unit,181255,,,,,,,,,,,,1.36,1.0
1476,CondensingUnit-adv,"Air cooled compressor, standard controls 4 tons",14.068,,rs-means,Unit,181256,,,,,,,,,,,,1.36,1.0
1477,CondensingUnit-adv,"Air cooled compressor, standard controls 5 tons",17.585,,rs-means,Unit,181257,,,,,,,,,,,,1.36,1.0
1478,CondensingUnit-adv,"Air cooled compressor, standard controls 7.5 tons",26.377499999999998,,rs-means,Unit,181258,,,,,,,,,,,,1.36,1.0
1479,CondensingUnit-adv,"Air cooled compressor, standard controls 8.5 tons",29.8945,,rs-means,Unit,181259,,,,,,,,,,,,1.36,1.0
1480,CondensingUnit-adv,"Air cooled compressor, standard controls 10 tons",35.17,,rs-means,Unit,181260,,,,,,,,,,,,1.36,1.0
1481,CondensingUnit-adv,"Air cooled compressor, standard controls 12.5 tons",43.9625,,rs-means,Unit,181261,,,,,,,,,,,,1.36,1.0
1482,CondensingUnit-adv,"Air cooled compressor, standard controls 15 tons",52.754999999999995,,rs-means,Unit,181262,,,,,,,,,,,,1.36,1.0
1483,CondensingUnit-adv,"Air cooled compressor, standard controls 20 tons",70.34,,rs-means,Unit,181263,,,,,,,,,,,,1.36,1.0
1484,CondensingUnit-adv,"Air cooled compressor, standard controls 25 tons",87.925,,rs-means,Unit,181264,,,,,,,,,,,,1.36,1.0
1485,CondensingUnit-adv,"Air cooled compressor, standard controls 30 tons",105.50999999999999,,rs-means,Unit,181265,,,,,,,,,,,,1.36,1.0
1486,CondensingUnit-adv,"Air cooled compressor, standard controls 40 tons",140.68,,rs-means,Unit,181266,,,,,,,,,,,,1.36,1.0
1487,CondensingUnit-adv,"Air cooled compressor, standard controls 50 tons",175.85,,rs-means,Unit,181267,,,,,,,,,,,,1.36,1.0
1488,CondensingUnit-adv,"Air cooled compressor, standard controls 60 tons",211.01999999999998,,rs-means,Unit,181268,,,,,,,,,,,,1.36,1.0
1489,CondensingUnit-adv,"Air cooled compressor, standard controls 70 tons",246.19,,rs-means,Unit,181269,,,,,,,,,,,,1.36,1.0
1490,CondensingUnit-adv,"Air cooled compressor, standard controls 80 tons",281.36,,rs-means,Unit,181270,,,,,,,,,,,,1.36,1.0
1491,CondensingUnit-adv,"Air cooled compressor, standard controls 90 tons",316.53,,rs-means,Unit,181271,,,,,,,,,,,,1.36,1.0
1492,CondensingUnit-adv,"Air cooled compressor, standard controls 100 tons",351.7,,rs-means,Unit,181272,,,,,,,,,,,,1.36,1.0
1493,VRF-HP-HRV-Outdoor,Outdoor HP unit with VSD condensing fan U-72MF2U94 MF2 460V HTG 81 KBTU CLG 72 KBTU,23.732999999999997,,custom,,181888,unit,ONTARIO,TORONTO,2020.0,16685.0,664.0,0.0,1.25,1.25,1.0,"panasonic, labour rsmeans toronto 2020",1.0,1.0
1494,VRF-HP-HRV-Outdoor,Outdoor HP unit with VSD condensing fan U-96MF2U94 MF2 460V HTG 108 KBTU CLG 96 KBTU,31.644,,custom,,181889,unit,ONTARIO,TORONTO,2020.0,19612.5,664.0,0.0,1.25,1.25,1.0,"panasonic, labour rsmeans toronto 2020",1.0,1.0
1495,VRF-HP-HRV-Outdoor,Outdoor HP unit with VSD condensing fan U-120MF2U94 MF2 460V HTG 135 KBTU CLG 120 KBTU,39.555,,custom,,181890,unit,ONTARIO,TORONTO,2020.0,25420.0,664.0,0.0,1.25,1.25,1.0,"panasonic, labour rsmeans toronto 2020",1.0,1.0
1496,VRF-HP-HRV-Outdoor,Outdoor HP unit with VSD condensing fan U-144MF2U94 MF2 460V HTG 162 KBTU CLG 144 KBTU,47.465999999999994,,custom,,181891,unit,ONTARIO,TORONTO,2020.0,31535.0,664.0,0.0,1.25,1.25,1.0,"panasonic, labour rsmeans toronto 2020",1.0,1.0
1497,VRF-HP-Outdoor,Outdoor HP unit with VSD condensing fan U-72ME2U94 ME2 460V HTG 81 KBTU CLG 72 KBTU,23.732999999999997,,custom,,181892,unit,ONTARIO,TORONTO,2020.0,15172.5,664.0,0.0,1.25,1.25,1.0,"panasonic, labour rsmeans toronto 2020",1.0,1.0
1498,VRF-HP-Outdoor,Outdoor HP unit with VSD condensing fan U-96ME2U94 ME2 460V HTG 108 KBTU CLG 96 KBTU,31.644,,custom,,181893,unit,ONTARIO,TORONTO,2020.0,16652.5,664.0,0.0,1.25,1.25,1.0,"panasonic, labour rsmeans toronto 2020",1.0,1.0
1499,VRF-HP-Outdoor,Outdoor HP unit with VSD condensing fan U-120ME2U94 ME2 460V HTG 135 KBTU CLG 120 KBTU,39.555,,custom,,181894,unit,ONTARIO,TORONTO,2020.0,21585.0,664.0,0.0,1.25,1.25,1.0,"panasonic, labour rsmeans toronto 2020",1.0,1.0
1500,VRF-HP-Outdoor,Outdoor HP unit with VSD condensing fan U-144ME2U94 ME2 460V HTG 162 KBTU CLG 144 KBTU,47.465999999999994,,custom,,181895,unit,ONTARIO,TORONTO,2020.0,26775.0,664.0,0.0,1.25,1.25,1.0,"panasonic, labour rsmeans toronto 2020",1.0,1.0
1501,VRF-MiniHP-Outdoor,Outdoor HP unit with VSD condensing fan U-36LE1U6 LE 460V HTG 38.5 KBTU CLG 37 KBTU,11.2805,,custom,,181896,unit,ONTARIO,TORONTO,2020.0,7392.5,664.0,0.0,1.25,1.25,1.0,"panasonic, labour rsmeans toronto 2020",1.0,1.0
1502,VRF-MiniHP-Outdoor,Outdoor HP unit with VSD condensing fan U-52LE1U6 LE 460V HTG 55 KBTU CLG 52 KBTU,16.115,,custom,,181897,unit,ONTARIO,TORONTO,2020.0,8675.0,664.0,0.0,1.25,1.25,1.0,"panasonic, labour rsmeans toronto 2020",1.0,1.0
1503,VRF-WallMount,Wallmount cassette: 230/265/320 cfm fan S-07MK2U6 MK2 460V HTG 8.5 KBTU CLG 7.5 KBTU,2.4905,,custom,,181898,unit,ONTARIO,TORONTO,2020.0,1600.0,664.0,0.0,1.25,1.25,1.0,"panasonic, labour rsmeans toronto 2020",1.0,1.0
1504,VRF-WallMount,Wallmount cassette: 240/300/345 cfm fan S-09MK2U6 MK2 460V HTG 11 KBTU CLG 9.6 KBTU,3.223,,custom,,181899,unit,ONTARIO,TORONTO,2020.0,1600.0,664.0,0.0,1.25,1.25,1.0,"panasonic, labour rsmeans toronto 2020",1.0,1.0
1505,VRF-WallMount,Wallmount cassette: 240/335/395 cfm fan S-12MK2U6 MK2 460V HTG 14 KBTU CLG 12 KBTU,4.101999999999999,,custom,,181900,unit,ONTARIO,TORONTO,2020.0,1682.5,664.0,0.0,1.25,1.25,1.0,"panasonic, labour rsmeans toronto 2020",1.0,1.0
1506,VRF-WallMount,Wallmount cassette: 335/441/565 cfm fan S-18MK2U6 MK2 460V HTG 20 KBTU CLG 18 KBTU,5.859999999999999,,custom,,181901,unit,ONTARIO,TORONTO,2020.0,1775.0,664.0,0.0,1.25,1.25,1.0,"panasonic, labour rsmeans toronto 2020",1.0,1.0
1507,VRF-WallMount,Wallmount cassette: 406/512/635 cfm fan S-24MK2U6 MK2 460V HTG 27 KBTU CLG 25 KBTU,7.911,,custom,,181902,unit,ONTARIO,TORONTO,2020.0,1970.0,664.0,0.0,1.25,1.25,1.0,"panasonic, labour rsmeans toronto 2020",1.0,1.0
1508,VRF-CeilingMount,4-way cassette: 371/424/494 cfm fan S-12MY2U6 MY2 460V HTG 14 KBTU CLG 12 KBTU,4.101999999999999,,custom,,181903,unit,ONTARIO,TORONTO,2020.0,1835.0,664.0,0.0,1.25,1.25,1.0,"panasonic, labour rsmeans toronto 2020",1.0,1.0
1509,VRF-CeilingMount,4-way cassette: 305/345/390 cfm fan S-18MY2U6 MY2 460V HTG 21 KBTU CLG 19 KBTU,6.153,,custom,,181904,unit,ONTARIO,TORONTO,2020.0,1885.0,664.0,0.0,1.25,1.25,1.0,"panasonic, labour rsmeans toronto 2020",1.0,1.0
1510,VRF-DuctMount,concealed duct cassette: 212/247/283 cfm fan S-07MM2U6 MM2 460V HTG 8.5 KBTU CLG 7.5 KBTU,2.4905,,custom,,181905,unit,ONTARIO,TORONTO,2020.0,1680.0,664.0,0.0,1.25,1.25,1.0,"panasonic, labour rsmeans toronto 2020",1.0,1.0
1511,VRF-DuctMount,concealed duct cassette: 230/265/300 cfm fan S-09MM2U6 MM2 460V HTG 11 KBTU CLG 9.6 KBTU,3.223,,custom,,181906,unit,ONTARIO,TORONTO,2020.0,1715.0,664.0,0.0,1.25,1.25,1.0,"panasonic, labour rsmeans toronto 2020",1.0,1.0
1512,VRF-DuctMount,concealed duct cassette: 247/283/318 cfm fan S-12MM2U6 MM2 460V HTG 14 KBTU CLG 12 KBTU,4.101999999999999,,custom,,181907,unit,ONTARIO,TORONTO,2020.0,1735.0,664.0,0.0,1.25,1.25,1.0,"panasonic, labour rsmeans toronto 2020",1.0,1.0
1513,VRF-DuctMount,concealed duct cassette: 283/336/371 cfm fan S-15MM2U6 MM2 460V HTG 17 KBTU CLG 15 KBTU,4.981,,custom,,181908,unit,ONTARIO,TORONTO,2020.0,1790.0,664.0,0.0,1.25,1.25,1.0,"panasonic, labour rsmeans toronto 2020",1.0,1.0
1514,VRF-DuctMount,concealed duct cassette: 353/406/442 cfm fan S-18MM2U6 MM2 460V HTG 21 KBTU CLG 18 KBTU,6.153,,custom,,181909,unit,ONTARIO,TORONTO,2020.0,1850.0,664.0,0.0,1.25,1.25,1.0,"panasonic, labour rsmeans toronto 2020",1.0,1.0
1515,VRF-FloorMount,floor mount unit:  fan S-07MP1U6 460V HTG 9 KBTU CLG 7.5 KBTU,2.637,,custom,,181910,unit,ONTARIO,TORONTO,2020.0,2197.5,664.0,0.0,1.25,1.25,1.0,"panasonic, labour rsmeans toronto 2020",1.0,1.0
1516,VRF-FloorMount,floor mount unit:  fan S-09MP1U6 460V HTG 9.6 KBTU CLG 9 KBTU,2.8127999999999997,,custom,,181911,unit,ONTARIO,TORONTO,2020.0,2252.5,664.0,0.0,1.25,1.25,1.0,"panasonic, labour rsmeans toronto 2020",1.0,1.0
1517,VRF-FloorMount,floor mount unit:  fan S-12MP1U6 460V HTG 12 KBTU CLG 12 KBTU,3.516,,custom,,181912,unit,ONTARIO,TORONTO,2020.0,2307.5,664.0,0.0,1.25,1.25,1.0,"panasonic, labour rsmeans toronto 2020",1.0,1.0
1518,VRF-FloorMount,floor mount unit:  fan S-15MP1U6 460V HTG 15 KBTU CLG 15 KBTU,4.395,,custom,,181913,unit,ONTARIO,TORONTO,2020.0,2565.0,664.0,0.0,1.25,1.25,1.0,"panasonic, labour rsmeans toronto 2020",1.0,1.0
1519,VRF-FloorMount,floor mount unit:  fan S-18MP1U6 460V HTG 18 KBTU CLG 18 KBTU,5.274,,custom,,181914,unit,ONTARIO,TORONTO,2020.0,2620.0,664.0,0.0,1.25,1.25,1.0,"panasonic, labour rsmeans toronto 2020",1.0,1.0
1520,VRF-FloorMount,floor mount unit:  fan S-24MP1U6 460V HTG 24 KBTU CLG 24 KBTU,7.032,,custom,,181915,unit,ONTARIO,TORONTO,2020.0,2772.5,664.0,0.0,1.25,1.25,1.0,"panasonic, labour rsmeans toronto 2020",1.0,1.0
1521,VRF-Sys-Controller,System basic controller CZ-64ESMC2Y,,,custom,,181916,unit,ONTARIO,TORONTO,2020.0,910.0,664.0,0.0,1.25,1.25,1.0,"panasonic, labour rsmeans toronto 2020",1.0,1.0
1522,VRF-Bacnet-IP,Bacnet IP Controller USPA-AC-BAC-128,,,custom,,181917,unit,ONTARIO,TORONTO,2020.0,4812.5,664.0,0.0,1.25,1.25,1.0,"panasonic, labour rsmeans toronto 2020",1.0,1.0
1523,VRF-Comm,Communication adapter CZ-CFUNC1U,,,custom,,181918,unit,ONTARIO,TORONTO,2020.0,2660.0,664.0,0.0,1.25,1.25,1.0,"panasonic, labour rsmeans toronto 2020",1.0,1.0
1524,VRF-Solenoid-1a,"Soleniod valve kit for 3-way (with heat recovery) CZ-P160HR2U (max 1 vrf units, size in kW)",5.566999999999999,,custom,,181919,unit,ONTARIO,TORONTO,2020.0,1492.5,664.0,0.0,1.25,1.25,1.0,"panasonic, labour rsmeans toronto 2020",1.0,1.0
1525,VRF-DuctFlange,Duct flange for 4 way duct connection to indoor ceiling unit CZ-160DAF2,,,custom,,181920,unit,ONTARIO,TORONTO,2020.0,315.0,664.0,0.0,1.25,1.25,1.0,"panasonic, labour rsmeans toronto 2020",1.0,1.0
1526,Refrig-tubing,refrigerant interior piping set 0.5 in supply 0.75 in return 10 ft length,10,,rs-means,Unit,181921,,,,,,,,,,,,1.0,1.0
1527,Refrig-tubing,refrigerant interior piping set 0.5 in supply 0.75 in return 50 ft length,50,,rs-means,Unit,181922,,,,,,,,,,,,,
1528,VRF-Solenoid,"Soleniod valve kit for 3-way (with heat recovery) CZ-P4160HR2U (max 4 vrf units, size in kW)",69.9684,4,custom,,181923,unit,ONTARIO,TORONTO,2020.0,6550.0,664.0,0.0,1.25,1.25,1.0,"panasonic, labour rsmeans toronto 2020",1.0,1.0
1529,VRF-Solenoid,"Soleniod valve kit for 3-way (with heat recovery) CZ-P560HR2U (max 1 vrf units, size in kW)",5.566999999999999,1,custom,,181924,unit,ONTARIO,TORONTO,2020.0,1347.5,664.0,0.0,1.25,1.25,1.0,"panasonic, labour rsmeans toronto 2020",1.0,1.0
1530,VRF-Solenoid,"Soleniod valve kit for 3-way (with heat recovery) CZ-P4560HR2U (max 4 vrf units, size in kW)",24.4655,4,custom,,181925,unit,ONTARIO,TORONTO,2020.0,5985.0,664.0,0.0,1.25,1.25,1.0,"panasonic, labour rsmeans toronto 2020",1.0,1.0
1531,VRF-Solenoid,"Soleniod valve kit for 3-way (with heat recovery) CZ-P6560HR2U (max 6 vrf units, size in kW)",36.3906,6,custom,,181926,unit,ONTARIO,TORONTO,2020.0,8852.5,664.0,0.0,1.25,1.25,1.0,"panasonic, labour rsmeans toronto 2020",1.0,1.0
1532,VRF-Solenoid,"Soleniod valve kit for 3-way (with heat recovery) CZ-P8560HR2U (max 8 vrf units, size in kW)",47.5832,8,custom,,181927,unit,ONTARIO,TORONTO,2020.0,11682.5,664.0,0.0,1.25,1.25,1.0,"panasonic, labour rsmeans toronto 2020",1.0,1.0
1533,wiring-control,"600 v copper, #14 THWN wire with PVC jacket - 2 wire",2,,rs-means,Unit,191928,CLF,,,,,,,,,,,1.0,1.0
1534,wiring-control,"600 v copper, #14 THWN wire with PVC jacket - 3 wire",3,,rs-means,Unit,191929,CLF,,,,,,,,,,,1.0,1.0
1535,wiring-control,"600 v copper, #14 THWN wire with PVC jacket - 4 wire",4,,rs-means,Unit,191930,CLF,,,,,,,,,,,1.0,1.0
1536,wiring-control,"600 v copper, #14 THWN wire with PVC jacket - 5 wire",5,,rs-means,Unit,191931,CLF,,,,,,,,,,,1.0,1.0
1537,nat_vent_control,SyxthSense natural ventilation AHU controller,,,custom,Unit,181932,unit,ONTARIO,TORONTO,2020.0,376.464,200.0,0.0,1.25,1.25,1.0,pricing in pd sterling converted,1.0,1.0
1538,nat_vent_sensor,SyxthSense natural ventilation CO2 sensor and lead ,,,custom,Unit,181933,unit,ONTARIO,TORONTO,2020.0,30.187499999999996,200.0,0.0,1.25,1.25,1.0,pricing in pd sterling converted,1.0,1.0
1539,nat_vent_usb,SyxthSense natural ventilation USB connection and configuration kit,,,custom,Unit,181934,unit,ONTARIO,TORONTO,2020.0,125.488,30.0,0.0,1.25,1.25,1.0,pricing in pd sterling converted,1.0,1.0
1540,duct_damper_motor,"round duct damper, motor operated diameter in inches",6,,rs-means,Unit,181935,unit,,,,,,,,,,,,
1541,duct_damper_motor,"round duct damper, motor operated diameter in inches",7,,rs-means,Unit,181936,unit,,,,,,,,,,,,
1542,duct_damper_motor,"round duct damper, motor operated diameter in inches",8,,rs-means,Unit,181937,unit,,,,,,,,,,,,
1543,duct_damper_motor,"round duct damper, motor operated diameter in inches",10,,rs-means,Unit,181938,unit,,,,,,,,,,,,
1544,duct_damper_motor,"round duct damper, motor operated diameter in inches",12,,rs-means,Unit,181939,unit,,,,,,,,,,,,
1545,duct_damper_motor,"round duct damper, motor operated diameter in inches",14,,rs-means,Unit,181940,unit,,,,,,,,,,,,
1546,duct_damper_lever,"round duct damper, volume control, lever locking and adjustable, diameter in inches",6,,rs-means,Unit,180638,unit,,,,,,,,,,,,
1547,duct_damper_lever,"round duct damper, volume control, lever locking and adjustable, diameter in inches",7,,rs-means,Unit,181941,unit,,,,,,,,,,,,
1548,duct_damper_lever,"round duct damper, volume control, lever locking and adjustable, diameter in inches",8,,rs-means,Unit,180639,unit,,,,,,,,,,,,
1549,duct_damper_lever,"round duct damper, volume control, lever locking and adjustable, diameter in inches",9,,rs-means,Unit,181942,unit,,,,,,,,,,,,
1550,duct_damper_lever,"round duct damper, volume control, lever locking and adjustable, diameter in inches",10,,rs-means,Unit,181943,unit,,,,,,,,,,,,
1551,duct_damper_lever,"round duct damper, volume control, lever locking and adjustable, diameter in inches",12,,rs-means,Unit,181944,unit,,,,,,,,,,,,
1552,duct_damper_lever,"round duct damper, volume control, lever locking and adjustable, diameter in inches",14,,rs-means,Unit,181945,unit,,,,,,,,,,,,
1553,duct_damper_lever,"round duct damper, volume control, lever locking and adjustable, diameter in inches",16,,rs-means,Unit,181946,unit,,,,,,,,,,,,
1554,ChillerHot_VSDAbsorptionWaterChiller,"Absorption water chiller, indirect-fired, steam or hot water, water cooled, single stage, 100 ton",351.7,,rs-means,Unit,181066,each,,,,,,,,,,,1.35,1.0
1555,ChillerHot_VSDAbsorptionWaterChiller,"Absorption water chiller, indirect-fired, steam or hot water, water cooled, single stage, 148 ton",520.516,,rs-means,Unit,181067,each,,,,,,,,,,,1.35,1.0
1556,ChillerHot_VSDAbsorptionWaterChiller,"Absorption water chiller, indirect-fired, steam or hot water, water cooled, single stage, 200 ton",703.4,,rs-means,Unit,181068,each,,,,,,,,,,,1.3,1.0
1557,ChillerHot_VSDAbsorptionWaterChiller,"Absorption water chiller, indirect-fired, steam or hot water, water cooled, single stage, 250 ton",879.25,,rs-means,Unit,181069,each,,,,,,,,,,,1.3,1.0
1558,ChillerHot_VSDAbsorptionWaterChiller,"Absorption water chiller, indirect-fired, steam or hot water, water cooled, single stage, 354 ton",1245.018,,rs-means,Unit,181070,each,,,,,,,,,,,1.3,1.0
1559,ChillerHot_VSDAbsorptionWaterChiller,"Absorption water chiller, indirect-fired, steam or hot water, water cooled, single stage, 420 ton",1477.1399999999999,,rs-means,Unit,181071,each,,,,,,,,,,,1.3,1.0
1560,ChillerHot_VSDAbsorptionWaterChiller,"Absorption water chiller, indirect-fired, steam or hot water, water cooled, single stage, 665 ton",2338.805,,rs-means,Unit,181072,each,,,,,,,,,,,1.3,1.0
1561,ChillerHot_VSDAbsorptionWaterChiller,"Absorption water chiller, indirect-fired, steam or hot water, water cooled, single stage, 750 ton",2637.75,,rs-means,Unit,181073,each,,,,,,,,,,,1.3,1.0
1562,ChillerHot_VSDAbsorptionWaterChiller,"Absorption water chiller, indirect-fired, steam or hot water, water cooled, single stage, 850 ton",2989.45,,rs-means,Unit,181074,each,,,,,,,,,,,1.3,1.0
1563,ChillerHot_VSDAbsorptionWaterChiller,"Absorption water chiller, indirect-fired, steam or hot water, water cooled, single stage, 955 ton",3358.735,,rs-means,Unit,181075,each,,,,,,,,,,,1.3,1.0
1564,ChillerHot_VSDAbsorptionWaterChiller,"Absorption water chiller, indirect-fired, steam or hot water, water cooled, single stage, 1125 ton",3956.625,,rs-means,Unit,181076,each,,,,,,,,,,,1.3,1.0
1565,ChillerHot_VSDAbsorptionWaterChiller,"Absorption water chiller, indirect-fired, steam or hot water, water cooled, single stage, 1250 ton",4396.25,,rs-means,Unit,181077,each,,,,,,,,,,,1.3,1.0
1566,ChillerHot_VSDAbsorptionWaterChiller,"Absorption water chiller, indirect-fired, steam or hot water, water cooled, single stage, 1465 ton",5152.405,,rs-means,Unit,181078,each,,,,,,,,,,,1.3,1.0
1567,ChillerHot_VSDAbsorptionWaterChiller,"Absorption water chiller, indirect-fired, steam or hot water, water cooled, single stage, 1660 ton",5838.22,,rs-means,Unit,181079,each,,,,,,,,,,,1.3,1.0
1568,ChillerElectricEIR_VSDCentrifugalWaterChiller,"Water chiller, centrifugal liquid chiller, packaged unit, water cooled, 200 ton, includes standard controls, excludes water tower",703.4,,rs-means,Unit,181080,each,,,,,,,,,,,1.27,1.0
1569,ChillerElectricEIR_VSDCentrifugalWaterChiller,"Water chiller, centrifugal liquid chiller, packaged unit, water cooled, 300 ton, includes standard controls, excludes water tower",1055.1,,rs-means,Unit,181081,each,,,,,,,,,,,1.27,1.0
1570,ChillerElectricEIR_VSDCentrifugalWaterChiller,"Water chiller, centrifugal liquid chiller, packaged unit, water cooled, 400 ton, includes standard controls, excludes water tower",1406.8,,rs-means,Unit,181082,each,,,,,,,,,,,1.27,1.0
1571,ChillerElectricEIR_VSDCentrifugalWaterChiller,"Water chiller, centrifugal liquid chiller, packaged unit, water cooled, 500 ton, includes standard controls, excludes water tower",1758.5,,rs-means,Unit,181083,each,,,,,,,,,,,1.27,1.0
1572,ChillerElectricEIR_VSDCentrifugalWaterChiller,"Water chiller, centrifugal liquid chiller, packaged unit, water cooled, 600 ton, includes standard controls, excludes water tower",2110.2,,rs-means,Unit,181084,each,,,,,,,,,,,1.2,1.0
1573,ChillerElectricEIR_VSDCentrifugalWaterChiller,"Water chiller, centrifugal liquid chiller, packaged unit, water cooled, 700 ton, includes standard controls, excludes water tower",2461.9,,rs-means,Unit,181085,each,,,,,,,,,,,1.2,1.0
1574,ChillerElectricEIR_VSDCentrifugalWaterChiller,"Water chiller, centrifugal liquid chiller, packaged unit, water cooled, 800 ton, includes standard controls, excludes water tower",2813.6,,rs-means,Unit,181086,each,,,,,,,,,,,1.2,1.0
1575,ChillerElectricEIR_VSDCentrifugalWaterChiller,"Water chiller, centrifugal liquid chiller, packaged unit, water cooled, 900 ton, includes standard controls, excludes water tower",3165.2999999999997,,rs-means,Unit,181087,each,,,,,,,,,,,1.2,1.0
1576,ChillerElectricEIR_VSDCentrifugalWaterChiller,"Water chiller, centrifugal liquid chiller, packaged unit, water cooled, 1000 ton, includes standard controls, excludes water tower",3517,,rs-means,Unit,181088,each,,,,,,,,,,,1.2,1.0
1577,ChillerElectricEIR_VSDCentrifugalWaterChiller,"Water chiller, centrifugal liquid chiller, packaged unit, water cooled, 1200 ton, includes standard controls, excludes water tower",4220.4,,rs-means,Unit,181089,each,,,,,,,,,,,1.2,1.0
1578,ChillerElectricEIR_VSDCentrifugalWaterChiller,"Water chiller, centrifugal liquid chiller, packaged unit, water cooled, 1500 ton, includes standard controls, excludes water tower",5275.5,,rs-means,Unit,181090,each,,,,,,,,,,,1.2,1.0
1579,ChillerElectricEIR_VSDCentrifugalWaterChiller,"Water chiller, centrifugal liquid chiller, packaged unit, water cooled, 1700 ton, includes standard controls, excludes water tower",5978.9,,rs-means,Unit,181091,each,,,,,,,,,,,1.2,1.0
1580,ChillerElectricEIR_VSDCentrifugalWaterChiller,"Water chiller, centrifugal liquid chiller, packaged unit, water cooled, 2000 ton, includes standard controls, excludes water tower",7034,,rs-means,Unit,181092,each,,,,,,,,,,,1.2,1.0
1581,ChillerElectricEIR_VSDCentrifugalWaterChiller,"Water chiller, centrifugal liquid chiller, packaged unit, water cooled, 2500 ton, includes standard controls, excludes water tower",8792.5,,rs-means,Unit,181093,each,,,,,,,,,,,1.2,1.0
1589,ChillerElectricEIR_VSDReciprocatingWaterChiller,"Water chiller, reciprocating, multiple compressor, semi-hermetic, water cooled, 45 ton cooling, includes standard controls, excludes water tower",158.1,,rs-means,,181872,,,,,,,,,,,,1.35,4.0
1590,ChillerElectricEIR_VSDReciprocatingWaterChiller,"Water chiller, reciprocating, multiple compressor, semi-hermetic, water cooled, 75 ton cooling, includes standard controls, excludes water tower",263.775,,rs-means,Unit,181094,each,,,,,,,,,,,1.35,1.0
1591,ChillerElectricEIR_VSDReciprocatingWaterChiller,"Water chiller, reciprocating, multiple compressor, semi-hermetic, water cooled, 100 ton cooling, includes standard controls, excludes water tower",351.7,,rs-means,Unit,181095,each,,,,,,,,,,,1.35,1.0
1592,ChillerElectricEIR_VSDReciprocatingWaterChiller,"Water chiller, reciprocating, multiple compressor, semi-hermetic, water cooled, 115 ton cooling, includes standard controls, excludes water tower",404.455,,rs-means,Unit,181096,each,,,,,,,,,,,1.35,1.0
1593,ChillerElectricEIR_VSDReciprocatingWaterChiller,"Water chiller, reciprocating, multiple compressor, semi-hermetic, water cooled, 125 ton cooling, includes standard controls, excludes water tower",439.625,,rs-means,Unit,181097,each,,,,,,,,,,,1.35,1.0
1594,ChillerElectricEIR_VSDReciprocatingWaterChiller,"Water chiller, reciprocating, multiple compressor, semi-hermetic, water cooled, 145 ton cooling, includes standard controls, excludes water tower",509.965,,rs-means,Unit,181098,each,,,,,,,,,,,1.35,1.0
1595,ChillerElectricEIR_VSDReciprocatingWaterChiller,"Water chiller, reciprocating, multiple compressor, semi-hermetic, water cooled, 155 ton cooling, includes standard controls, excludes water tower",545.135,,rs-means,Unit,181099,each,,,,,,,,,,,1.3,1.0
1596,ChillerElectricEIR_VSDReciprocatingAirChiller,"Water chiller, reciprocating, packaged, air cooled, 15 ton cooling, includes standard controls, excludes remote air cooled condensers",52.754999999999995,,rs-means,Unit,181100,each,,,,,,,,,,,1.35,1.0
1597,ChillerElectricEIR_VSDReciprocatingAirChiller,"Water chiller, reciprocating, packaged, air cooled, 25 ton cooling, includes standard controls, excludes remote air cooled condensers",87.925,,rs-means,Unit,181101,each,,,,,,,,,,,1.35,1.0
1598,ChillerElectricEIR_VSDReciprocatingAirChiller,"Water chiller, reciprocating, packaged, air cooled, 40 ton cooling, includes standard controls, excludes remote air cooled condensers",140.68,,rs-means,Unit,181102,each,,,,,,,,,,,1.35,1.0
1599,ChillerElectricEIR_VSDReciprocatingAirChiller,"Water chiller, reciprocating, packaged, air cooled, 50 ton cooling, includes standard controls, excludes remote air cooled condensers",175.85,,rs-means,Unit,181103,each,,,,,,,,,,,1.35,1.0
1600,ChillerElectricEIR_VSDReciprocatingAirChiller,"Water chiller, reciprocating, packaged, air cooled, 60 ton cooling, includes standard controls, excludes remote air cooled condensers",211.01999999999998,,rs-means,Unit,181104,each,,,,,,,,,,,1.35,1.0
1601,ChillerElectricEIR_VSDReciprocatingAirChiller,"Water chiller, reciprocating, packaged, air cooled, 75 ton cooling, includes standard controls, excludes remote air cooled condensers",263.775,,rs-means,Unit,181105,each,,,,,,,,,,,1.35,1.0
1602,ChillerElectricEIR_VSDReciprocatingAirChiller,"Water chiller, reciprocating, packaged, air cooled, 105 ton cooling, includes standard controls, excludes remote air cooled condensers",369.28499999999997,,rs-means,Unit,181106,each,,,,,,,,,,,1.35,1.0
1603,ChillerElectricEIR_VSDReciprocatingAirChiller,"Water chiller, reciprocating, packaged, air cooled, 115 ton cooling, includes standard controls, excludes remote air cooled condensers",404.455,,rs-means,Unit,181107,each,,,,,,,,,,,1.35,1.0
1604,ChillerElectricEIR_VSDReciprocatingAirChiller,"Water chiller, reciprocating, packaged, air cooled, 125 ton cooling, includes standard controls, excludes remote air cooled condensers",439.625,,rs-means,Unit,181108,each,,,,,,,,,,,1.35,1.0
1605,ChillerElectricEIR_VSDReciprocatingAirChiller,"Water chiller, reciprocating, packaged, air cooled, 145 ton cooling, includes standard controls, excludes remote air cooled condensers",509.965,,rs-means,Unit,181109,each,,,,,,,,,,,1.35,1.0
1606,ChillerElectricEIR_VSDScrollAirChiller,"Packaged water chiller, scroll, liquid chiller, packaged unit with integral air cooled condenser, 15 Ton, includes standard controls",52.754999999999995,,rs-means,Unit,181110,each,,,,,,,,,,,1.35,1.0
1607,ChillerElectricEIR_VSDScrollAirChiller,"Packaged water chiller, scroll, liquid chiller, packaged unit with integral air cooled condenser, 20 ton cooling, includes standard controls",70.34,,rs-means,Unit,181111,each,,,,,,,,,,,1.35,1.0
1608,ChillerElectricEIR_VSDScrollAirChiller,"Packaged water chiller, scroll, liquid chiller, packaged unit with integral air cooled condenser, 25 ton cooling, includes standard controls",87.925,,rs-means,Unit,181112,each,,,,,,,,,,,1.35,1.0
1609,ChillerElectricEIR_VSDScrollAirChiller,"Packaged water chiller, scroll, liquid chiller, packaged unit with integral air cooled condenser, 30 ton cooling, includes standard controls",105.50999999999999,,rs-means,Unit,181113,each,,,,,,,,,,,1.35,1.0
1610,ChillerElectricEIR_VSDScrollAirChiller,"Packaged water chiller, scroll, liquid chiller, packaged unit with integral air cooled condenser, 40 ton cooling, includes standard controls",140.68,,rs-means,Unit,181114,each,,,,,,,,,,,1.35,1.0
1611,ChillerElectricEIR_VSDScrollAirChiller,"Packaged water chiller, scroll, liquid chiller, packaged unit with integral air cooled condenser, 50 ton cooling, includes standard controls",175.85,,rs-means,Unit,181115,each,,,,,,,,,,,1.35,1.0
1612,ChillerElectricEIR_VSDScrollWaterChiller,"Water chiller, scroll, single compressor, hermetic, water cooled, 2 ton cooling, includes standard controls, excludes water tower",7.034,,rs-means,Unit,181116,each,,,,,,,,,,,1.35,1.0
1613,ChillerElectricEIR_VSDScrollWaterChiller,"Water chiller, scroll, single compressor, hermetic, water cooled, 5 ton cooling, includes standard controls, excludes water tower",17.585,,rs-means,Unit,181117,each,,,,,,,,,,,1.35,1.0
1614,ChillerElectricEIR_VSDScrollWaterChiller,"Water chiller, scroll, single compressor, hermetic, water cooled, 10 ton cooling, includes standard controls, excludes water tower",35.17,,rs-means,Unit,181118,each,,,,,,,,,,,1.35,1.0
1615,ChillerElectricEIR_VSDScrollWaterChiller,"Water chiller, scroll, single compressor, hermetic, water cooled, 15 ton cooling, includes standard controls, excludes water tower",52.754999999999995,,rs-means,Unit,181119,each,,,,,,,,,,,1.35,1.0
1616,ChillerElectricEIR_VSDScrollWaterChiller,"Water chiller, scroll, single compressor, hermetic, water cooled, 20 ton cooling, includes standard controls, excludes water tower",70.34,,rs-means,Unit,181120,each,,,,,,,,,,,1.35,1.0
1617,ChillerElectricEIR_VSDScrollWaterChiller,"Water chiller, scroll, single compressor, hermetic, water cooled, 30 ton cooling, includes standard controls, excludes water tower",105.50999999999999,,rs-means,Unit,181121,each,,,,,,,,,,,1.35,1.0
1618,ChillerElectricEIR_VSDScrewAirChiller,"Water chiller, screw liquid chiller, air cooled, insulated evaporator, 130 ton, includes standard controls",457.21,,rs-means,Unit,181122,each,,,,,,,,,,,1.35,1.0
1619,ChillerElectricEIR_VSDScrewAirChiller,"Water chiller, screw liquid chiller, air cooled, insulated evaporator, 160 ton, includes standard controls",562.72,,rs-means,Unit,181123,each,,,,,,,,,,,1.3,1.0
1620,ChillerElectricEIR_VSDScrewAirChiller,"Water chiller, screw liquid chiller, air cooled, insulated evaporator, 210 ton, includes standard controls",738.5699999999999,,rs-means,Unit,181124,each,,,,,,,,,,,1.3,1.0
1621,ChillerElectricEIR_VSDScrewAirChiller,"Water chiller, screw liquid chiller, air cooled, insulated evaporator, 270 ton, includes standard controls",949.5899999999999,,rs-means,Unit,181125,each,,,,,,,,,,,1.3,1.0
1622,ChillerElectricEIR_VSDScrewAirChiller,"Water chiller, screw liquid chiller, air cooled, insulated evaporator, 320 ton, includes standard controls",1125.44,,rs-means,Unit,181126,each,,,,,,,,,,,1.3,1.0
1623,ChillerElectricEIR_VSDScrewWaterChiller,"Water chiller, screw liquid chiller, packaged unit, water cooled, 80 ton, includes standard controls, excludes water tower",281.36,,rs-means,Unit,181127,each,,,,,,,,,,,1.35,1.0
1624,ChillerElectricEIR_VSDScrewWaterChiller,"Water chiller, screw liquid chiller, packaged unit, water cooled, 100 ton, includes standard controls, excludes water tower",351.7,,rs-means,Unit,181128,each,,,,,,,,,,,1.35,1.0
1625,ChillerElectricEIR_VSDScrewWaterChiller,"Water chiller, screw liquid chiller, packaged unit, water cooled, 150 ton, includes standard controls, excludes water tower",527.55,,rs-means,Unit,181129,each,,,,,,,,,,,1.35,1.0
1626,ChillerElectricEIR_VSDScrewWaterChiller,"Water chiller, screw liquid chiller, packaged unit, water cooled, 200 ton, includes standard controls, excludes water tower",703.4,,rs-means,Unit,181130,each,,,,,,,,,,,1.3,1.0
1627,ChillerElectricEIR_VSDScrewWaterChiller,"Water chiller, screw liquid chiller, packaged unit, water cooled, 250 ton, includes standard controls, excludes water tower",879.25,,rs-means,Unit,181131,each,,,,,,,,,,,1.3,1.0
1628,ChillerElectricEIR_VSDScrewWaterChiller,"Water chiller, screw liquid chiller, packaged unit, water cooled, 300 ton, includes standard controls, excludes water tower",1055.1,,rs-means,Unit,181132,each,,,,,,,,,,,1.3,1.0
1629,ChillerElectricEIR_VSDScrewWaterChiller,"Water chiller, screw liquid chiller, packaged unit, water cooled, 350 ton, includes standard controls, excludes water tower",1230.95,,rs-means,Unit,181133,each,,,,,,,,,,,1.3,1.0
1630,ChillerElectricEIR_VSDDXAirChiller,"Water chiller, direct expansion, shell and tube type, for built-up systems, 1 ton, includes standard controls",3.517,,rs-means,Unit,181134,each,,,,,,,,,,,1.35,1.0
1631,ChillerElectricEIR_VSDDXAirChiller,"Water chiller, direct expansion, shell and tube type, for built-up systems, 5 Ton, includes standard controls",17.585,,rs-means,Unit,181135,each,,,,,,,,,,,1.35,1.0
1632,ChillerElectricEIR_VSDDXAirChiller,"Water chiller, direct expansion, shell and tube type, for built-up systems, 10 ton, includes standard controls",35.17,,rs-means,Unit,181136,each,,,,,,,,,,,1.35,1.0
1633,ChillerElectricEIR_VSDDXAirChiller,"Water chiller, direct expansion, shell and tube type, for built-up systems, 20 ton, includes standard controls",70.34,,rs-means,Unit,181137,each,,,,,,,,,,,1.35,1.0
1634,ChillerElectricEIR_VSDDXAirChiller,"Water chiller, direct expansion, shell and tube type, for built-up systems, 30 ton, includes standard controls",105.50999999999999,,rs-means,Unit,181138,each,,,,,,,,,,,1.35,1.0
1635,ChillerElectricEIR_VSDDXAirChiller,"Water chiller, direct expansion, shell and tube type, for built-up systems, 50 ton, includes standard controls",175.85,,rs-means,Unit,181139,each,,,,,,,,,,,1.35,1.0
1636,ChillerElectricEIR_VSDDXAirChiller,"Water chiller, direct expansion, shell and tube type, for built-up systems, 100 ton, includes standard controls",351.7,,rs-means,Unit,181140,each,,,,,,,,,,,1.35,1.0
1637,ChillerElectricEIR_VSDReciprocatingAirChiller,"Water chiller, reciprocating, packaged, air cooled, 20 ton cooling, includes standard controls, excludes remote air cooled condensers",70.34,,rs-means,Unit,181867,each,,,,,,,,,,,1.35,1.0
1638,ChillerElectricEIR_VSDReciprocatingAirChiller,"Water chiller, reciprocating, packaged, air cooled, 35 ton cooling, includes standard controls, excludes remote air cooled condensers",123.095,,rs-means,Unit,181868,each,,,,,,,,,,,1.35,1.0
1639,ChillerElectricEIR_VSDReciprocatingAirChiller,"Water chiller, reciprocating, packaged, air cooled, 45 ton cooling, includes standard controls, excludes remote air cooled condensers",158.265,,rs-means,Unit,181869,each,,,,,,,,,,,1.35,1.0
1640,ChillerElectricEIR_VSDReciprocatingAirChiller,"Water chiller, reciprocating, packaged, air cooled, 50 ton cooling, includes standard controls, excludes remote air cooled condensers",175.85,,rs-means,Unit,181103,each,,,,,,,,,,,1.35,1.0
1641,ChillerElectricEIR_VSDReciprocatingAirChiller,"Water chiller, reciprocating, packaged, air cooled, 85 ton cooling, includes standard controls, excludes remote air cooled condensers",298.945,,rs-means,Unit,181870,each,,,,,,,,,,,1.35,1.0
1642,ChillerElectricEIR_VSDReciprocatingAirChiller,"Water chiller, reciprocating, packaged, air cooled, 95 ton cooling, includes standard controls, excludes remote air cooled condensers",334.115,,rs-means,Unit,181871,each,,,,,,,,,,,1.35,1.0
1643,ChillerElectricEIR_VSDScrollAirChiller,"Packaged water chiller, scroll, liquid chiller, packaged unit with integral air cooled condenser, 10 Ton, includes standard controls",35.17,,rs-means,Unit,181873,each,,,,,,,,,,,1.35,1.0
1644,ChillerElectricEIR_VSDScrollAirChiller,"Packaged water chiller, scroll, liquid chiller, packaged unit with integral air cooled condenser, 35 Ton, includes standard controls",123.095,,rs-means,Unit,181874,each,,,,,,,,,,,1.35,1.0
1645,ChillerElectricEIR_VSDScrollAirChiller,"Packaged water chiller, scroll, liquid chiller, packaged unit with integral air cooled condenser, 45 Ton, includes standard controls",158.265,,rs-means,Unit,181875,each,,,,,,,,,,,1.35,1.0
1646,ChillerElectricEIR_VSDScrollAirChiller,"Packaged water chiller, scroll, liquid chiller, packaged unit with integral air cooled condenser, 70 Ton, includes standard controls",246.19,,rs-means,Unit,181876,each,,,,,,,,,,,1.35,1.0
1647,ChillerElectricEIR_VSDScrollAirChiller,"Packaged water chiller, scroll, liquid chiller, packaged unit with integral air cooled condenser, 100 Ton, includes standard controls",351.7,,rs-means,Unit,181877,each,,,,,,,,,,,1.35,1.0
1648,ChillerElectricEIR_VSDScrollAirChiller,"Packaged water chiller, scroll, liquid chiller, packaged unit with integral air cooled condenser, 110 Ton, includes standard controls",386.87,,rs-means,Unit,181878,each,,,,,,,,,,,1.35,1.0
1649,ChillerElectricEIR_VSDScrollAirChiller,"Packaged water chiller, scroll, liquid chiller, packaged unit with integral air cooled condenser, 130 Ton, includes standard controls",457.21,,rs-means,Unit,181879,each,,,,,,,,,,,1.35,1.0
1650,ChillerElectricEIR_VSDScrollAirChiller,"Packaged water chiller, scroll, liquid chiller, packaged unit with integral air cooled condenser, 170 Ton, includes standard controls",597.89,,rs-means,Unit,181880,each,,,,,,,,,,,1.3,1.0
1651,ChillerElectricEIR_VSDScrollAirChiller,"Packaged water chiller, scroll, liquid chiller, packaged unit with integral air cooled condenser, 210 Ton, includes standard controls",738.5699999999999,,rs-means,Unit,181881,each,,,,,,,,,,,1.3,1.0
1652,ChillerElectricEIR_VSDScrollAirChiller,"Packaged water chiller, scroll, liquid chiller, packaged unit with integral air cooled condenser, 250 Ton, includes standard controls",879.25,,rs-means,Unit,181882,each,,,,,,,,,,,1.3,1.0
1653,ChillerElectricEIR_VSDScrollAirChiller,"Packaged water chiller, scroll, liquid chiller, packaged unit with integral air cooled condenser, 275 Ton, includes standard controls",967.175,,rs-means,Unit,181883,each,,,,,,,,,,,1.3,1.0
1654,ChillerElectricEIR_VSDScrollAirChiller,"Packaged water chiller, scroll, liquid chiller, packaged unit with integral air cooled condenser, 300 Ton, includes standard controls",1055.1,,rs-means,Unit,181884,each,,,,,,,,,,,1.3,1.0
1655,ChillerElectricEIR_VSDScrollAirChiller,"Packaged water chiller, scroll, liquid chiller, packaged unit with integral air cooled condenser, 330 Ton, includes standard controls",1160.61,,rs-means,Unit,181885,each,,,,,,,,,,,1.3,1.0
1656,ChillerElectricEIR_VSDScrollAirChiller,"Packaged water chiller, scroll, liquid chiller, packaged unit with integral air cooled condenser, 390 Ton, includes standard controls",1371.6299999999999,,rs-means,Unit,181886,each,,,,,,,,,,,1.3,1.0
1657,vrf_separation tube_indoor,separation tube per branch controller (CZ-P68OBK1U Panasonic),,,custom,Unit,181947,each,ONTARIO,TORONTO,2020.0,271.4,300.0,0.0,1.25,1.25,1.0,,1.0,1.0
1658,vrf_separation tube_outdoor,separation tube per branch controller (CZ-P68OPJ1U Panasonic),,,custom,Unit,181948,each,ONTARIO,TORONTO,2020.0,271.4,300.0,0.0,1.25,1.25,1.0,,1.0,1.0
1659,PEX_tubing,condensation tubing 0.5 inch diameter PEX,0.5,,rs-means,Unit,181949,LF,,,,,,,,,,,1.0,1.0
1660,PVC_coupling,"PVC coupling for PEX and conduit 0.5""",0.5,,rs-means,Unit,181950,each,,,,,,,,,,,1.0,1.0
1661,PVC_tee,"PVC tee connector for PEX and conduit 0.5""",0.5,,rs-means,Unit,181951,each,,,,,,,,,,,1.0,1.0
1662,Refrig-tubing-large,refrigerant piping set 0.5 in supply 1-1/8 in return 10 ft length,10,,rs-means,Unit,181952,each,,,,,,,,,,,1.0,1.0
1663,Refrig-tubing-large,refrigerant piping set 0.5 in supply 1-1/8 in return 20 ft length,20,,rs-means,Unit,181953,each,,,,,,,,,,,1.0,1.0
1664,Refrig-tubing-large,refrigerant piping set 0.5 in supply 1-1/8 in return 50 ft length,50,,rs-means,Unit,181954,each,,,,,,,,,,,1.0,1.0
1665,Slatwall,"MDF panel with wood veener finish for wall sleeve/DOAS suite enclsure 4'x8'x3/4""",,,rs-means,Unit,131955,each,,,,,,,,,,,1.0,1.0
1666,Air_Intake,"Aluminum air intake with screen/grille mill finish 8"" high, 5"" wide, 4' deep",8,,rs-means,Unit,181956,each,,,,,,,,,,,1.0,1.0
1667,Condenser_wall_mount,metal struts to hanger condensers off wall (include installation,,,rs-means,Unit,181957,each,,,,,,,,,,,1.0,1.0
1668,Flue_coupling,"coupling for PVC flues: 4"" diameter",,,rs-means,Unit,181958,each,,,,,,,,,,,1.0,1.0
1669,WaterGas_HE,"Commercial gas water heater, 22 kW, 73 gph (US), excludes vent",22,,rs-means,Unit,181349,,,,,,,,,,,,1.3,1.0
1670,WaterGas_HE,"Commercial gas water heater, 29 kW, 95 gph (US), excludes vent",29,,rs-means,Unit,181350,,,,,,,,,,,,1.3,1.0
1671,WaterGas_HE,"Commercial gas water heater, 35 kW, 110 gph (US), excludes vent",35,,rs-means,Unit,181351,,,,,,,,,,,,1.3,1.0
1672,WaterGas_HE,"Commercial gas water heater, 35 kW, 115 gph (US), excludes vent",35,,rs-means,Unit,181352,,,,,,,,,,,,1.3,1.0
1673,WaterGas_HE,"Commercial gas water heater, 41 kW, 130 gph (US), excludes vent",41,,rs-means,Unit,181353,,,,,,,,,,,,1.3,1.0
1674,WaterGas_HE,"Commercial gas water heater, 45 kW, 150 gph (US), excludes vent",45,,rs-means,Unit,181354,,,,,,,,,,,,1.3,1.0
1675,WaterGas_HE,"Commercial gas water heater, 53 kW, 170 gph (US), excludes vent",53,,rs-means,Unit,181355,,,,,,,,,,,,1.3,1.0
1676,WaterGas_HE,"Commercial gas water heater, 59 kW, 192 gph (US), excludes vent",59,,rs-means,Unit,181356,,,,,,,,,,,,1.3,1.0
1677,WaterGas_HE,"Commercial gas water heater, 73 kW, 245 gph (US), excludes vent",73,,rs-means,Unit,181357,,,,,,,,,,,,1.3,1.0
1678,WaterGas_HE,"Commercial gas water heater, 76 kW, 250 gph (US), excludes vent",76,,rs-means,Unit,181358,,,,,,,,,,,,1.3,1.0
1679,WaterGas_HE,"Commercial gas water heater, 106 kW, 360 gph (US), excludes vent",106,,rs-means,Unit,181359,,,,,,,,,,,,1.3,1.0
1680,WaterGas_HE,"Commercial gas water heater, 147 kW, 480 gph (US), excludes vent",147,,rs-means,Unit,181360,,,,,,,,,,,,1.3,1.0
1681,WaterGas_HE,"Commercial gas water heater, 212 kW, 690 gph (US), excludes vent",212,,rs-means,Unit,181361,,,,,,,,,,,,1.3,1.0
1682,WaterOil_HE,"Commerical oil-fired water heater, 41 kW, 135 gph (US), 140 gallons (US)",41,140,rs-means,Unit,181362,,,,,,,,,,,,1.3,1.0
1683,WaterOil_HE,"Commerical oil-fired water heater, 58 kW, 191 gph (US), 140 gallons (US)",58,140,rs-means,Unit,181363,,,,,,,,,,,,1.3,1.0
1684,WaterOil_HE,"Commerical oil-fired water heater, 75 kW, 247 gph (US), 140 gallons (US)",75,140,rs-means,Unit,181364,,,,,,,,,,,,1.3,1.0
1685,WaterOil_HE,"Commerical oil-fired water heater, 79 kW, 259 gph (US), 140 gallons (US)",79,140,rs-means,Unit,181365,,,,,,,,,,,,1.3,1.0
1686,WaterOil_HE,"Commerical oil-fired water heater, 117 kW, 384 gph (US), 140 gallons (US)",117,140,rs-means,Unit,181366,,,,,,,,,,,,1.3,1.0
1687,WaterOil_HE,"Commerical oil-fired water heater, 158 kW, 519 gph (US), 140 gallons (US)",158,140,rs-means,Unit,181367,,,,,,,,,,,,1.3,1.0
1688,WaterOil_HE,"Commerical oil-fired water heater, 211 kW, 691 gph (US), 140 gallons (US)",211,140,rs-means,Unit,181368,,,,,,,,,,,,1.3,1.0
1689,WaterOil_HE,"Commerical oil-fired water heater, 88 kW, 288 gph (US), 221 gallons (US)",88,221,rs-means,Unit,181369,,,,,,,,,,,,1.3,1.0
1690,WaterOil_HE,"Commerical oil-fired water heater,175.8 kW, 576 gph (US), 221 gallons (US)",175.8,221,rs-means,Unit,181370,,,,,,,,,,,,1.3,1.0
1691,WaterOil_HE,"Commerical oil-fired water heater, 234.4 kW, 768 gph (US), 221 gallons (US)",234.4,221,rs-means,Unit,181371,,,,,,,,,,,,1.3,1.0
1692,WaterOil_HE,"Commerical oil-fired water heater, 292 kW, 960 gph (US), 201 gallons (US)",293,201,rs-means,Unit,181372,,,,,,,,,,,,1.3,1.0
1693,WaterOil_HE,"Commerical oil-fired water heater, 366 kW, 1200 gph (US), 201 gallons (US)",366,201,rs-means,Unit,181373,,,,,,,,,,,,1.3,1.0
1694,WaterOil_HE,"Commerical oil-fired water heater, 440 kW, 1441 gph (US), 201 gallons (US)",440,201,rs-means,Unit,181374,,,,,,,,,,,,1.3,1.0
1695,WaterOil_HE,"Commerical oil-fired water heater, 175.8 kW, 576 gph (US), 411 gallons (US)",175.8,411,rs-means,Unit,181375,,,,,,,,,,,,1.3,1.0
1696,WaterOil_HE,"Commerical oil-fired water heater, 234 kW, 768 gph (US), 411 gallons (US)",234,411,rs-means,Unit,181376,,,,,,,,,,,,1.3,1.0
1697,WaterOil_HE,"Commerical oil-fired water heater, 293 kW, 960 gph (US), 411 gallons (US)",293,411,rs-means,Unit,181377,,,,,,,,,,,,1.3,1.0
1698,WaterOil_HE,"Commerical oil-fired water heater, 366 kW, 1200 gph (US), 411 gallons (US)",366,411,rs-means,Unit,181378,,,,,,,,,,,,1.3,1.0
1699,WaterOil_HE,"Commerical oil-fired water heater, 440 kW, 1441 gph (US), 397 gallons (US)",440,397,rs-means,Unit,181379,,,,,,,,,,,,1.3,1.0
1700,WaterOil_HE,"Commerical oil-fired water heater, 513 kW, 1681 gph (US), 397 gallons (US)",513,397,rs-means,Unit,181380,,,,,,,,,,,,1.3,1.0
1701,WaterOil_HE,"Commerical oil-fired water heater, 586 kW, 1921 gph (US), 397 gallons (US)",586,397,rs-means,Unit,181381,,,,,,,,,,,,1.3,1.0
1702,WaterOil_HE,"Commerical oil-fired water heater, 659 kW, 2161 gph (US), 375 gallons (US)",659,375,rs-means,Unit,181382,,,,,,,,,,,,1.3,1.0
1703,WaterOil_HE,"Commerical oil-fired water heater, 732.5 kW, 2401 gph (US), 375 gallons (US)",732.5,375,rs-means,Unit,181383,,,,,,,,,,,,1.3,1.0
1704,gshp_ground_loop,Ground source heat pump ground loop cost estimate per kW,,,custom,,311959,kW,NATIONAL,NATIONAL,2022.0,2400.0,0.0,0.0,1.0,1.0,1.0,Cost Estimate of $2400/kW for GSHP ground loop done in winter 2022-2023.,1.0,1.0
1705,gshp_buried_pipe,"Buried pipe from building to ground source heat pump bore field, 50 mm or less",50,,custom,,311960,L.M.,NATIONAL,NATIONAL,2022.0,700.0,0.0,0.0,1.0,1.0,1.0,Cost Estimate of $700/m for piping done in spring 2022-2023.,1.0,1.0
1706,gshp_buried_pipe,"Buried pipe from building to ground source heat pump bore field, 50 mm to 100 mm",100,,custom,,311961,L.M.,NATIONAL,NATIONAL,2022.0,900.0,0.0,0.0,1.0,1.0,1.0,Cost Estimate of $900/m for piping done in spring 2022-2023.,1.0,1.0
1707,gshp_buried_pipe,"Buried pipe from building to ground source heat pump bore field, 100 mm to 150 mm",150,,custom,,311962,L.M.,NATIONAL,NATIONAL,2022.0,1000.0,0.0,0.0,1.0,1.0,1.0,Cost Estimate of $1000/m for piping done in spring 2022-2023.,1.0,1.0
1708,gshp_buried_pipe,"Buried pipe from building to ground source heat pump bore field, 150 mm to 200 mm",200,,custom,,311963,L.M.,NATIONAL,NATIONAL,2022.0,1200.0,0.0,0.0,1.0,1.0,1.0,Cost Estimate of $1200/m for piping done in spring 2022-2023.,1.0,1.0
1709,gshp_buried_pipe,"Buried pipe from building to ground source heat pump bore field, over 200 mm",250,,custom,,311964,L.M.,NATIONAL,NATIONAL,2022.0,1400.0,0.0,0.0,1.0,1.0,1.0,Cost Estimate of $1400/m for piping done in spring 2022-2023.,1.0,1.0
1710,SteelPipe,"Pipe, steel, black, welded, 6"" diameter, schedule 40, Spec. A-53, includes yoke & roll hanger assembly, sized for covering, 10' OC",6,,rs-means,Unit,181965,L.F.,,,,,,,,,,,1.0,1.0
1711,SteelPipe,"Pipe, steel, black, welded, 8"" diameter, schedule 40, Spec. A-53, includes yoke & roll hanger assembly, sized for covering, 10' OC",8,,rs-means,Unit,181966,L.F.,,,,,,,,,,,1.0,1.0
1712,HPHW_Heater,"HPHW, 9 kW, 30 MBH 30-gallon (US)",9,30,industry,Unit,181967,each,,,,1300.0,1100.0,300.0,1.0,1.0,1.0,,1.0,1.0
1713,HPHW_Heater,"HPHW, 11 kW, 35 MBH 40-gallon (US)",11,40,industry,Unit,181968,each,,,,1500.0,1100.0,400.0,1.0,1.0,1.0,,1.0,1.0
1714,HPHW_Heater,"HPHW, 15 kW, 50 MBH 50-gallon (US)",15,50,industry,Unit,181969,each,,,,1800.0,1400.0,400.0,1.0,1.0,1.0,,1.0,1.0
1715,HPHW_Heater,"HPHW, 25 kW, 80 MBH 80-gallon (US)",25,80,industry,Unit,181970,each,,,,3200.0,2000.0,400.0,1.0,1.0,1.0,,1.0,1.0
1716,HPHW_Heater,"HPHW, 30 kW, 100 MBH 100-gallon (US)",30,100,industry,Unit,181971,each,,,,6000.0,3200.0,600.0,1.0,1.0,1.0,,1.0,1.0
1717,HPHW_Heater,"HPHW, 35 kW, 120 MBH 120-gallon (US)",35,120,industry,Unit,181972,each,,,,6900.0,3500.0,700.0,1.0,1.0,1.0,,1.0,1.0
