Time,THERMAL ZONE 1:TORONTO INTL AP ANN HTG 99.6% CONDNS DB:Des Heat Load [W],THERMAL ZONE 1:TORONTO INTL AP ANN CLG .4% CONDNS DB=>MWB:Des Sens Cool Load [W],THERMAL ZONE 1:TORONTO INTL AP ANN HTG 99.6% CONDNS DB:Des Heat Mass Flow [kg/s],THERMAL ZONE 1:TORONTO INTL AP ANN CLG .4% CONDNS DB=>MWB:Des Cool Mass Flow [kg/s],THERMAL ZONE 1::Des Latent Heat Load [W],THERMAL ZONE 1::Des Latent Cool Load [W],THERMAL ZONE 1::Des Latent Heat Mass Flow [kg/s],THERMAL ZONE 1::Des Latent Cool Mass Flow [kg/s],THERMAL ZONE 1::Des Heat Load No DOAS [W],THERMAL ZONE 1::Des Sens Cool Load No DOAS [W],THERMAL ZONE 1::Des Latent Heat Load No DOAS [W],THERMAL ZONE 1::Des Latent Cool Load No DOAS [W],THERMAL ZONE 1:TORONTO INTL AP ANN HTG 99.6% CONDNS DB:Heating Zone Temperature [C],THERMAL ZONE 1:TORONTO INTL AP ANN HTG 99.6% CONDNS DB:Heating Zone Relative Humidity [%],THERMAL ZONE 1:TORONTO INTL AP ANN CLG .4% CONDNS DB=>MWB:Cooling Zone Temperature [C],THERMAL ZONE 1:TORONTO INTL AP ANN CLG .4% CONDNS DB=>MWB:Cooling Zone Relative Humidity [%],THERMAL ZONE 2:TORONTO INTL AP ANN HTG 99.6% CONDNS DB:Des Heat Load [W],THERMAL ZONE 2:TORONTO INTL AP ANN CLG .4% CONDNS DB=>MWB:Des Sens Cool Load [W],THERMAL ZONE 2:TORONTO INTL AP ANN HTG 99.6% CONDNS DB:Des Heat Mass Flow [kg/s],THERMAL ZONE 2:TORONTO INTL AP ANN CLG .4% CONDNS DB=>MWB:Des Cool Mass Flow [kg/s],THERMAL ZONE 2::Des Latent Heat Load [W],THERMAL ZONE 2::Des Latent Cool Load [W],THERMAL ZONE 2::Des Latent Heat Mass Flow [kg/s],THERMAL ZONE 2::Des Latent Cool Mass Flow [kg/s],THERMAL ZONE 2::Des Heat Load No DOAS [W],THERMAL ZONE 2::Des Sens Cool Load No DOAS [W],THERMAL ZONE 2::Des Latent Heat Load No DOAS [W],THERMAL ZONE 2::Des Latent Cool Load No DOAS [W],THERMAL ZONE 2:TORONTO INTL AP ANN HTG 99.6% CONDNS DB:Heating Zone Temperature [C],THERMAL ZONE 2:TORONTO INTL AP ANN HTG 99.6% CONDNS DB:Heating Zone Relative Humidity [%],THERMAL ZONE 2:TORONTO INTL AP ANN CLG .4% CONDNS DB=>MWB:Cooling Zone Temperature [C],THERMAL ZONE 2:TORONTO INTL AP ANN CLG .4% CONDNS DB=>MWB:Cooling Zone Relative Humidity [%],THERMAL ZONE 3:TORONTO INTL AP ANN HTG 99.6% CONDNS DB:Des Heat Load [W],THERMAL ZONE 3:TORONTO INTL AP ANN CLG .4% CONDNS DB=>MWB:Des Sens Cool Load [W],THERMAL ZONE 3:TORONTO INTL AP ANN HTG 99.6% CONDNS DB:Des Heat Mass Flow [kg/s],THERMAL ZONE 3:TORONTO INTL AP ANN CLG .4% CONDNS DB=>MWB:Des Cool Mass Flow [kg/s],THERMAL ZONE 3::Des Latent Heat Load [W],THERMAL ZONE 3::Des Latent Cool Load [W],THERMAL ZONE 3::Des Latent Heat Mass Flow [kg/s],THERMAL ZONE 3::Des Latent Cool Mass Flow [kg/s],THERMAL ZONE 3::Des Heat Load No DOAS [W],THERMAL ZONE 3::Des Sens Cool Load No DOAS [W],THERMAL ZONE 3::Des Latent Heat Load No DOAS [W],THERMAL ZONE 3::Des Latent Cool Load No DOAS [W],THERMAL ZONE 3:TORONTO INTL AP ANN HTG 99.6% CONDNS DB:Heating Zone Temperature [C],THERMAL ZONE 3:TORONTO INTL AP ANN HTG 99.6% CONDNS DB:Heating Zone Relative Humidity [%],THERMAL ZONE 3:TORONTO INTL AP ANN CLG .4% CONDNS DB=>MWB:Cooling Zone Temperature [C],THERMAL ZONE 3:TORONTO INTL AP ANN CLG .4% CONDNS DB=>MWB:Cooling Zone Relative Humidity [%],THERMAL ZONE 4:TORONTO INTL AP ANN HTG 99.6% CONDNS DB:Des Heat Load [W],THERMAL ZONE 4:TORONTO INTL AP ANN CLG .4% CONDNS DB=>MWB:Des Sens Cool Load [W],THERMAL ZONE 4:TORONTO INTL AP ANN HTG 99.6% CONDNS DB:Des Heat Mass Flow [kg/s],THERMAL ZONE 4:TORONTO INTL AP ANN CLG .4% CONDNS DB=>MWB:Des Cool Mass Flow [kg/s],THERMAL ZONE 4::Des Latent Heat Load [W],THERMAL ZONE 4::Des Latent Cool Load [W],THERMAL ZONE 4::Des Latent Heat Mass Flow [kg/s],THERMAL ZONE 4::Des Latent Cool Mass Flow [kg/s],THERMAL ZONE 4::Des Heat Load No DOAS [W],THERMAL ZONE 4::Des Sens Cool Load No DOAS [W],THERMAL ZONE 4::Des Latent Heat Load No DOAS [W],THERMAL ZONE 4::Des Latent Cool Load No DOAS [W],THERMAL ZONE 4:TORONTO INTL AP ANN HTG 99.6% CONDNS DB:Heating Zone Temperature [C],THERMAL ZONE 4:TORONTO INTL AP ANN HTG 99.6% CONDNS DB:Heating Zone Relative Humidity [%],THERMAL ZONE 4:TORONTO INTL AP ANN CLG .4% CONDNS DB=>MWB:Cooling Zone Temperature [C],THERMAL ZONE 4:TORONTO INTL AP ANN CLG .4% CONDNS DB=>MWB:Cooling Zone Relative Humidity [%],THERMAL ZONE 5:TORONTO INTL AP ANN HTG 99.6% CONDNS DB:Des Heat Load [W],THERMAL ZONE 5:TORONTO INTL AP ANN CLG .4% CONDNS DB=>MWB:Des Sens Cool Load [W],THERMAL ZONE 5:TORONTO INTL AP ANN HTG 99.6% CONDNS DB:Des Heat Mass Flow [kg/s],THERMAL ZONE 5:TORONTO INTL AP ANN CLG .4% CONDNS DB=>MWB:Des Cool Mass Flow [kg/s],THERMAL ZONE 5::Des Latent Heat Load [W],THERMAL ZONE 5::Des Latent Cool Load [W],THERMAL ZONE 5::Des Latent Heat Mass Flow [kg/s],THERMAL ZONE 5::Des Latent Cool Mass Flow [kg/s],THERMAL ZONE 5::Des Heat Load No DOAS [W],THERMAL ZONE 5::Des Sens Cool Load No DOAS [W],THERMAL ZONE 5::Des Latent Heat Load No DOAS [W],THERMAL ZONE 5::Des Latent Cool Load No DOAS [W],THERMAL ZONE 5:TORONTO INTL AP ANN HTG 99.6% CONDNS DB:Heating Zone Temperature [C],THERMAL ZONE 5:TORONTO INTL AP ANN HTG 99.6% CONDNS DB:Heating Zone Relative Humidity [%],THERMAL ZONE 5:TORONTO INTL AP ANN CLG .4% CONDNS DB=>MWB:Cooling Zone Temperature [C],THERMAL ZONE 5:TORONTO INTL AP ANN CLG .4% CONDNS DB=>MWB:Cooling Zone Relative Humidity [%]
00:15:00,1.094955E+04,0.000000E+00,5.647868E-01,0.000000E+00,0.000000E+00,0.000000E+00,0.000000E+00,0.000000E+00,0.000000E+00,0.000000E+00,0.000000E+00,0.000000E+00,2.098771E+01,4.415736E+01,2.641717E+01,5.645830E+01,5.214174E+03,0.000000E+00,2.689604E-01,0.000000E+00,0.000000E+00,0.000000E+00,0.000000E+00,0.000000E+00,0.000000E+00,0.000000E+00,0.000000E+00,0.000000E+00,2.098835E+01,4.464164E+01,2.669176E+01,5.511809E+01,1.100904E+04,0.000000E+00,5.678554E-01,0.000000E+00,0.000000E+00,0.000000E+00,0.000000E+00,0.000000E+00,0.000000E+00,0.000000E+00,0.000000E+00,0.000000E+00,2.098772E+01,4.418782E+01,2.628157E+01,5.693126E+01,5.214174E+03,0.000000E+00,2.689604E-01,0.000000E+00,0.000000E+00,0.000000E+00,0.000000E+00,0.000000E+00,0.000000E+00,0.000000E+00,0.000000E+00,0.000000E+00,2.098835E+01,4.464164E+01,2.633580E+01,5.665305E+01,1.226774E+04,0.000000E+00,6.327248E-01,0.000000E+00,0.000000E+00,0.000000E+00,0.000000E+00,0.000000E+00,0.000000E+00,0.000000E+00,0.000000E+00,0.000000E+00,2.098604E+01,3.991583E+01,2.648457E+01,5.662114E+01
00:30:00,1.094916E+04,0.000000E+00,5.647668E-01,0.000000E+00,0.000000E+00,0.000000E+00,0.000000E+00,0.000000E+00,0.000000E+00,0.000000E+00,0.000000E+00,0.000000E+00,2.098771E+01,4.415741E+01,2.643386E+01,5.693426E+01,5.214008E+03,0.000000E+00,2.689518E-01,0.000000E+00,0.000000E+00,0.000000E+00,0.000000E+00,0.000000E+00,0.000000E+00,0.000000E+00,0.000000E+00,0.000000E+00,2.098835E+01,4.464169E+01,2.669673E+01,5.566849E+01,1.100871E+04,0.000000E+00,5.678384E-01,0.000000E+00,0.000000E+00,0.000000E+00,0.000000E+00,0.000000E+00,0.000000E+00,0.000000E+00,0.000000E+00,0.000000E+00,2.098772E+01,4.418786E+01,2.629337E+01,5.742542E+01,5.214008E+03,0.000000E+00,2.689518E-01,0.000000E+00,0.000000E+00,0.000000E+00,0.000000E+00,0.000000E+00,0.000000E+00,0.000000E+00,0.000000E+00,0.000000E+00,2.098835E+01,4.464169E+01,2.635081E+01,5.714444E+01,1.226764E+04,0.000000E+00,6.327193E-01,0.000000E+00,0.000000E+00,0.000000E+00,0.000000E+00,0.000000E+00,0.000000E+00,0.000000E+00,0.000000E+00,0.000000E+00,2.098604E+01,3.991590E+01,2.652739E+01,5.696928E+01
00:45:00,1.094878E+04,0.000000E+00,5.647470E-01,0.000000E+00,0.000000E+00,0.000000E+00,0.000000E+00,0.000000E+00,0.000000E+00,0.000000E+00,0.000000E+00,0.000000E+00,2.098771E+01,4.415745E+01,2.644452E+01,5.737761E+01,5.213844E+03,0.000000E+00,2.689433E-01,0.000000E+00,0.000000E+00,0.000000E+00,0.000000E+00,0.000000E+00,0.000000E+00,0.000000E+00,0.000000E+00,0.000000E+00,2.098835E+01,4.464172E+01,2.669543E+01,5.618367E+01,1.100838E+04,0.000000E+00,5.678215E-01,0.000000E+00,0.000000E+00,0.000000E+00,0.000000E+00,0.000000E+00,0.000000E+00,0.000000E+00,0.000000E+00,0.000000E+00,2.098772E+01,4.418790E+01,2.630052E+01,5.788246E+01,5.213844E+03,0.000000E+00,2.689433E-01,0.000000E+00,0.000000E+00,0.000000E+00,0.000000E+00,0.000000E+00,0.000000E+00,0.000000E+00,0.000000E+00,0.000000E+00,2.098835E+01,4.464172E+01,2.636058E+01,5.759968E+01,1.226753E+04,0.000000E+00,6.327135E-01,0.000000E+00,0.000000E+00,0.000000E+00,0.000000E+00,0.000000E+00,0.000000E+00,0.000000E+00,0.000000E+00,0.000000E+00,2.098604E+01,3.991597E+01,2.656267E+01,5.729276E+01
01:00:00,1.094840E+04,0.000000E+00,5.647273E-01,0.000000E+00,0.000000E+00,0.000000E+00,0.000000E+00,0.000000E+00,0.000000E+00,0.000000E+00,0.000000E+00,0.000000E+00,2.098771E+01,4.415749E+01,2.644855E+01,5.779595E+01,5.213680E+03,0.000000E+00,2.689349E-01,0.000000E+00,0.000000E+00,0.000000E+00,0.000000E+00,0.000000E+00,0.000000E+00,0.000000E+00,0.000000E+00,0.000000E+00,2.098835E+01,4.464176E+01,2.668824E+01,5.666837E+01,1.100806E+04,0.000000E+00,5.678047E-01,0.000000E+00,0.000000E+00,0.000000E+00,0.000000E+00,0.000000E+00,0.000000E+00,0.000000E+00,0.000000E+00,0.000000E+00,2.098772E+01,4.418794E+01,2.630180E+01,5.831210E+01,5.213680E+03,0.000000E+00,2.689349E-01,0.000000E+00,0.000000E+00,0.000000E+00,0.000000E+00,0.000000E+00,0.000000E+00,0.000000E+00,0.000000E+00,0.000000E+00,2.098835E+01,4.464176E+01,2.636405E+01,5.802807E+01,1.226741E+04,0.000000E+00,6.327076E-01,0.000000E+00,0.000000E+00,0.000000E+00,0.000000E+00,0.000000E+00,0.000000E+00,0.000000E+00,0.000000E+00,0.000000E+00,2.098604E+01,3.991604E+01,2.659055E+01,5.759651E+01
01:15:00,1.094847E+04,0.000000E+00,5.647309E-01,0.000000E+00,0.000000E+00,0.000000E+00,0.000000E+00,0.000000E+00,0.000000E+00,0.000000E+00,0.000000E+00,0.000000E+00,2.098771E+01,4.415753E+01,2.644647E+01,5.819261E+01,5.213712E+03,0.000000E+00,2.689365E-01,0.000000E+00,0.000000E+00,0.000000E+00,0.000000E+00,0.000000E+00,0.000000E+00,0.000000E+00,0.000000E+00,0.000000E+00,2.098835E+01,4.464179E+01,2.667560E+01,5.712645E+01,1.100812E+04,0.000000E+00,5.678082E-01,0.000000E+00,0.000000E+00,0.000000E+00,0.000000E+00,0.000000E+00,0.000000E+00,0.000000E+00,0.000000E+00,0.000000E+00,2.098772E+01,4.418798E+01,2.629763E+01,5.871795E+01,5.213712E+03,0.000000E+00,2.689365E-01,0.000000E+00,0.000000E+00,0.000000E+00,0.000000E+00,0.000000E+00,0.000000E+00,0.000000E+00,0.000000E+00,0.000000E+00,2.098835E+01,4.464179E+01,2.636168E+01,5.843318E+01,1.226749E+04,0.000000E+00,6.327118E-01,0.000000E+00,0.000000E+00,0.000000E+00,0.000000E+00,0.000000E+00,0.000000E+00,0.000000E+00,0.000000E+00,0.000000E+00,2.098604E+01,3.991610E+01,2.661166E+01,5.788319E+01
01:30:00,1.094853E+04,0.000000E+00,5.647344E-01,0.000000E+00,0.000000E+00,0.000000E+00,0.000000E+00,0.000000E+00,0.000000E+00,0.000000E+00,0.000000E+00,0.000000E+00,2.098771E+01,4.415756E+01,2.644343E+01,5.855435E+01,5.213743E+03,0.000000E+00,2.689381E-01,0.000000E+00,0.000000E+00,0.000000E+00,0.000000E+00,0.000000E+00,0.000000E+00,0.000000E+00,0.000000E+00,0.000000E+00,2.098835E+01,4.464183E+01,2.666272E+01,5.754502E+01,1.100819E+04,0.000000E+00,5.678114E-01,0.000000E+00,0.000000E+00,0.000000E+00,0.000000E+00,0.000000E+00,0.000000E+00,0.000000E+00,0.000000E+00,0.000000E+00,2.098772E+01,4.418801E+01,2.629305E+01,5.908692E+01,5.213743E+03,0.000000E+00,2.689381E-01,0.000000E+00,0.000000E+00,0.000000E+00,0.000000E+00,0.000000E+00,0.000000E+00,0.000000E+00,0.000000E+00,0.000000E+00,2.098835E+01,4.464183E+01,2.635860E+01,5.880181E+01,1.226757E+04,0.000000E+00,6.327156E-01,0.000000E+00,0.000000E+00,0.000000E+00,0.000000E+00,0.000000E+00,0.000000E+00,0.000000E+00,0.000000E+00,0.000000E+00,2.098604E+01,3.991615E+01,2.662961E+01,5.814469E+01
01:45:00,1.094859E+04,0.000000E+00,5.647376E-01,0.000000E+00,0.000000E+00,0.000000E+00,0.000000E+00,0.000000E+00,0.000000E+00,0.000000E+00,0.000000E+00,0.000000E+00,2.098771E+01,4.415759E+01,2.643640E+01,5.889551E+01,5.213771E+03,0.000000E+00,2.689396E-01,0.000000E+00,0.000000E+00,0.000000E+00,0.000000E+00,0.000000E+00,0.000000E+00,0.000000E+00,0.000000E+00,0.000000E+00,2.098835E+01,4.464185E+01,2.664642E+01,5.793888E+01,1.100824E+04,0.000000E+00,5.678144E-01,0.000000E+00,0.000000E+00,0.000000E+00,0.000000E+00,0.000000E+00,0.000000E+00,0.000000E+00,0.000000E+00,0.000000E+00,2.098772E+01,4.418804E+01,2.628497E+01,5.943363E+01,5.213771E+03,0.000000E+00,2.689396E-01,0.000000E+00,0.000000E+00,0.000000E+00,0.000000E+00,0.000000E+00,0.000000E+00,0.000000E+00,0.000000E+00,0.000000E+00,2.098835E+01,4.464185E+01,2.635152E+01,5.914932E+01,1.226763E+04,0.000000E+00,6.327191E-01,0.000000E+00,0.000000E+00,0.000000E+00,0.000000E+00,0.000000E+00,0.000000E+00,0.000000E+00,0.000000E+00,0.000000E+00,2.098604E+01,3.991620E+01,2.664245E+01,5.839144E+01
02:00:00,1.094865E+04,0.000000E+00,5.647406E-01,0.000000E+00,0.000000E+00,0.000000E+00,0.000000E+00,0.000000E+00,0.000000E+00,0.000000E+00,0.000000E+00,0.000000E+00,2.098771E+01,4.415762E+01,2.642561E+01,5.921884E+01,5.213798E+03,0.000000E+00,2.689410E-01,0.000000E+00,0.000000E+00,0.000000E+00,0.000000E+00,0.000000E+00,0.000000E+00,0.000000E+00,0.000000E+00,0.000000E+00,2.098835E+01,4.464188E+01,2.662683E+01,5.831133E+01,1.100830E+04,0.000000E+00,5.678172E-01,0.000000E+00,0.000000E+00,0.000000E+00,0.000000E+00,0.000000E+00,0.000000E+00,0.000000E+00,0.000000E+00,0.000000E+00,2.098772E+01,4.418807E+01,2.627355E+01,5.976105E+01,5.213798E+03,0.000000E+00,2.689410E-01,0.000000E+00,0.000000E+00,0.000000E+00,0.000000E+00,0.000000E+00,0.000000E+00,0.000000E+00,0.000000E+00,0.000000E+00,2.098835E+01,4.464188E+01,2.634074E+01,5.947831E+01,1.226769E+04,0.000000E+00,6.327222E-01,0.000000E+00,0.000000E+00,0.000000E+00,0.000000E+00,0.000000E+00,0.000000E+00,0.000000E+00,0.000000E+00,0.000000E+00,2.098604E+01,3.991625E+01,2.665077E+01,5.862475E+01
02:15:00,1.094871E+04,0.000000E+00,5.647434E-01,0.000000E+00,0.000000E+00,0.000000E+00,0.000000E+00,0.000000E+00,0.000000E+00,0.000000E+00,0.000000E+00,0.000000E+00,2.098771E+01,4.415765E+01,2.641131E+01,5.952670E+01,5.213823E+03,0.000000E+00,2.689423E-01,0.000000E+00,0.000000E+00,0.000000E+00,0.000000E+00,0.000000E+00,0.000000E+00,0.000000E+00,0.000000E+00,0.000000E+00,2.098835E+01,4.464191E+01,2.660412E+01,5.866519E+01,1.100835E+04,0.000000E+00,5.678199E-01,0.000000E+00,0.000000E+00,0.000000E+00,0.000000E+00,0.000000E+00,0.000000E+00,0.000000E+00,0.000000E+00,0.000000E+00,2.098772E+01,4.418809E+01,2.625898E+01,6.007173E+01,5.213823E+03,0.000000E+00,2.689423E-01,0.000000E+00,0.000000E+00,0.000000E+00,0.000000E+00,0.000000E+00,0.000000E+00,0.000000E+00,0.000000E+00,0.000000E+00,2.098835E+01,4.464191E+01,2.632646E+01,5.979129E+01,1.226775E+04,0.000000E+00,6.327252E-01,0.000000E+00,0.000000E+00,0.000000E+00,0.000000E+00,0.000000E+00,0.000000E+00,0.000000E+00,0.000000E+00,0.000000E+00,2.098604E+01,3.991629E+01,2.665500E+01,5.884620E+01
02:30:00,1.094876E+04,0.000000E+00,5.647462E-01,0.000000E+00,0.000000E+00,0.000000E+00,0.000000E+00,0.000000E+00,0.000000E+00,0.000000E+00,0.000000E+00,0.000000E+00,2.098771E+01,4.415768E+01,2.639608E+01,5.981287E+01,5.213847E+03,0.000000E+00,2.689435E-01,0.000000E+00,0.000000E+00,0.000000E+00,0.000000E+00,0.000000E+00,0.000000E+00,0.000000E+00,0.000000E+00,0.000000E+00,2.098835E+01,4.464193E+01,2.658090E+01,5.899441E+01,1.100840E+04,0.000000E+00,5.678224E-01,0.000000E+00,0.000000E+00,0.000000E+00,0.000000E+00,0.000000E+00,0.000000E+00,0.000000E+00,0.000000E+00,0.000000E+00,2.098772E+01,4.418812E+01,2.624380E+01,6.035952E+01,5.213847E+03,0.000000E+00,2.689435E-01,0.000000E+00,0.000000E+00,0.000000E+00,0.000000E+00,0.000000E+00,0.000000E+00,0.000000E+00,0.000000E+00,0.000000E+00,2.098835E+01,4.464193E+01,2.631129E+01,6.008199E+01,1.226780E+04,0.000000E+00,6.327279E-01,0.000000E+00,0.000000E+00,0.000000E+00,0.000000E+00,0.000000E+00,0.000000E+00,0.000000E+00,0.000000E+00,0.000000E+00,2.098604E+01,3.991633E+01,2.665697E+01,5.905210E+01
02:45:00,1.094881E+04,0.000000E+00,5.647487E-01,0.000000E+00,0.000000E+00,0.000000E+00,0.000000E+00,0.000000E+00,0.000000E+00,0.000000E+00,0.000000E+00,0.000000E+00,2.098771E+01,4.415771E+01,2.637841E+01,6.008518E+01,5.213870E+03,0.000000E+00,2.689447E-01,0.000000E+00,0.000000E+00,0.000000E+00,0.000000E+00,0.000000E+00,0.000000E+00,0.000000E+00,0.000000E+00,0.000000E+00,2.098835E+01,4.464196E+01,2.655553E+01,5.930734E+01,1.100845E+04,0.000000E+00,5.678248E-01,0.000000E+00,0.000000E+00,0.000000E+00,0.000000E+00,0.000000E+00,0.000000E+00,0.000000E+00,0.000000E+00,0.000000E+00,2.098772E+01,4.418814E+01,2.622645E+01,6.063247E+01,5.213870E+03,0.000000E+00,2.689447E-01,0.000000E+00,0.000000E+00,0.000000E+00,0.000000E+00,0.000000E+00,0.000000E+00,0.000000E+00,0.000000E+00,0.000000E+00,2.098835E+01,4.464196E+01,2.629360E+01,6.035875E+01,1.226785E+04,0.000000E+00,6.327304E-01,0.000000E+00,0.000000E+00,0.000000E+00,0.000000E+00,0.000000E+00,0.000000E+00,0.000000E+00,0.000000E+00,0.000000E+00,2.098604E+01,3.991636E+01,2.665588E+01,5.924763E+01
03:00:00,1.094886E+04,0.000000E+00,5.647512E-01,0.000000E+00,0.000000E+00,0.000000E+00,0.000000E+00,0.000000E+00,0.000000E+00,0.000000E+00,0.000000E+00,0.000000E+00,2.098771E+01,4.415773E+01,2.635823E+01,6.034620E+01,5.213891E+03,0.000000E+00,2.689458E-01,0.000000E+00,0.000000E+00,0.000000E+00,0.000000E+00,0.000000E+00,0.000000E+00,0.000000E+00,0.000000E+00,0.000000E+00,2.098835E+01,4.464198E+01,2.652786E+01,5.960699E+01,1.100849E+04,0.000000E+00,5.678271E-01,0.000000E+00,0.000000E+00,0.000000E+00,0.000000E+00,0.000000E+00,0.000000E+00,0.000000E+00,0.000000E+00,0.000000E+00,2.098772E+01,4.418817E+01,2.620685E+01,6.089320E+01,5.213891E+03,0.000000E+00,2.689458E-01,0.000000E+00,0.000000E+00,0.000000E+00,0.000000E+00,0.000000E+00,0.000000E+00,0.000000E+00,0.000000E+00,0.000000E+00,2.098835E+01,4.464198E+01,2.627335E+01,6.062403E+01,1.226790E+04,0.000000E+00,6.327327E-01,0.000000E+00,0.000000E+00,0.000000E+00,0.000000E+00,0.000000E+00,0.000000E+00,0.000000E+00,0.000000E+00,0.000000E+00,2.098604E+01,3.991640E+01,2.665190E+01,5.943436E+01
03:15:00,1.094890E+04,0.000000E+00,5.647536E-01,0.000000E+00,0.000000E+00,0.000000E+00,0.000000E+00,0.000000E+00,0.000000E+00,0.000000E+00,0.000000E+00,0.000000E+00,2.098771E+01,4.415775E+01,2.633588E+01,6.059681E+01,5.213912E+03,0.000000E+00,2.689468E-01,0.000000E+00,0.000000E+00,0.000000E+00,0.000000E+00,0.000000E+00,0.000000E+00,0.000000E+00,0.000000E+00,0.000000E+00,2.098835E+01,4.464200E+01,2.649828E+01,5.989409E+01,1.100853E+04,0.000000E+00,5.678293E-01,0.000000E+00,0.000000E+00,0.000000E+00,0.000000E+00,0.000000E+00,0.000000E+00,0.000000E+00,0.000000E+00,0.000000E+00,2.098772E+01,4.418819E+01,2.618528E+01,6.114272E+01,5.213912E+03,0.000000E+00,2.689468E-01,0.000000E+00,0.000000E+00,0.000000E+00,0.000000E+00,0.000000E+00,0.000000E+00,0.000000E+00,0.000000E+00,0.000000E+00,2.098835E+01,4.464200E+01,2.625089E+01,6.087876E+01,1.226794E+04,0.000000E+00,6.327349E-01,0.000000E+00,0.000000E+00,0.000000E+00,0.000000E+00,0.000000E+00,0.000000E+00,0.000000E+00,0.000000E+00,0.000000E+00,2.098604E+01,3.991643E+01,2.664522E+01,5.961358E+01
03:30:00,1.094895E+04,0.000000E+00,5.647558E-01,0.000000E+00,0.000000E+00,0.000000E+00,0.000000E+00,0.000000E+00,0.000000E+00,0.000000E+00,0.000000E+00,0.000000E+00,2.098771E+01,4.415778E+01,2.631158E+01,6.083806E+01,5.213932E+03,0.000000E+00,2.689479E-01,0.000000E+00,0.000000E+00,0.000000E+00,0.000000E+00,0.000000E+00,0.000000E+00,0.000000E+00,0.000000E+00,0.000000E+00,2.098835E+01,4.464202E+01,2.646704E+01,6.016983E+01,1.100857E+04,0.000000E+00,5.678314E-01,0.000000E+00,0.000000E+00,0.000000E+00,0.000000E+00,0.000000E+00,0.000000E+00,0.000000E+00,0.000000E+00,0.000000E+00,2.098772E+01,4.418821E+01,2.616194E+01,6.138219E+01,5.213932E+03,0.000000E+00,2.689479E-01,0.000000E+00,0.000000E+00,0.000000E+00,0.000000E+00,0.000000E+00,0.000000E+00,0.000000E+00,0.000000E+00,0.000000E+00,2.098835E+01,4.464202E+01,2.622643E+01,6.112404E+01,1.226798E+04,0.000000E+00,6.327369E-01,0.000000E+00,0.000000E+00,0.000000E+00,0.000000E+00,0.000000E+00,0.000000E+00,0.000000E+00,0.000000E+00,0.000000E+00,2.098604E+01,3.991646E+01,2.663605E+01,5.978625E+01
03:45:00,1.094899E+04,0.000000E+00,5.647580E-01,0.000000E+00,0.000000E+00,0.000000E+00,0.000000E+00,0.000000E+00,0.000000E+00,0.000000E+00,0.000000E+00,0.000000E+00,2.098771E+01,4.415780E+01,2.628548E+01,6.107111E+01,5.213950E+03,0.000000E+00,2.689488E-01,0.000000E+00,0.000000E+00,0.000000E+00,0.000000E+00,0.000000E+00,0.000000E+00,0.000000E+00,0.000000E+00,0.000000E+00,2.098835E+01,4.464204E+01,2.643423E+01,6.043557E+01,1.100861E+04,0.000000E+00,5.678334E-01,0.000000E+00,0.000000E+00,0.000000E+00,0.000000E+00,0.000000E+00,0.000000E+00,0.000000E+00,0.000000E+00,0.000000E+00,2.098772E+01,4.418823E+01,2.613697E+01,6.161285E+01,5.213950E+03,0.000000E+00,2.689488E-01,0.000000E+00,0.000000E+00,0.000000E+00,0.000000E+00,0.000000E+00,0.000000E+00,0.000000E+00,0.000000E+00,0.000000E+00,2.098835E+01,4.464204E+01,2.620012E+01,6.136107E+01,1.226802E+04,0.000000E+00,6.327388E-01,0.000000E+00,0.000000E+00,0.000000E+00,0.000000E+00,0.000000E+00,0.000000E+00,0.000000E+00,0.000000E+00,0.000000E+00,2.098604E+01,3.991648E+01,2.662463E+01,5.995312E+01
04:00:00,1.094903E+04,0.000000E+00,5.647601E-01,0.000000E+00,0.000000E+00,0.000000E+00,0.000000E+00,0.000000E+00,0.000000E+00,0.000000E+00,0.000000E+00,0.000000E+00,2.098771E+01,4.415782E+01,2.625774E+01,6.129690E+01,5.213969E+03,0.000000E+00,2.689498E-01,0.000000E+00,0.000000E+00,0.000000E+00,0.000000E+00,0.000000E+00,0.000000E+00,0.000000E+00,0.000000E+00,0.000000E+00,2.098835E+01,4.464206E+01,2.640001E+01,6.069245E+01,1.100865E+04,0.000000E+00,5.678353E-01,0.000000E+00,0.000000E+00,0.000000E+00,0.000000E+00,0.000000E+00,0.000000E+00,0.000000E+00,0.000000E+00,0.000000E+00,2.098772E+01,4.418825E+01,2.611049E+01,6.183572E+01,5.213969E+03,0.000000E+00,2.689498E-01,0.000000E+00,0.000000E+00,0.000000E+00,0.000000E+00,0.000000E+00,0.000000E+00,0.000000E+00,0.000000E+00,0.000000E+00,2.098835E+01,4.464206E+01,2.617210E+01,6.159084E+01,1.226805E+04,0.000000E+00,6.327406E-01,0.000000E+00,0.000000E+00,0.000000E+00,0.000000E+00,0.000000E+00,0.000000E+00,0.000000E+00,0.000000E+00,0.000000E+00,2.098604E+01,3.991651E+01,2.661118E+01,6.011487E+01
04:15:00,1.094907E+04,0.000000E+00,5.647621E-01,0.000000E+00,0.000000E+00,0.000000E+00,0.000000E+00,0.000000E+00,0.000000E+00,0.000000E+00,0.000000E+00,0.000000E+00,2.098771E+01,4.415784E+01,2.622850E+01,6.151626E+01,5.213986E+03,0.000000E+00,2.689507E-01,0.000000E+00,0.000000E+00,0.000000E+00,0.000000E+00,0.000000E+00,0.000000E+00,0.000000E+00,0.000000E+00,0.000000E+00,2.098835E+01,4.464207E+01,2.636448E+01,6.094145E+01,1.100869E+04,0.000000E+00,5.678372E-01,0.000000E+00,0.000000E+00,0.000000E+00,0.000000E+00,0.000000E+00,0.000000E+00,0.000000E+00,0.000000E+00,0.000000E+00,2.098772E+01,4.418827E+01,2.608263E+01,6.205170E+01,5.213986E+03,0.000000E+00,2.689507E-01,0.000000E+00,0.000000E+00,0.000000E+00,0.000000E+00,0.000000E+00,0.000000E+00,0.000000E+00,0.000000E+00,0.000000E+00,2.098835E+01,4.464207E+01,2.614253E+01,6.181420E+01,1.226808E+04,0.000000E+00,6.327423E-01,0.000000E+00,0.000000E+00,0.000000E+00,0.000000E+00,0.000000E+00,0.000000E+00,0.000000E+00,0.000000E+00,0.000000E+00,2.098604E+01,3.991653E+01,2.659587E+01,6.027208E+01
04:30:00,1.094911E+04,0.000000E+00,5.647641E-01,0.000000E+00,0.000000E+00,0.000000E+00,0.000000E+00,0.000000E+00,0.000000E+00,0.000000E+00,0.000000E+00,0.000000E+00,2.098771E+01,4.415786E+01,2.620024E+01,6.172140E+01,5.214003E+03,0.000000E+00,2.689515E-01,0.000000E+00,0.000000E+00,0.000000E+00,0.000000E+00,0.000000E+00,0.000000E+00,0.000000E+00,0.000000E+00,0.000000E+00,2.098835E+01,4.464209E+01,2.633017E+01,6.117481E+01,1.100872E+04,0.000000E+00,5.678389E-01,0.000000E+00,0.000000E+00,0.000000E+00,0.000000E+00,0.000000E+00,0.000000E+00,0.000000E+00,0.000000E+00,0.000000E+00,2.098772E+01,4.418828E+01,2.605584E+01,6.225301E+01,5.214003E+03,0.000000E+00,2.689515E-01,0.000000E+00,0.000000E+00,0.000000E+00,0.000000E+00,0.000000E+00,0.000000E+00,0.000000E+00,0.000000E+00,0.000000E+00,2.098835E+01,4.464209E+01,2.611392E+01,6.202323E+01,1.226811E+04,0.000000E+00,6.327438E-01,0.000000E+00,0.000000E+00,0.000000E+00,0.000000E+00,0.000000E+00,0.000000E+00,0.000000E+00,0.000000E+00,0.000000E+00,2.098604E+01,3.991655E+01,2.658042E+01,6.041984E+01
04:45:00,1.094914E+04,0.000000E+00,5.647660E-01,0.000000E+00,0.000000E+00,0.000000E+00,0.000000E+00,0.000000E+00,0.000000E+00,0.000000E+00,0.000000E+00,0.000000E+00,2.098771E+01,4.415788E+01,2.617130E+01,6.191942E+01,5.214019E+03,0.000000E+00,2.689524E-01,0.000000E+00,0.000000E+00,0.000000E+00,0.000000E+00,0.000000E+00,0.000000E+00,0.000000E+00,0.000000E+00,0.000000E+00,2.098835E+01,4.464211E+01,2.629529E+01,6.140005E+01,1.100875E+04,0.000000E+00,5.678407E-01,0.000000E+00,0.000000E+00,0.000000E+00,0.000000E+00,0.000000E+00,0.000000E+00,0.000000E+00,0.000000E+00,0.000000E+00,2.098772E+01,4.418830E+01,2.602845E+01,6.244683E+01,5.214019E+03,0.000000E+00,2.689524E-01,0.000000E+00,0.000000E+00,0.000000E+00,0.000000E+00,0.000000E+00,0.000000E+00,0.000000E+00,0.000000E+00,0.000000E+00,2.098835E+01,4.464211E+01,2.608449E+01,6.222545E+01,1.226814E+04,0.000000E+00,6.327453E-01,0.000000E+00,0.000000E+00,0.000000E+00,0.000000E+00,0.000000E+00,0.000000E+00,0.000000E+00,0.000000E+00,0.000000E+00,2.098604E+01,3.991657E+01,2.656386E+01,6.056256E+01
05:00:00,1.094918E+04,0.000000E+00,5.647678E-01,0.000000E+00,0.000000E+00,0.000000E+00,0.000000E+00,0.000000E+00,0.000000E+00,0.000000E+00,0.000000E+00,0.000000E+00,2.098771E+01,4.415790E+01,2.614169E+01,6.211125E+01,5.214035E+03,0.000000E+00,2.689532E-01,0.000000E+00,0.000000E+00,0.000000E+00,0.000000E+00,0.000000E+00,0.000000E+00,0.000000E+00,0.000000E+00,0.000000E+00,2.098835E+01,4.464212E+01,2.625988E+01,6.161808E+01,1.100879E+04,0.000000E+00,5.678423E-01,0.000000E+00,0.000000E+00,0.000000E+00,0.000000E+00,0.000000E+00,0.000000E+00,0.000000E+00,0.000000E+00,0.000000E+00,2.098772E+01,4.418832E+01,2.600045E+01,6.263416E+01,5.214035E+03,0.000000E+00,2.689532E-01,0.000000E+00,0.000000E+00,0.000000E+00,0.000000E+00,0.000000E+00,0.000000E+00,0.000000E+00,0.000000E+00,0.000000E+00,2.098835E+01,4.464212E+01,2.605431E+01,6.242163E+01,1.226817E+04,0.000000E+00,6.327468E-01,0.000000E+00,0.000000E+00,0.000000E+00,0.000000E+00,0.000000E+00,0.000000E+00,0.000000E+00,0.000000E+00,0.000000E+00,2.098604E+01,3.991659E+01,2.654621E+01,6.070109E+01
05:15:00,1.094921E+04,0.000000E+00,5.647696E-01,0.000000E+00,0.000000E+00,0.000000E+00,0.000000E+00,0.000000E+00,0.000000E+00,0.000000E+00,0.000000E+00,0.000000E+00,2.098771E+01,4.415791E+01,2.611145E+01,6.229766E+01,5.214050E+03,0.000000E+00,2.689540E-01,0.000000E+00,0.000000E+00,0.000000E+00,0.000000E+00,0.000000E+00,0.000000E+00,0.000000E+00,0.000000E+00,0.000000E+00,2.098835E+01,4.464214E+01,2.622398E+01,6.182971E+01,1.100882E+04,0.000000E+00,5.678439E-01,0.000000E+00,0.000000E+00,0.000000E+00,0.000000E+00,0.000000E+00,0.000000E+00,0.000000E+00,0.000000E+00,0.000000E+00,2.098772E+01,4.418833E+01,2.597188E+01,6.281579E+01,5.214050E+03,0.000000E+00,2.689540E-01,0.000000E+00,0.000000E+00,0.000000E+00,0.000000E+00,0.000000E+00,0.000000E+00,0.000000E+00,0.000000E+00,0.000000E+00,2.098835E+01,4.464214E+01,2.602343E+01,6.261250E+01,1.226820E+04,0.000000E+00,6.327481E-01,0.000000E+00,0.000000E+00,0.000000E+00,0.000000E+00,0.000000E+00,0.000000E+00,0.000000E+00,0.000000E+00,0.000000E+00,2.098604E+01,3.991661E+01,2.652755E+01,6.083597E+01
05:30:00,1.094925E+04,0.000000E+00,5.647713E-01,0.000000E+00,0.000000E+00,0.000000E+00,0.000000E+00,0.000000E+00,0.000000E+00,0.000000E+00,0.000000E+00,0.000000E+00,2.098771E+01,4.415793E+01,2.613153E+01,6.230723E+01,5.214065E+03,0.000000E+00,2.689547E-01,0.000000E+00,0.000000E+00,0.000000E+00,0.000000E+00,0.000000E+00,0.000000E+00,0.000000E+00,0.000000E+00,0.000000E+00,2.098835E+01,4.464215E+01,2.623991E+01,6.186122E+01,1.100885E+04,0.000000E+00,5.678455E-01,0.000000E+00,0.000000E+00,0.000000E+00,0.000000E+00,0.000000E+00,0.000000E+00,0.000000E+00,0.000000E+00,0.000000E+00,2.098772E+01,4.418835E+01,2.623470E+01,6.193014E+01,5.214065E+03,2.968908E+01,2.689547E-01,2.299033E-03,0.000000E+00,0.000000E+00,0.000000E+00,0.000000E+00,0.000000E+00,0.000000E+00,0.000000E+00,0.000000E+00,2.098835E+01,4.464215E+01,2.651018E+01,6.088524E+01,1.226822E+04,0.000000E+00,6.327494E-01,0.000000E+00,0.000000E+00,0.000000E+00,0.000000E+00,0.000000E+00,0.000000E+00,0.000000E+00,0.000000E+00,0.000000E+00,2.098604E+01,3.991663E+01,2.651099E+01,6.097105E+01
05:45:00,1.094928E+04,0.000000E+00,5.647730E-01,0.000000E+00,0.000000E+00,0.000000E+00,0.000000E+00,0.000000E+00,0.000000E+00,0.000000E+00,0.000000E+00,0.000000E+00,2.098771E+01,4.415795E+01,2.615224E+01,6.227639E+01,5.214079E+03,0.000000E+00,2.689555E-01,0.000000E+00,0.000000E+00,0.000000E+00,0.000000E+00,0.000000E+00,0.000000E+00,0.000000E+00,0.000000E+00,0.000000E+00,2.098835E+01,4.464217E+01,2.625865E+01,6.184155E+01,1.100888E+04,3.159477E+01,5.678470E-01,2.487706E-03,0.000000E+00,0.000000E+00,0.000000E+00,0.000000E+00,0.000000E+00,0.000000E+00,0.000000E+00,0.000000E+00,2.098772E+01,4.418836E+01,2.644352E+01,6.121622E+01,5.214079E+03,1.721142E+02,2.689555E-01,1.328851E-02,0.000000E+00,0.000000E+00,0.000000E+00,0.000000E+00,0.000000E+00,0.000000E+00,0.000000E+00,0.000000E+00,2.098835E+01,4.464217E+01,2.669804E+01,5.972288E+01,1.226824E+04,0.000000E+00,6.327506E-01,0.000000E+00,0.000000E+00,0.000000E+00,0.000000E+00,0.000000E+00,0.000000E+00,0.000000E+00,0.000000E+00,0.000000E+00,2.098604E+01,3.991665E+01,2.650398E+01,6.103744E+01
06:00:00,1.094931E+04,0.000000E+00,5.647746E-01,0.000000E+00,0.000000E+00,0.000000E+00,0.000000E+00,0.000000E+00,0.000000E+00,0.000000E+00,0.000000E+00,0.000000E+00,2.098771E+01,4.415797E+01,2.619643E+01,6.216891E+01,5.214093E+03,0.000000E+00,2.689562E-01,0.000000E+00,0.000000E+00,0.000000E+00,0.000000E+00,0.000000E+00,0.000000E+00,0.000000E+00,0.000000E+00,0.000000E+00,2.098835E+01,4.464218E+01,2.630079E+01,6.174687E+01,1.100890E+04,1.769831E+02,5.678485E-01,1.370594E-02,0.000000E+00,0.000000E+00,0.000000E+00,0.000000E+00,0.000000E+00,0.000000E+00,0.000000E+00,0.000000E+00,2.098772E+01,4.418838E+01,2.669791E+01,6.009156E+01,5.214093E+03,3.893121E+02,2.689562E-01,3.005513E-02,0.000000E+00,0.000000E+00,0.000000E+00,0.000000E+00,0.000000E+00,0.000000E+00,0.000000E+00,0.000000E+00,2.098835E+01,4.464218E+01,2.669220E+01,5.735372E+01,1.226827E+04,0.000000E+00,6.327518E-01,0.000000E+00,0.000000E+00,0.000000E+00,0.000000E+00,0.000000E+00,0.000000E+00,0.000000E+00,0.000000E+00,0.000000E+00,2.098604E+01,3.991666E+01,2.649933E+01,6.110418E+01
06:15:00,1.024096E+04,1.148459E+03,5.282370E-01,1.033249E-01,0.000000E+00,0.000000E+00,0.000000E+00,0.000000E+00,0.000000E+00,0.000000E+00,0.000000E+00,0.000000E+00,2.098771E+01,4.415798E+01,2.430409E+01,6.398153E+01,4.905597E+03,5.380494E+02,2.530431E-01,4.834633E-02,0.000000E+00,0.000000E+00,0.000000E+00,0.000000E+00,0.000000E+00,0.000000E+00,0.000000E+00,0.000000E+00,2.098835E+01,4.464220E+01,2.431910E+01,6.357533E+01,1.030055E+04,1.686038E+03,5.313107E-01,1.483360E-01,0.000000E+00,0.000000E+00,0.000000E+00,0.000000E+00,0.000000E+00,0.000000E+00,0.000000E+00,0.000000E+00,2.098772E+01,4.418839E+01,2.437021E+01,6.137517E+01,4.905597E+03,1.164927E+03,2.530431E-01,9.987270E-02,0.000000E+00,0.000000E+00,0.000000E+00,0.000000E+00,0.000000E+00,0.000000E+00,0.000000E+00,0.000000E+00,2.098835E+01,4.464220E+01,2.437250E+01,5.727670E+01,1.080210E+04,2.327743E+03,5.571321E-01,2.056116E-01,0.000000E+00,0.000000E+00,0.000000E+00,0.000000E+00,0.000000E+00,0.000000E+00,0.000000E+00,0.000000E+00,2.098604E+01,3.991668E+01,2.434007E+01,6.388037E+01
06:30:00,9.532481E+03,1.813169E+03,4.917065E-01,1.684682E-01,0.000000E+00,0.000000E+00,0.000000E+00,0.000000E+00,0.000000E+00,0.000000E+00,0.000000E+00,0.000000E+00,2.099011E+01,4.590622E+01,2.399746E+01,6.236400E+01,4.597062E+03,8.537042E+02,2.371336E-01,7.928174E-02,0.000000E+00,0.000000E+00,0.000000E+00,0.000000E+00,0.000000E+00,0.000000E+00,0.000000E+00,0.000000E+00,2.099037E+01,4.643809E+01,2.399732E+01,6.178219E+01,9.592068E+03,2.614788E+03,4.947800E-01,2.393596E-01,0.000000E+00,0.000000E+00,0.000000E+00,0.000000E+00,0.000000E+00,0.000000E+00,0.000000E+00,0.000000E+00,2.099009E+01,4.593995E+01,2.399705E+01,5.950776E+01,4.597062E+03,1.948290E+03,2.371336E-01,1.772576E-01,0.000000E+00,0.000000E+00,0.000000E+00,0.000000E+00,0.000000E+00,0.000000E+00,0.000000E+00,0.000000E+00,2.099037E+01,4.643809E+01,2.399711E+01,5.596125E+01,9.334953E+03,3.583190E+03,4.814879E-01,3.286456E-01,0.000000E+00,0.000000E+00,0.000000E+00,0.000000E+00,0.000000E+00,0.000000E+00,0.000000E+00,0.000000E+00,2.099194E+01,4.091172E+01,2.399769E+01,6.275277E+01
06:45:00,8.823777E+03,2.462067E+03,4.551778E-01,2.321215E-01,0.000000E+00,0.000000E+00,0.000000E+00,0.000000E+00,0.000000E+00,0.000000E+00,0.000000E+00,0.000000E+00,2.099261E+01,4.690460E+01,2.398808E+01,5.987911E+01,4.288445E+03,1.160369E+03,2.212269E-01,1.093634E-01,0.000000E+00,0.000000E+00,0.000000E+00,0.000000E+00,0.000000E+00,0.000000E+00,0.000000E+00,0.000000E+00,2.099297E+01,4.739648E+01,2.398825E+01,5.915909E+01,8.883362E+03,3.498011E+03,4.582515E-01,3.266124E-01,0.000000E+00,0.000000E+00,0.000000E+00,0.000000E+00,0.000000E+00,0.000000E+00,0.000000E+00,0.000000E+00,2.099260E+01,4.693627E+01,2.398788E+01,5.678203E+01,4.288445E+03,2.679476E+03,2.212269E-01,2.519761E-01,0.000000E+00,0.000000E+00,0.000000E+00,0.000000E+00,0.000000E+00,0.000000E+00,0.000000E+00,0.000000E+00,2.099297E+01,4.739648E+01,2.398674E+01,5.192427E+01,7.867277E+03,4.789720E+03,4.058210E-01,4.470099E-01,0.000000E+00,0.000000E+00,0.000000E+00,0.000000E+00,0.000000E+00,0.000000E+00,0.000000E+00,0.000000E+00,2.099306E+01,4.170995E+01,2.398722E+01,6.050008E+01
07:00:00,8.114784E+03,3.110119E+03,4.186433E-01,2.956883E-01,0.000000E+00,0.000000E+00,0.000000E+00,0.000000E+00,0.000000E+00,0.000000E+00,0.000000E+00,0.000000E+00,2.099423E+01,4.747594E+01,2.398865E+01,5.842629E+01,3.979705E+03,1.465488E+03,2.053183E-01,1.392911E-01,0.000000E+00,0.000000E+00,0.000000E+00,0.000000E+00,0.000000E+00,0.000000E+00,0.000000E+00,0.000000E+00,2.099464E+01,4.790936E+01,2.398900E+01,5.768989E+01,8.174367E+03,4.248864E+03,4.217171E-01,4.033066E-01,0.000000E+00,0.000000E+00,0.000000E+00,0.000000E+00,0.000000E+00,0.000000E+00,0.000000E+00,0.000000E+00,2.099423E+01,4.750420E+01,2.398854E+01,5.536027E+01,3.979705E+03,3.407495E+03,2.053183E-01,3.279305E-01,0.000000E+00,0.000000E+00,0.000000E+00,0.000000E+00,0.000000E+00,0.000000E+00,0.000000E+00,0.000000E+00,2.099464E+01,4.790936E+01,2.398804E+01,5.030452E+01,6.399188E+03,5.960672E+03,3.301355E-01,5.618739E-01,0.000000E+00,0.000000E+00,0.000000E+00,0.000000E+00,0.000000E+00,0.000000E+00,0.000000E+00,0.000000E+00,2.099366E+01,4.234407E+01,2.398807E+01,5.919563E+01
07:15:00,8.113892E+03,2.623374E+03,4.186384E-01,2.572642E-01,0.000000E+00,0.000000E+00,0.000000E+00,0.000000E+00,0.000000E+00,0.000000E+00,0.000000E+00,0.000000E+00,2.099519E+01,4.780303E+01,2.398957E+01,5.753680E+01,3.979347E+03,1.237884E+03,2.053193E-01,1.213919E-01,0.000000E+00,0.000000E+00,0.000000E+00,0.000000E+00,0.000000E+00,0.000000E+00,0.000000E+00,0.000000E+00,2.099559E+01,4.818404E+01,2.399002E+01,5.682766E+01,8.173472E+03,3.616412E+03,4.217124E-01,3.546511E-01,0.000000E+00,0.000000E+00,0.000000E+00,0.000000E+00,0.000000E+00,0.000000E+00,0.000000E+00,0.000000E+00,2.099520E+01,4.782809E+01,2.398987E+01,5.466243E+01,3.979347E+03,3.647530E+03,2.053193E-01,3.577249E-01,0.000000E+00,0.000000E+00,0.000000E+00,0.000000E+00,0.000000E+00,0.000000E+00,0.000000E+00,0.000000E+00,2.099559E+01,4.818404E+01,2.398986E+01,4.955648E+01,6.396942E+03,4.794344E+03,3.300547E-01,4.701728E-01,0.000000E+00,0.000000E+00,0.000000E+00,0.000000E+00,0.000000E+00,0.000000E+00,0.000000E+00,0.000000E+00,2.099412E+01,4.284734E+01,2.398967E+01,5.846044E+01
07:30:00,8.112861E+03,2.637236E+03,4.186162E-01,2.586725E-01,0.000000E+00,0.000000E+00,0.000000E+00,0.000000E+00,0.000000E+00,0.000000E+00,0.000000E+00,0.000000E+00,2.099575E+01,4.799029E+01,2.398999E+01,5.692292E+01,3.978907E+03,1.239688E+03,2.053121E-01,1.215899E-01,0.000000E+00,0.000000E+00,0.000000E+00,0.000000E+00,0.000000E+00,0.000000E+00,0.000000E+00,0.000000E+00,2.099610E+01,4.833115E+01,2.399051E+01,5.625510E+01,8.172436E+03,3.549287E+03,4.216904E-01,3.481268E-01,0.000000E+00,0.000000E+00,0.000000E+00,0.000000E+00,0.000000E+00,0.000000E+00,0.000000E+00,0.000000E+00,2.099576E+01,4.801278E+01,2.399061E+01,5.435275E+01,3.978907E+03,3.913057E+03,2.053121E-01,3.838133E-01,0.000000E+00,0.000000E+00,0.000000E+00,0.000000E+00,0.000000E+00,0.000000E+00,0.000000E+00,0.000000E+00,2.099610E+01,4.833115E+01,2.399095E+01,4.913501E+01,6.395365E+03,4.698538E+03,3.299844E-01,4.608643E-01,0.000000E+00,0.000000E+00,0.000000E+00,0.000000E+00,0.000000E+00,0.000000E+00,0.000000E+00,0.000000E+00,2.099448E+01,4.324674E+01,2.399061E+01,5.801393E+01
07:45:00,8.111838E+03,2.685892E+03,4.185825E-01,2.634310E-01,0.000000E+00,0.000000E+00,0.000000E+00,0.000000E+00,0.000000E+00,0.000000E+00,0.000000E+00,0.000000E+00,2.099607E+01,4.809746E+01,2.399018E+01,5.646831E+01,3.978446E+03,1.258583E+03,2.052975E-01,1.234355E-01,0.000000E+00,0.000000E+00,0.000000E+00,0.000000E+00,0.000000E+00,0.000000E+00,0.000000E+00,0.000000E+00,2.099638E+01,4.840989E+01,2.399073E+01,5.584285E+01,8.171408E+03,3.465218E+03,4.216566E-01,3.398571E-01,0.000000E+00,0.000000E+00,0.000000E+00,0.000000E+00,0.000000E+00,0.000000E+00,0.000000E+00,0.000000E+00,2.099607E+01,4.811808E+01,2.399068E+01,5.423510E+01,3.978446E+03,4.172203E+03,2.052975E-01,4.091841E-01,0.000000E+00,0.000000E+00,0.000000E+00,0.000000E+00,0.000000E+00,0.000000E+00,0.000000E+00,0.000000E+00,2.099638E+01,4.840989E+01,2.399154E+01,4.885730E+01,6.394054E+03,4.655293E+03,3.299242E-01,4.565774E-01,0.000000E+00,0.000000E+00,0.000000E+00,0.000000E+00,0.000000E+00,0.000000E+00,0.000000E+00,0.000000E+00,2.099477E+01,4.356371E+01,2.399112E+01,5.773080E+01
08:00:00,8.110917E+03,2.756474E+03,4.185461E-01,2.703432E-01,0.000000E+00,0.000000E+00,0.000000E+00,0.000000E+00,0.000000E+00,0.000000E+00,0.000000E+00,0.000000E+00,2.099625E+01,4.815877E+01,2.399024E+01,5.610632E+01,3.978022E+03,1.287832E+03,2.052807E-01,1.262984E-01,0.000000E+00,0.000000E+00,0.000000E+00,0.000000E+00,0.000000E+00,0.000000E+00,0.000000E+00,0.000000E+00,2.099653E+01,4.845202E+01,2.399081E+01,5.551964E+01,8.170483E+03,3.381266E+03,4.216200E-01,3.316015E-01,0.000000E+00,0.000000E+00,0.000000E+00,0.000000E+00,0.000000E+00,0.000000E+00,0.000000E+00,0.000000E+00,2.099626E+01,4.817809E+01,2.399113E+01,5.427583E+01,3.978022E+03,4.404954E+03,2.052807E-01,4.319714E-01,0.000000E+00,0.000000E+00,0.000000E+00,0.000000E+00,0.000000E+00,0.000000E+00,0.000000E+00,0.000000E+00,2.099653E+01,4.845202E+01,2.399188E+01,4.865698E+01,6.392920E+03,4.655145E+03,3.298715E-01,4.565246E-01,0.000000E+00,0.000000E+00,0.000000E+00,0.000000E+00,0.000000E+00,0.000000E+00,0.000000E+00,0.000000E+00,2.099500E+01,4.381525E+01,2.399140E+01,5.753835E+01
08:15:00,8.110129E+03,2.851525E+03,4.185119E-01,2.796609E-01,0.000000E+00,0.000000E+00,0.000000E+00,0.000000E+00,0.000000E+00,0.000000E+00,0.000000E+00,0.000000E+00,2.099635E+01,4.819382E+01,2.399023E+01,5.579601E+01,3.977654E+03,1.321677E+03,2.052645E-01,1.296151E-01,0.000000E+00,0.000000E+00,0.000000E+00,0.000000E+00,0.000000E+00,0.000000E+00,0.000000E+00,0.000000E+00,2.099661E+01,4.847453E+01,2.399080E+01,5.524644E+01,8.169690E+03,3.317533E+03,4.215856E-01,3.253393E-01,0.000000E+00,0.000000E+00,0.000000E+00,0.000000E+00,0.000000E+00,0.000000E+00,0.000000E+00,0.000000E+00,2.099636E+01,4.821225E+01,2.399130E+01,5.436304E+01,3.977654E+03,4.604862E+03,2.052645E-01,4.515510E-01,0.000000E+00,0.000000E+00,0.000000E+00,0.000000E+00,0.000000E+00,0.000000E+00,0.000000E+00,0.000000E+00,2.099661E+01,4.847453E+01,2.399210E+01,4.850719E+01,6.391929E+03,4.678270E+03,3.298249E-01,4.587707E-01,0.000000E+00,0.000000E+00,0.000000E+00,0.000000E+00,0.000000E+00,0.000000E+00,0.000000E+00,0.000000E+00,2.099518E+01,4.401487E+01,2.399155E+01,5.739460E+01
08:30:00,8.109471E+03,2.991015E+03,4.184816E-01,2.933422E-01,0.000000E+00,0.000000E+00,0.000000E+00,0.000000E+00,0.000000E+00,0.000000E+00,0.000000E+00,0.000000E+00,2.099641E+01,4.821383E+01,2.398989E+01,5.545108E+01,3.977344E+03,1.360518E+03,2.052500E-01,1.334236E-01,0.000000E+00,0.000000E+00,0.000000E+00,0.000000E+00,0.000000E+00,0.000000E+00,0.000000E+00,0.000000E+00,2.099665E+01,4.848653E+01,2.399071E+01,5.499608E+01,8.169028E+03,3.281139E+03,4.215551E-01,3.217652E-01,0.000000E+00,0.000000E+00,0.000000E+00,0.000000E+00,0.000000E+00,0.000000E+00,0.000000E+00,0.000000E+00,2.099642E+01,4.823168E+01,2.399123E+01,5.440826E+01,3.977344E+03,4.768265E+03,2.052500E-01,4.675595E-01,0.000000E+00,0.000000E+00,0.000000E+00,0.000000E+00,0.000000E+00,0.000000E+00,0.000000E+00,0.000000E+00,2.099665E+01,4.848653E+01,2.399225E+01,4.839207E+01,6.391057E+03,4.719676E+03,3.297836E-01,4.628196E-01,0.000000E+00,0.000000E+00,0.000000E+00,0.000000E+00,0.000000E+00,0.000000E+00,0.000000E+00,0.000000E+00,2.099532E+01,4.417328E+01,2.399161E+01,5.726708E+01
08:45:00,8.108926E+03,3.189898E+03,4.184556E-01,3.128516E-01,0.000000E+00,0.000000E+00,0.000000E+00,0.000000E+00,0.000000E+00,0.000000E+00,0.000000E+00,0.000000E+00,2.099645E+01,4.822524E+01,2.398972E+01,5.500301E+01,3.977086E+03,1.403991E+03,2.052375E-01,1.376870E-01,0.000000E+00,0.000000E+00,0.000000E+00,0.000000E+00,0.000000E+00,0.000000E+00,0.000000E+00,0.000000E+00,2.099667E+01,4.849291E+01,2.399073E+01,5.474429E+01,8.168481E+03,3.292229E+03,4.215290E-01,3.228498E-01,0.000000E+00,0.000000E+00,0.000000E+00,0.000000E+00,0.000000E+00,0.000000E+00,0.000000E+00,0.000000E+00,2.099645E+01,4.824272E+01,2.399104E+01,5.438664E+01,3.977086E+03,4.897916E+03,2.052375E-01,4.802627E-01,0.000000E+00,0.000000E+00,0.000000E+00,0.000000E+00,0.000000E+00,0.000000E+00,0.000000E+00,0.000000E+00,2.099667E+01,4.849291E+01,2.399238E+01,4.831152E+01,6.390292E+03,4.776925E+03,3.297470E-01,4.684276E-01,0.000000E+00,0.000000E+00,0.000000E+00,0.000000E+00,0.000000E+00,0.000000E+00,0.000000E+00,0.000000E+00,2.099544E+01,4.429897E+01,2.399163E+01,5.714383E+01
09:00:00,8.108479E+03,3.444141E+03,4.184337E-01,3.377936E-01,0.000000E+00,0.000000E+00,0.000000E+00,0.000000E+00,0.000000E+00,0.000000E+00,0.000000E+00,0.000000E+00,2.099647E+01,4.823173E+01,2.398944E+01,5.445482E+01,3.976873E+03,1.451752E+03,2.052269E-01,1.423710E-01,0.000000E+00,0.000000E+00,0.000000E+00,0.000000E+00,0.000000E+00,0.000000E+00,0.000000E+00,0.000000E+00,2.099669E+01,4.849629E+01,2.399074E+01,5.449108E+01,8.168031E+03,3.340953E+03,4.215069E-01,3.276301E-01,0.000000E+00,0.000000E+00,0.000000E+00,0.000000E+00,0.000000E+00,0.000000E+00,0.000000E+00,0.000000E+00,2.099647E+01,4.824897E+01,2.399087E+01,5.431203E+01,3.976873E+03,4.997156E+03,2.052269E-01,4.899866E-01,0.000000E+00,0.000000E+00,0.000000E+00,0.000000E+00,0.000000E+00,0.000000E+00,0.000000E+00,0.000000E+00,2.099669E+01,4.849629E+01,2.399247E+01,4.825224E+01,6.389620E+03,4.849249E+03,3.297146E-01,4.755172E-01,0.000000E+00,0.000000E+00,0.000000E+00,0.000000E+00,0.000000E+00,0.000000E+00,0.000000E+00,0.000000E+00,2.099553E+01,4.439870E+01,2.399161E+01,5.701697E+01
09:15:00,8.108111E+03,3.804750E+03,4.184154E-01,3.731727E-01,0.000000E+00,0.000000E+00,0.000000E+00,0.000000E+00,0.000000E+00,0.000000E+00,0.000000E+00,0.000000E+00,2.099648E+01,4.823541E+01,2.398906E+01,5.389028E+01,3.976697E+03,1.502272E+03,2.052180E-01,1.473257E-01,0.000000E+00,0.000000E+00,0.000000E+00,0.000000E+00,0.000000E+00,0.000000E+00,0.000000E+00,0.000000E+00,2.099669E+01,4.849806E+01,2.399073E+01,5.423956E+01,8.167661E+03,3.408381E+03,4.214885E-01,3.342471E-01,0.000000E+00,0.000000E+00,0.000000E+00,0.000000E+00,0.000000E+00,0.000000E+00,0.000000E+00,0.000000E+00,2.099648E+01,4.825250E+01,2.399074E+01,5.419956E+01,3.976697E+03,5.066281E+03,2.052180E-01,4.967590E-01,0.000000E+00,0.000000E+00,0.000000E+00,0.000000E+00,0.000000E+00,0.000000E+00,0.000000E+00,0.000000E+00,2.099669E+01,4.849806E+01,2.399254E+01,4.820933E+01,6.389034E+03,4.930279E+03,3.296862E-01,4.834629E-01,0.000000E+00,0.000000E+00,0.000000E+00,0.000000E+00,0.000000E+00,0.000000E+00,0.000000E+00,0.000000E+00,2.099560E+01,4.447782E+01,2.399157E+01,5.688150E+01
09:30:00,8.107809E+03,4.236449E+03,4.184002E-01,4.155178E-01,0.000000E+00,0.000000E+00,0.000000E+00,0.000000E+00,0.000000E+00,0.000000E+00,0.000000E+00,0.000000E+00,2.099649E+01,4.823749E+01,2.398944E+01,5.313499E+01,3.976551E+03,1.553844E+03,2.052106E-01,1.523831E-01,0.000000E+00,0.000000E+00,0.000000E+00,0.000000E+00,0.000000E+00,0.000000E+00,0.000000E+00,0.000000E+00,2.099670E+01,4.849898E+01,2.399074E+01,5.399802E+01,8.167356E+03,3.484197E+03,4.214732E-01,3.416870E-01,0.000000E+00,0.000000E+00,0.000000E+00,0.000000E+00,0.000000E+00,0.000000E+00,0.000000E+00,0.000000E+00,2.099649E+01,4.825448E+01,2.399065E+01,5.406754E+01,3.976551E+03,5.109889E+03,2.052106E-01,5.010305E-01,0.000000E+00,0.000000E+00,0.000000E+00,0.000000E+00,0.000000E+00,0.000000E+00,0.000000E+00,0.000000E+00,2.099670E+01,4.849898E+01,2.399261E+01,4.818442E+01,6.388523E+03,5.019951E+03,3.296612E-01,4.922572E-01,0.000000E+00,0.000000E+00,0.000000E+00,0.000000E+00,0.000000E+00,0.000000E+00,0.000000E+00,0.000000E+00,2.099566E+01,4.454060E+01,2.399153E+01,5.674225E+01
09:45:00,8.107559E+03,4.723376E+03,4.183876E-01,4.632752E-01,0.000000E+00,0.000000E+00,0.000000E+00,0.000000E+00,0.000000E+00,0.000000E+00,0.000000E+00,0.000000E+00,2.099649E+01,4.823866E+01,2.398969E+01,5.239620E+01,3.976429E+03,1.606051E+03,2.052044E-01,1.575030E-01,0.000000E+00,0.000000E+00,0.000000E+00,0.000000E+00,0.000000E+00,0.000000E+00,0.000000E+00,0.000000E+00,2.099670E+01,4.849945E+01,2.399075E+01,5.376419E+01,8.167104E+03,3.565233E+03,4.214604E-01,3.496381E-01,0.000000E+00,0.000000E+00,0.000000E+00,0.000000E+00,0.000000E+00,0.000000E+00,0.000000E+00,0.000000E+00,2.099649E+01,4.825559E+01,2.399058E+01,5.392171E+01,3.976429E+03,5.127343E+03,2.052044E-01,5.027384E-01,0.000000E+00,0.000000E+00,0.000000E+00,0.000000E+00,0.000000E+00,0.000000E+00,0.000000E+00,0.000000E+00,2.099670E+01,4.849945E+01,2.399266E+01,4.817555E+01,6.388079E+03,5.117541E+03,3.296395E-01,5.018288E-01,0.000000E+00,0.000000E+00,0.000000E+00,0.000000E+00,0.000000E+00,0.000000E+00,0.000000E+00,0.000000E+00,2.099570E+01,4.459039E+01,2.399147E+01,5.659571E+01
10:00:00,8.107353E+03,5.263068E+03,4.183770E-01,5.162013E-01,0.000000E+00,0.000000E+00,0.000000E+00,0.000000E+00,0.000000E+00,0.000000E+00,0.000000E+00,0.000000E+00,2.099649E+01,4.823930E+01,2.398995E+01,5.172765E+01,3.976329E+03,1.658749E+03,2.051993E-01,1.626709E-01,0.000000E+00,0.000000E+00,0.000000E+00,0.000000E+00,0.000000E+00,0.000000E+00,0.000000E+00,0.000000E+00,2.099670E+01,4.849967E+01,2.399075E+01,5.353728E+01,8.166895E+03,3.649687E+03,4.214497E-01,3.579234E-01,0.000000E+00,0.000000E+00,0.000000E+00,0.000000E+00,0.000000E+00,0.000000E+00,0.000000E+00,0.000000E+00,2.099649E+01,4.825620E+01,2.399053E+01,5.376698E+01,3.976329E+03,5.117910E+03,2.051993E-01,5.018107E-01,0.000000E+00,0.000000E+00,0.000000E+00,0.000000E+00,0.000000E+00,0.000000E+00,0.000000E+00,0.000000E+00,2.099670E+01,4.849967E+01,2.399271E+01,4.818232E+01,6.387694E+03,5.221737E+03,3.296205E-01,5.120491E-01,0.000000E+00,0.000000E+00,0.000000E+00,0.000000E+00,0.000000E+00,0.000000E+00,0.000000E+00,0.000000E+00,2.099574E+01,4.462988E+01,2.399140E+01,5.644095E+01
10:15:00,8.107182E+03,5.774113E+03,4.183683E-01,5.663082E-01,0.000000E+00,0.000000E+00,0.000000E+00,0.000000E+00,0.000000E+00,0.000000E+00,0.000000E+00,0.000000E+00,2.099649E+01,4.823965E+01,2.399024E+01,5.115707E+01,3.976245E+03,1.712501E+03,2.051949E-01,1.679421E-01,0.000000E+00,0.000000E+00,0.000000E+00,0.000000E+00,0.000000E+00,0.000000E+00,0.000000E+00,0.000000E+00,2.099670E+01,4.849978E+01,2.399076E+01,5.331750E+01,8.166722E+03,3.737795E+03,4.214409E-01,3.665663E-01,0.000000E+00,0.000000E+00,0.000000E+00,0.000000E+00,0.000000E+00,0.000000E+00,0.000000E+00,0.000000E+00,2.099650E+01,4.825653E+01,2.399049E+01,5.360745E+01,3.976245E+03,5.076344E+03,2.051949E-01,4.977325E-01,0.000000E+00,0.000000E+00,0.000000E+00,0.000000E+00,0.000000E+00,0.000000E+00,0.000000E+00,0.000000E+00,2.099670E+01,4.849978E+01,2.399275E+01,4.820430E+01,6.387361E+03,5.330902E+03,3.296040E-01,5.227571E-01,0.000000E+00,0.000000E+00,0.000000E+00,0.000000E+00,0.000000E+00,0.000000E+00,0.000000E+00,0.000000E+00,2.099577E+01,4.466120E+01,2.399132E+01,5.627874E+01
10:30:00,8.107041E+03,6.260931E+03,4.183610E-01,6.140369E-01,0.000000E+00,0.000000E+00,0.000000E+00,0.000000E+00,0.000000E+00,0.000000E+00,0.000000E+00,0.000000E+00,2.099649E+01,4.823984E+01,2.399056E+01,5.069876E+01,3.976175E+03,1.766720E+03,2.051913E-01,1.732592E-01,0.000000E+00,0.000000E+00,0.000000E+00,0.000000E+00,0.000000E+00,0.000000E+00,0.000000E+00,0.000000E+00,2.099670E+01,4.849982E+01,2.399076E+01,5.310557E+01,8.166578E+03,3.827892E+03,4.214335E-01,3.754038E-01,0.000000E+00,0.000000E+00,0.000000E+00,0.000000E+00,0.000000E+00,0.000000E+00,0.000000E+00,0.000000E+00,2.099650E+01,4.825670E+01,2.399047E+01,5.344713E+01,3.976175E+03,5.006959E+03,2.051913E-01,4.909269E-01,0.000000E+00,0.000000E+00,0.000000E+00,0.000000E+00,0.000000E+00,0.000000E+00,0.000000E+00,0.000000E+00,2.099670E+01,4.849982E+01,2.399281E+01,4.825421E+01,6.387073E+03,5.443283E+03,3.295898E-01,5.337811E-01,0.000000E+00,0.000000E+00,0.000000E+00,0.000000E+00,0.000000E+00,0.000000E+00,0.000000E+00,0.000000E+00,2.099579E+01,4.468604E+01,2.399126E+01,5.611773E+01
10:45:00,8.106923E+03,6.714967E+03,4.183550E-01,6.585477E-01,0.000000E+00,0.000000E+00,0.000000E+00,0.000000E+00,0.000000E+00,0.000000E+00,0.000000E+00,0.000000E+00,2.099649E+01,4.823993E+01,2.399083E+01,5.032986E+01,3.976116E+03,1.820688E+03,2.051883E-01,1.785517E-01,0.000000E+00,0.000000E+00,0.000000E+00,0.000000E+00,0.000000E+00,0.000000E+00,0.000000E+00,0.000000E+00,2.099670E+01,4.849983E+01,2.399077E+01,5.290378E+01,8.166458E+03,3.918347E+03,4.214273E-01,3.842760E-01,0.000000E+00,0.000000E+00,0.000000E+00,0.000000E+00,0.000000E+00,0.000000E+00,0.000000E+00,0.000000E+00,2.099650E+01,4.825679E+01,2.399046E+01,5.328967E+01,3.976116E+03,4.914256E+03,2.051883E-01,4.818353E-01,0.000000E+00,0.000000E+00,0.000000E+00,0.000000E+00,0.000000E+00,0.000000E+00,0.000000E+00,0.000000E+00,2.099670E+01,4.849983E+01,2.399284E+01,4.831587E+01,6.386824E+03,5.557247E+03,3.295774E-01,5.449605E-01,0.000000E+00,0.000000E+00,0.000000E+00,0.000000E+00,0.000000E+00,0.000000E+00,0.000000E+00,0.000000E+00,2.099581E+01,4.470573E+01,2.399119E+01,5.595713E+01
11:00:00,8.106825E+03,7.132481E+03,4.183499E-01,6.994750E-01,0.000000E+00,0.000000E+00,0.000000E+00,0.000000E+00,0.000000E+00,0.000000E+00,0.000000E+00,0.000000E+00,2.099649E+01,4.823998E+01,2.399105E+01,5.002946E+01,3.976067E+03,1.873909E+03,2.051858E-01,1.837708E-01,0.000000E+00,0.000000E+00,0.000000E+00,0.000000E+00,0.000000E+00,0.000000E+00,0.000000E+00,0.000000E+00,2.099670E+01,4.849982E+01,2.399079E+01,5.271422E+01,8.166358E+03,4.008123E+03,4.214221E-01,3.930811E-01,0.000000E+00,0.000000E+00,0.000000E+00,0.000000E+00,0.000000E+00,0.000000E+00,0.000000E+00,0.000000E+00,2.099650E+01,4.825682E+01,2.399046E+01,5.313795E+01,3.976067E+03,4.799885E+03,2.051858E-01,4.706198E-01,0.000000E+00,0.000000E+00,0.000000E+00,0.000000E+00,0.000000E+00,0.000000E+00,0.000000E+00,0.000000E+00,2.099670E+01,4.849982E+01,2.399285E+01,4.838639E+01,6.386609E+03,5.671378E+03,3.295667E-01,5.561565E-01,0.000000E+00,0.000000E+00,0.000000E+00,0.000000E+00,0.000000E+00,0.000000E+00,0.000000E+00,0.000000E+00,2.099582E+01,4.472134E+01,2.399112E+01,5.579716E+01
11:15:00,8.106743E+03,7.513182E+03,4.183457E-01,7.367922E-01,0.000000E+00,0.000000E+00,0.000000E+00,0.000000E+00,0.000000E+00,0.000000E+00,0.000000E+00,0.000000E+00,2.099649E+01,4.823999E+01,2.399123E+01,4.978291E+01,3.976026E+03,1.923615E+03,2.051837E-01,1.886451E-01,0.000000E+00,0.000000E+00,0.000000E+00,0.000000E+00,0.000000E+00,0.000000E+00,0.000000E+00,0.000000E+00,2.099670E+01,4.849981E+01,2.399081E+01,5.253651E+01,8.166274E+03,4.091469E+03,4.214178E-01,4.012553E-01,0.000000E+00,0.000000E+00,0.000000E+00,0.000000E+00,0.000000E+00,0.000000E+00,0.000000E+00,0.000000E+00,2.099650E+01,4.825684E+01,2.399046E+01,5.299241E+01,3.976026E+03,4.665605E+03,2.051837E-01,4.574526E-01,0.000000E+00,0.000000E+00,0.000000E+00,0.000000E+00,0.000000E+00,0.000000E+00,0.000000E+00,0.000000E+00,2.099670E+01,4.849981E+01,2.399286E+01,4.847139E+01,6.386424E+03,5.779917E+03,3.295574E-01,5.668042E-01,0.000000E+00,0.000000E+00,0.000000E+00,0.000000E+00,0.000000E+00,0.000000E+00,0.000000E+00,0.000000E+00,2.099583E+01,4.473372E+01,2.399105E+01,5.563850E+01
11:30:00,8.106676E+03,7.856376E+03,4.183422E-01,7.704321E-01,0.000000E+00,0.000000E+00,0.000000E+00,0.000000E+00,0.000000E+00,0.000000E+00,0.000000E+00,0.000000E+00,2.099649E+01,4.823999E+01,2.399140E+01,4.958741E+01,3.975992E+03,1.969705E+03,2.051820E-01,1.931646E-01,0.000000E+00,0.000000E+00,0.000000E+00,0.000000E+00,0.000000E+00,0.000000E+00,0.000000E+00,0.000000E+00,2.099670E+01,4.849980E+01,2.399086E+01,5.238502E+01,8.166204E+03,4.168106E+03,4.214142E-01,4.087709E-01,0.000000E+00,0.000000E+00,0.000000E+00,0.000000E+00,0.000000E+00,0.000000E+00,0.000000E+00,0.000000E+00,2.099650E+01,4.825684E+01,2.399049E+01,5.286863E+01,3.975992E+03,4.499996E+03,2.051820E-01,4.412140E-01,0.000000E+00,0.000000E+00,0.000000E+00,0.000000E+00,0.000000E+00,0.000000E+00,0.000000E+00,0.000000E+00,2.099670E+01,4.849980E+01,2.399290E+01,4.858806E+01,6.386264E+03,5.881965E+03,3.295494E-01,5.768150E-01,0.000000E+00,0.000000E+00,0.000000E+00,0.000000E+00,0.000000E+00,0.000000E+00,0.000000E+00,0.000000E+00,2.099584E+01,4.474352E+01,2.399101E+01,5.549807E+01
11:45:00,8.106619E+03,8.161242E+03,4.183393E-01,8.003148E-01,0.000000E+00,0.000000E+00,0.000000E+00,0.000000E+00,0.000000E+00,0.000000E+00,0.000000E+00,0.000000E+00,2.099649E+01,4.823999E+01,2.399153E+01,4.942826E+01,3.975964E+03,2.012113E+03,2.051805E-01,1.973228E-01,0.000000E+00,0.000000E+00,0.000000E+00,0.000000E+00,0.000000E+00,0.000000E+00,0.000000E+00,0.000000E+00,2.099670E+01,4.849978E+01,2.399090E+01,5.225059E+01,8.166145E+03,4.238169E+03,4.214112E-01,4.156413E-01,0.000000E+00,0.000000E+00,0.000000E+00,0.000000E+00,0.000000E+00,0.000000E+00,0.000000E+00,0.000000E+00,2.099650E+01,4.825683E+01,2.399052E+01,5.275874E+01,3.975964E+03,4.287208E+03,2.051805E-01,4.203493E-01,0.000000E+00,0.000000E+00,0.000000E+00,0.000000E+00,0.000000E+00,0.000000E+00,0.000000E+00,0.000000E+00,2.099670E+01,4.849978E+01,2.399297E+01,4.875142E+01,6.386126E+03,5.976806E+03,3.295424E-01,5.861187E-01,0.000000E+00,0.000000E+00,0.000000E+00,0.000000E+00,0.000000E+00,0.000000E+00,0.000000E+00,0.000000E+00,2.099585E+01,4.475129E+01,2.399097E+01,5.536963E+01
12:00:00,8.106573E+03,8.427882E+03,4.183369E-01,8.264503E-01,0.000000E+00,0.000000E+00,0.000000E+00,0.000000E+00,0.000000E+00,0.000000E+00,0.000000E+00,0.000000E+00,2.099649E+01,4.823998E+01,2.399164E+01,4.929712E+01,3.975941E+03,2.050854E+03,2.051793E-01,2.011214E-01,0.000000E+00,0.000000E+00,0.000000E+00,0.000000E+00,0.000000E+00,0.000000E+00,0.000000E+00,0.000000E+00,2.099670E+01,4.849977E+01,2.399093E+01,5.212923E+01,8.166096E+03,4.301519E+03,4.214087E-01,4.218532E-01,0.000000E+00,0.000000E+00,0.000000E+00,0.000000E+00,0.000000E+00,0.000000E+00,0.000000E+00,0.000000E+00,2.099650E+01,4.825682E+01,2.399054E+01,5.265825E+01,3.975941E+03,4.016399E+03,2.051793E-01,3.937951E-01,0.000000E+00,0.000000E+00,0.000000E+00,0.000000E+00,0.000000E+00,0.000000E+00,0.000000E+00,0.000000E+00,2.099670E+01,4.849977E+01,2.399308E+01,4.898566E+01,6.386007E+03,6.063797E+03,3.295364E-01,5.946526E-01,0.000000E+00,0.000000E+00,0.000000E+00,0.000000E+00,0.000000E+00,0.000000E+00,0.000000E+00,0.000000E+00,2.099585E+01,4.475744E+01,2.399092E+01,5.524953E+01
12:15:00,8.106535E+03,8.659458E+03,4.183350E-01,8.491486E-01,0.000000E+00,0.000000E+00,0.000000E+00,0.000000E+00,0.000000E+00,0.000000E+00,0.000000E+00,0.000000E+00,2.099649E+01,4.823997E+01,2.399173E+01,4.918885E+01,3.975921E+03,2.087405E+03,2.051783E-01,2.047052E-01,0.000000E+00,0.000000E+00,0.000000E+00,0.000000E+00,0.000000E+00,0.000000E+00,0.000000E+00,0.000000E+00,2.099670E+01,4.849976E+01,2.399094E+01,5.201740E+01,8.166056E+03,4.361234E+03,4.214066E-01,4.277084E-01,0.000000E+00,0.000000E+00,0.000000E+00,0.000000E+00,0.000000E+00,0.000000E+00,0.000000E+00,0.000000E+00,2.099650E+01,4.825681E+01,2.399056E+01,5.256467E+01,3.975921E+03,3.699093E+03,2.051783E-01,3.626813E-01,0.000000E+00,0.000000E+00,0.000000E+00,0.000000E+00,0.000000E+00,0.000000E+00,0.000000E+00,0.000000E+00,2.099670E+01,4.849976E+01,2.399320E+01,4.930864E+01,6.385903E+03,6.147005E+03,3.295312E-01,6.028153E-01,0.000000E+00,0.000000E+00,0.000000E+00,0.000000E+00,0.000000E+00,0.000000E+00,0.000000E+00,0.000000E+00,2.099586E+01,4.476231E+01,2.399086E+01,5.513582E+01
12:30:00,8.106503E+03,8.856094E+03,4.183334E-01,8.684219E-01,0.000000E+00,0.000000E+00,0.000000E+00,0.000000E+00,0.000000E+00,0.000000E+00,0.000000E+00,0.000000E+00,2.099649E+01,4.823996E+01,2.399181E+01,4.910331E+01,3.975905E+03,2.124397E+03,2.051774E-01,2.083322E-01,0.000000E+00,0.000000E+00,0.000000E+00,0.000000E+00,0.000000E+00,0.000000E+00,0.000000E+00,0.000000E+00,2.099670E+01,4.849975E+01,2.399097E+01,5.191834E+01,8.166022E+03,4.417274E+03,4.214048E-01,4.332034E-01,0.000000E+00,0.000000E+00,0.000000E+00,0.000000E+00,0.000000E+00,0.000000E+00,0.000000E+00,0.000000E+00,2.099650E+01,4.825680E+01,2.399058E+01,5.248210E+01,3.975905E+03,3.384450E+03,2.051774E-01,3.318291E-01,0.000000E+00,0.000000E+00,0.000000E+00,0.000000E+00,0.000000E+00,0.000000E+00,0.000000E+00,0.000000E+00,2.099670E+01,4.849975E+01,2.399323E+01,4.969833E+01,6.385814E+03,6.225845E+03,3.295266E-01,6.105499E-01,0.000000E+00,0.000000E+00,0.000000E+00,0.000000E+00,0.000000E+00,0.000000E+00,0.000000E+00,0.000000E+00,2.099586E+01,4.476617E+01,2.399080E+01,5.503362E+01
12:45:00,8.106478E+03,9.017952E+03,4.183320E-01,8.842860E-01,0.000000E+00,0.000000E+00,0.000000E+00,0.000000E+00,0.000000E+00,0.000000E+00,0.000000E+00,0.000000E+00,2.099649E+01,4.823996E+01,2.399188E+01,4.903595E+01,3.975892E+03,2.183042E+03,2.051768E-01,2.140831E-01,0.000000E+00,0.000000E+00,0.000000E+00,0.000000E+00,0.000000E+00,0.000000E+00,0.000000E+00,0.000000E+00,2.099670E+01,4.849974E+01,2.399095E+01,5.181365E+01,8.165994E+03,4.469747E+03,4.214034E-01,4.383487E-01,0.000000E+00,0.000000E+00,0.000000E+00,0.000000E+00,0.000000E+00,0.000000E+00,0.000000E+00,0.000000E+00,2.099650E+01,4.825680E+01,2.399059E+01,5.240710E+01,3.975892E+03,3.116533E+03,2.051768E-01,3.055609E-01,0.000000E+00,0.000000E+00,0.000000E+00,0.000000E+00,0.000000E+00,0.000000E+00,0.000000E+00,0.000000E+00,2.099670E+01,4.849974E+01,2.399296E+01,5.003079E+01,6.385736E+03,6.300341E+03,3.295227E-01,6.178593E-01,0.000000E+00,0.000000E+00,0.000000E+00,0.000000E+00,0.000000E+00,0.000000E+00,0.000000E+00,0.000000E+00,2.099586E+01,4.476922E+01,2.399073E+01,5.493991E+01
13:00:00,8.106457E+03,9.145420E+03,4.183310E-01,8.967786E-01,0.000000E+00,0.000000E+00,0.000000E+00,0.000000E+00,0.000000E+00,0.000000E+00,0.000000E+00,0.000000E+00,2.099649E+01,4.823995E+01,2.399194E+01,4.898416E+01,3.975881E+03,2.300802E+03,2.051762E-01,2.256330E-01,0.000000E+00,0.000000E+00,0.000000E+00,0.000000E+00,0.000000E+00,0.000000E+00,0.000000E+00,0.000000E+00,2.099670E+01,4.849974E+01,2.399067E+01,5.159695E+01,8.165971E+03,4.519020E+03,4.214022E-01,4.431803E-01,0.000000E+00,0.000000E+00,0.000000E+00,0.000000E+00,0.000000E+00,0.000000E+00,0.000000E+00,0.000000E+00,2.099650E+01,4.825679E+01,2.399060E+01,5.233728E+01,3.975881E+03,2.922308E+03,2.051762E-01,2.865213E-01,0.000000E+00,0.000000E+00,0.000000E+00,0.000000E+00,0.000000E+00,0.000000E+00,0.000000E+00,0.000000E+00,2.099670E+01,4.849974E+01,2.399258E+01,5.026621E+01,6.385668E+03,6.371342E+03,3.295193E-01,6.248257E-01,0.000000E+00,0.000000E+00,0.000000E+00,0.000000E+00,0.000000E+00,0.000000E+00,0.000000E+00,0.000000E+00,2.099587E+01,4.477163E+01,2.399070E+01,5.485165E+01
13:15:00,8.106441E+03,9.238239E+03,4.183301E-01,9.058744E-01,0.000000E+00,0.000000E+00,0.000000E+00,0.000000E+00,0.000000E+00,0.000000E+00,0.000000E+00,0.000000E+00,2.099649E+01,4.823994E+01,2.399198E+01,4.894607E+01,3.975873E+03,2.506592E+03,2.051758E-01,2.458174E-01,0.000000E+00,0.000000E+00,0.000000E+00,0.000000E+00,0.000000E+00,0.000000E+00,0.000000E+00,0.000000E+00,2.099670E+01,4.849973E+01,2.399049E+01,5.115510E+01,8.165952E+03,4.564450E+03,4.214012E-01,4.476351E-01,0.000000E+00,0.000000E+00,0.000000E+00,0.000000E+00,0.000000E+00,0.000000E+00,0.000000E+00,0.000000E+00,2.099650E+01,4.825678E+01,2.399061E+01,5.227066E+01,3.975873E+03,2.805850E+03,2.051758E-01,2.751094E-01,0.000000E+00,0.000000E+00,0.000000E+00,0.000000E+00,0.000000E+00,0.000000E+00,0.000000E+00,0.000000E+00,2.099670E+01,4.849973E+01,2.399228E+01,5.042797E+01,6.385609E+03,6.438300E+03,3.295163E-01,6.313948E-01,0.000000E+00,0.000000E+00,0.000000E+00,0.000000E+00,0.000000E+00,0.000000E+00,0.000000E+00,0.000000E+00,2.099587E+01,4.477354E+01,2.399069E+01,5.476609E+01
13:30:00,8.106428E+03,9.297285E+03,4.183294E-01,9.116591E-01,0.000000E+00,0.000000E+00,0.000000E+00,0.000000E+00,0.000000E+00,0.000000E+00,0.000000E+00,0.000000E+00,2.099649E+01,4.823994E+01,2.399204E+01,4.892458E+01,3.975866E+03,2.796328E+03,2.051754E-01,2.742352E-01,0.000000E+00,0.000000E+00,0.000000E+00,0.000000E+00,0.000000E+00,0.000000E+00,0.000000E+00,0.000000E+00,2.099670E+01,4.849973E+01,2.399043E+01,5.054532E+01,8.165937E+03,4.606739E+03,4.214005E-01,4.517818E-01,0.000000E+00,0.000000E+00,0.000000E+00,0.000000E+00,0.000000E+00,0.000000E+00,0.000000E+00,0.000000E+00,2.099650E+01,4.825678E+01,2.399062E+01,5.221426E+01,3.975866E+03,2.735681E+03,2.051754E-01,2.682373E-01,0.000000E+00,0.000000E+00,0.000000E+00,0.000000E+00,0.000000E+00,0.000000E+00,0.000000E+00,0.000000E+00,2.099670E+01,4.849973E+01,2.399206E+01,5.054576E+01,6.385558E+03,6.502262E+03,3.295137E-01,6.376696E-01,0.000000E+00,0.000000E+00,0.000000E+00,0.000000E+00,0.000000E+00,0.000000E+00,0.000000E+00,0.000000E+00,2.099587E+01,4.477505E+01,2.399068E+01,5.469044E+01
13:45:00,8.106418E+03,9.323109E+03,4.183289E-01,9.141867E-01,0.000000E+00,0.000000E+00,0.000000E+00,0.000000E+00,0.000000E+00,0.000000E+00,0.000000E+00,0.000000E+00,2.099649E+01,4.823994E+01,2.399208E+01,4.891593E+01,3.975860E+03,3.141845E+03,2.051751E-01,3.081221E-01,0.000000E+00,0.000000E+00,0.000000E+00,0.000000E+00,0.000000E+00,0.000000E+00,0.000000E+00,0.000000E+00,2.099670E+01,4.849972E+01,2.399058E+01,4.996069E+01,8.165925E+03,4.646352E+03,4.213998E-01,4.556661E-01,0.000000E+00,0.000000E+00,0.000000E+00,0.000000E+00,0.000000E+00,0.000000E+00,0.000000E+00,0.000000E+00,2.099650E+01,4.825677E+01,2.399064E+01,5.216269E+01,3.975860E+03,2.688546E+03,2.051751E-01,2.636228E-01,0.000000E+00,0.000000E+00,0.000000E+00,0.000000E+00,0.000000E+00,0.000000E+00,0.000000E+00,0.000000E+00,2.099670E+01,4.849972E+01,2.399190E+01,5.063135E+01,6.385513E+03,6.563525E+03,3.295114E-01,6.436785E-01,0.000000E+00,0.000000E+00,0.000000E+00,0.000000E+00,0.000000E+00,0.000000E+00,0.000000E+00,0.000000E+00,2.099587E+01,4.477624E+01,2.399066E+01,5.461996E+01
14:00:00,8.106410E+03,9.315583E+03,4.183286E-01,9.134448E-01,0.000000E+00,0.000000E+00,0.000000E+00,0.000000E+00,0.000000E+00,0.000000E+00,0.000000E+00,0.000000E+00,2.099649E+01,4.823993E+01,2.399211E+01,4.891910E+01,3.975856E+03,3.497431E+03,2.051749E-01,3.429920E-01,0.000000E+00,0.000000E+00,0.000000E+00,0.000000E+00,0.000000E+00,0.000000E+00,0.000000E+00,0.000000E+00,2.099670E+01,4.849972E+01,2.399089E+01,4.948118E+01,8.165915E+03,4.683364E+03,4.213993E-01,4.592954E-01,0.000000E+00,0.000000E+00,0.000000E+00,0.000000E+00,0.000000E+00,0.000000E+00,0.000000E+00,0.000000E+00,2.099650E+01,4.825677E+01,2.399064E+01,5.211335E+01,3.975856E+03,2.655015E+03,2.051749E-01,2.603403E-01,0.000000E+00,0.000000E+00,0.000000E+00,0.000000E+00,0.000000E+00,0.000000E+00,0.000000E+00,0.000000E+00,2.099670E+01,4.849972E+01,2.399175E+01,5.069297E+01,6.385474E+03,6.621789E+03,3.295094E-01,6.493931E-01,0.000000E+00,0.000000E+00,0.000000E+00,0.000000E+00,0.000000E+00,0.000000E+00,0.000000E+00,0.000000E+00,2.099587E+01,4.477719E+01,2.399066E+01,5.455237E+01
14:15:00,8.106405E+03,9.271505E+03,4.183283E-01,9.091191E-01,0.000000E+00,0.000000E+00,0.000000E+00,0.000000E+00,0.000000E+00,0.000000E+00,0.000000E+00,0.000000E+00,2.099649E+01,4.823993E+01,2.399214E+01,4.893422E+01,3.975853E+03,3.825868E+03,2.051748E-01,3.751943E-01,0.000000E+00,0.000000E+00,0.000000E+00,0.000000E+00,0.000000E+00,0.000000E+00,0.000000E+00,0.000000E+00,2.099670E+01,4.849972E+01,2.399123E+01,4.911065E+01,8.165908E+03,4.715331E+03,4.213990E-01,4.624300E-01,0.000000E+00,0.000000E+00,0.000000E+00,0.000000E+00,0.000000E+00,0.000000E+00,0.000000E+00,0.000000E+00,2.099650E+01,4.825677E+01,2.399064E+01,5.206532E+01,3.975853E+03,2.629422E+03,2.051748E-01,2.578350E-01,0.000000E+00,0.000000E+00,0.000000E+00,0.000000E+00,0.000000E+00,0.000000E+00,0.000000E+00,0.000000E+00,2.099670E+01,4.849972E+01,2.399163E+01,5.073682E+01,6.385439E+03,6.673517E+03,3.295076E-01,6.544669E-01,0.000000E+00,0.000000E+00,0.000000E+00,0.000000E+00,0.000000E+00,0.000000E+00,0.000000E+00,0.000000E+00,2.099587E+01,4.477793E+01,2.399063E+01,5.448636E+01
14:30:00,8.106402E+03,9.188982E+03,4.183281E-01,9.010240E-01,0.000000E+00,0.000000E+00,0.000000E+00,0.000000E+00,0.000000E+00,0.000000E+00,0.000000E+00,0.000000E+00,2.099649E+01,4.823993E+01,2.399218E+01,4.896927E+01,3.975851E+03,4.124059E+03,2.051747E-01,4.044261E-01,0.000000E+00,0.000000E+00,0.000000E+00,0.000000E+00,0.000000E+00,0.000000E+00,0.000000E+00,0.000000E+00,2.099670E+01,4.849972E+01,2.399154E+01,4.883067E+01,8.165903E+03,4.741613E+03,4.213987E-01,4.650068E-01,0.000000E+00,0.000000E+00,0.000000E+00,0.000000E+00,0.000000E+00,0.000000E+00,0.000000E+00,0.000000E+00,2.099650E+01,4.825676E+01,2.399068E+01,5.203249E+01,3.975851E+03,2.608536E+03,2.051747E-01,2.557904E-01,0.000000E+00,0.000000E+00,0.000000E+00,0.000000E+00,0.000000E+00,0.000000E+00,0.000000E+00,0.000000E+00,2.099670E+01,4.849972E+01,2.399154E+01,5.077841E+01,6.385408E+03,6.718071E+03,3.295060E-01,6.588369E-01,0.000000E+00,0.000000E+00,0.000000E+00,0.000000E+00,0.000000E+00,0.000000E+00,0.000000E+00,0.000000E+00,2.099587E+01,4.477851E+01,2.399064E+01,5.443553E+01
14:45:00,8.106400E+03,9.069623E+03,4.183280E-01,8.893170E-01,0.000000E+00,0.000000E+00,0.000000E+00,0.000000E+00,0.000000E+00,0.000000E+00,0.000000E+00,0.000000E+00,2.099649E+01,4.823993E+01,2.399222E+01,4.902110E+01,3.975850E+03,4.401421E+03,2.051746E-01,4.316128E-01,0.000000E+00,0.000000E+00,0.000000E+00,0.000000E+00,0.000000E+00,0.000000E+00,0.000000E+00,0.000000E+00,2.099670E+01,4.849972E+01,2.399178E+01,4.860839E+01,8.165899E+03,4.759503E+03,4.213985E-01,4.667604E-01,0.000000E+00,0.000000E+00,0.000000E+00,0.000000E+00,0.000000E+00,0.000000E+00,0.000000E+00,0.000000E+00,2.099650E+01,4.825676E+01,2.399071E+01,5.200814E+01,3.975850E+03,2.589309E+03,2.051746E-01,2.539079E-01,0.000000E+00,0.000000E+00,0.000000E+00,0.000000E+00,0.000000E+00,0.000000E+00,0.000000E+00,0.000000E+00,2.099670E+01,4.849972E+01,2.399143E+01,5.081603E+01,6.385382E+03,6.754624E+03,3.295047E-01,6.624222E-01,0.000000E+00,0.000000E+00,0.000000E+00,0.000000E+00,0.000000E+00,0.000000E+00,0.000000E+00,0.000000E+00,2.099587E+01,4.477897E+01,2.399063E+01,5.439380E+01
15:00:00,8.106400E+03,8.907432E+03,4.183280E-01,8.734106E-01,0.000000E+00,0.000000E+00,0.000000E+00,0.000000E+00,0.000000E+00,0.000000E+00,0.000000E+00,0.000000E+00,2.099649E+01,4.823993E+01,2.399224E+01,4.908564E+01,3.975849E+03,4.661043E+03,2.051745E-01,4.570603E-01,0.000000E+00,0.000000E+00,0.000000E+00,0.000000E+00,0.000000E+00,0.000000E+00,0.000000E+00,0.000000E+00,2.099670E+01,4.849972E+01,2.399193E+01,4.841245E+01,8.165896E+03,4.768543E+03,4.213983E-01,4.676459E-01,0.000000E+00,0.000000E+00,0.000000E+00,0.000000E+00,0.000000E+00,0.000000E+00,0.000000E+00,0.000000E+00,2.099650E+01,4.825676E+01,2.399074E+01,5.199419E+01,3.975849E+03,2.569717E+03,2.051745E-01,2.519904E-01,0.000000E+00,0.000000E+00,0.000000E+00,0.000000E+00,0.000000E+00,0.000000E+00,0.000000E+00,0.000000E+00,2.099670E+01,4.849972E+01,2.399117E+01,5.085372E+01,6.385358E+03,6.783484E+03,3.295034E-01,6.652538E-01,0.000000E+00,0.000000E+00,0.000000E+00,0.000000E+00,0.000000E+00,0.000000E+00,0.000000E+00,0.000000E+00,2.099587E+01,4.477933E+01,2.399058E+01,5.435845E+01
15:15:00,8.106401E+03,8.694960E+03,4.183281E-01,8.525740E-01,0.000000E+00,0.000000E+00,0.000000E+00,0.000000E+00,0.000000E+00,0.000000E+00,0.000000E+00,0.000000E+00,2.099649E+01,4.823993E+01,2.399228E+01,4.917219E+01,3.975849E+03,4.902444E+03,2.051745E-01,4.807222E-01,0.000000E+00,0.000000E+00,0.000000E+00,0.000000E+00,0.000000E+00,0.000000E+00,0.000000E+00,0.000000E+00,2.099670E+01,4.849972E+01,2.399207E+01,4.824768E+01,8.165895E+03,4.767633E+03,4.213983E-01,4.675552E-01,0.000000E+00,0.000000E+00,0.000000E+00,0.000000E+00,0.000000E+00,0.000000E+00,0.000000E+00,0.000000E+00,2.099650E+01,4.825676E+01,2.399076E+01,5.198625E+01,3.975849E+03,2.548217E+03,2.051745E-01,2.498847E-01,0.000000E+00,0.000000E+00,0.000000E+00,0.000000E+00,0.000000E+00,0.000000E+00,0.000000E+00,0.000000E+00,2.099670E+01,4.849972E+01,2.399122E+01,5.089074E+01,6.385337E+03,6.802700E+03,3.295024E-01,6.671389E-01,0.000000E+00,0.000000E+00,0.000000E+00,0.000000E+00,0.000000E+00,0.000000E+00,0.000000E+00,0.000000E+00,2.099587E+01,4.477962E+01,2.399060E+01,5.432550E+01
15:30:00,8.106403E+03,8.426815E+03,4.183282E-01,8.262782E-01,0.000000E+00,0.000000E+00,0.000000E+00,0.000000E+00,0.000000E+00,0.000000E+00,0.000000E+00,0.000000E+00,2.099649E+01,4.823993E+01,2.399234E+01,4.929606E+01,3.975849E+03,5.123840E+03,2.051746E-01,5.024234E-01,0.000000E+00,0.000000E+00,0.000000E+00,0.000000E+00,0.000000E+00,0.000000E+00,0.000000E+00,0.000000E+00,2.099670E+01,4.849972E+01,2.399221E+01,4.811941E+01,8.165895E+03,4.756496E+03,4.213983E-01,4.664615E-01,0.000000E+00,0.000000E+00,0.000000E+00,0.000000E+00,0.000000E+00,0.000000E+00,0.000000E+00,0.000000E+00,2.099650E+01,4.825676E+01,2.399081E+01,5.199822E+01,3.975849E+03,2.523950E+03,2.051746E-01,2.475066E-01,0.000000E+00,0.000000E+00,0.000000E+00,0.000000E+00,0.000000E+00,0.000000E+00,0.000000E+00,0.000000E+00,2.099670E+01,4.849972E+01,2.399128E+01,5.094029E+01,6.385318E+03,6.811962E+03,3.295014E-01,6.680473E-01,0.000000E+00,0.000000E+00,0.000000E+00,0.000000E+00,0.000000E+00,0.000000E+00,0.000000E+00,0.000000E+00,2.099587E+01,4.477984E+01,2.399063E+01,5.431143E+01
15:45:00,8.106405E+03,8.094508E+03,4.183283E-01,7.936910E-01,0.000000E+00,0.000000E+00,0.000000E+00,0.000000E+00,0.000000E+00,0.000000E+00,0.000000E+00,0.000000E+00,2.099649E+01,4.823993E+01,2.399240E+01,4.945660E+01,3.975850E+03,5.316208E+03,2.051746E-01,5.212791E-01,0.000000E+00,0.000000E+00,0.000000E+00,0.000000E+00,0.000000E+00,0.000000E+00,0.000000E+00,0.000000E+00,2.099670E+01,4.849972E+01,2.399233E+01,4.801698E+01,8.165895E+03,4.736779E+03,4.213983E-01,4.645262E-01,0.000000E+00,0.000000E+00,0.000000E+00,0.000000E+00,0.000000E+00,0.000000E+00,0.000000E+00,0.000000E+00,2.099650E+01,4.825676E+01,2.399085E+01,5.202153E+01,3.975850E+03,2.496910E+03,2.051746E-01,2.448557E-01,0.000000E+00,0.000000E+00,0.000000E+00,0.000000E+00,0.000000E+00,0.000000E+00,0.000000E+00,0.000000E+00,2.099670E+01,4.849972E+01,2.399132E+01,5.099602E+01,6.385301E+03,6.811257E+03,3.295005E-01,6.679776E-01,0.000000E+00,0.000000E+00,0.000000E+00,0.000000E+00,0.000000E+00,0.000000E+00,0.000000E+00,0.000000E+00,2.099587E+01,4.478002E+01,2.399066E+01,5.430885E+01
16:00:00,8.106409E+03,7.699532E+03,4.183285E-01,7.549586E-01,0.000000E+00,0.000000E+00,0.000000E+00,0.000000E+00,0.000000E+00,0.000000E+00,0.000000E+00,0.000000E+00,2.099649E+01,4.823993E+01,2.399245E+01,4.965811E+01,3.975851E+03,5.477806E+03,2.051747E-01,5.371178E-01,0.000000E+00,0.000000E+00,0.000000E+00,0.000000E+00,0.000000E+00,0.000000E+00,0.000000E+00,0.000000E+00,2.099670E+01,4.849972E+01,2.399244E+01,4.793595E+01,8.165897E+03,4.707904E+03,4.213984E-01,4.616928E-01,0.000000E+00,0.000000E+00,0.000000E+00,0.000000E+00,0.000000E+00,0.000000E+00,0.000000E+00,0.000000E+00,2.099650E+01,4.825676E+01,2.399088E+01,5.205262E+01,3.975851E+03,2.466779E+03,2.051747E-01,2.418998E-01,0.000000E+00,0.000000E+00,0.000000E+00,0.000000E+00,0.000000E+00,0.000000E+00,0.000000E+00,0.000000E+00,2.099670E+01,4.849972E+01,2.399136E+01,5.105607E+01,6.385286E+03,6.799231E+03,3.294998E-01,6.667968E-01,0.000000E+00,0.000000E+00,0.000000E+00,0.000000E+00,0.000000E+00,0.000000E+00,0.000000E+00,0.000000E+00,2.099587E+01,4.478015E+01,2.399067E+01,5.431385E+01
16:15:00,8.106413E+03,7.254628E+03,4.183287E-01,7.113307E-01,0.000000E+00,0.000000E+00,0.000000E+00,0.000000E+00,0.000000E+00,0.000000E+00,0.000000E+00,0.000000E+00,2.099649E+01,4.823993E+01,2.399250E+01,4.990535E+01,3.975852E+03,5.610408E+03,2.051747E-01,5.501136E-01,0.000000E+00,0.000000E+00,0.000000E+00,0.000000E+00,0.000000E+00,0.000000E+00,0.000000E+00,0.000000E+00,2.099670E+01,4.849972E+01,2.399253E+01,4.787348E+01,8.165899E+03,4.673227E+03,4.213985E-01,4.582904E-01,0.000000E+00,0.000000E+00,0.000000E+00,0.000000E+00,0.000000E+00,0.000000E+00,0.000000E+00,0.000000E+00,2.099650E+01,4.825676E+01,2.399091E+01,5.209011E+01,3.975852E+03,2.434595E+03,2.051747E-01,2.387427E-01,0.000000E+00,0.000000E+00,0.000000E+00,0.000000E+00,0.000000E+00,0.000000E+00,0.000000E+00,0.000000E+00,2.099670E+01,4.849972E+01,2.399139E+01,5.112034E+01,6.385273E+03,6.781449E+03,3.294991E-01,6.650516E-01,0.000000E+00,0.000000E+00,0.000000E+00,0.000000E+00,0.000000E+00,0.000000E+00,0.000000E+00,0.000000E+00,2.099587E+01,4.478026E+01,2.399067E+01,5.432447E+01
16:30:00,8.106417E+03,6.778572E+03,4.183289E-01,6.646493E-01,0.000000E+00,0.000000E+00,0.000000E+00,0.000000E+00,0.000000E+00,0.000000E+00,0.000000E+00,0.000000E+00,2.099649E+01,4.823993E+01,2.399253E+01,5.020206E+01,3.975854E+03,5.712919E+03,2.051748E-01,5.601597E-01,0.000000E+00,0.000000E+00,0.000000E+00,0.000000E+00,0.000000E+00,0.000000E+00,0.000000E+00,0.000000E+00,2.099670E+01,4.849972E+01,2.399260E+01,4.782921E+01,8.165901E+03,4.632319E+03,4.213986E-01,4.542770E-01,0.000000E+00,0.000000E+00,0.000000E+00,0.000000E+00,0.000000E+00,0.000000E+00,0.000000E+00,0.000000E+00,2.099650E+01,4.825676E+01,2.399095E+01,5.213925E+01,3.975854E+03,2.399914E+03,2.051748E-01,2.353409E-01,0.000000E+00,0.000000E+00,0.000000E+00,0.000000E+00,0.000000E+00,0.000000E+00,0.000000E+00,0.000000E+00,2.099670E+01,4.849972E+01,2.399143E+01,5.119425E+01,6.385261E+03,6.757380E+03,3.294984E-01,6.626903E-01,0.000000E+00,0.000000E+00,0.000000E+00,0.000000E+00,0.000000E+00,0.000000E+00,0.000000E+00,0.000000E+00,2.099587E+01,4.478034E+01,2.399069E+01,5.434542E+01
16:45:00,8.106422E+03,6.302580E+03,4.183292E-01,6.179759E-01,0.000000E+00,0.000000E+00,0.000000E+00,0.000000E+00,0.000000E+00,0.000000E+00,0.000000E+00,0.000000E+00,2.099649E+01,4.823993E+01,2.399249E+01,5.053454E+01,3.975856E+03,5.788479E+03,2.051749E-01,5.675636E-01,0.000000E+00,0.000000E+00,0.000000E+00,0.000000E+00,0.000000E+00,0.000000E+00,0.000000E+00,0.000000E+00,2.099670E+01,4.849972E+01,2.399267E+01,4.780098E+01,8.165904E+03,4.582011E+03,4.213987E-01,4.493421E-01,0.000000E+00,0.000000E+00,0.000000E+00,0.000000E+00,0.000000E+00,0.000000E+00,0.000000E+00,0.000000E+00,2.099650E+01,4.825676E+01,2.399098E+01,5.219741E+01,3.975856E+03,2.360912E+03,2.051749E-01,2.315154E-01,0.000000E+00,0.000000E+00,0.000000E+00,0.000000E+00,0.000000E+00,0.000000E+00,0.000000E+00,0.000000E+00,2.099670E+01,4.849972E+01,2.399147E+01,5.127599E+01,6.385250E+03,6.726686E+03,3.294979E-01,6.596797E-01,0.000000E+00,0.000000E+00,0.000000E+00,0.000000E+00,0.000000E+00,0.000000E+00,0.000000E+00,0.000000E+00,2.099587E+01,4.478041E+01,2.399069E+01,5.437400E+01
17:00:00,8.106428E+03,5.881666E+03,4.183294E-01,5.767062E-01,0.000000E+00,0.000000E+00,0.000000E+00,0.000000E+00,0.000000E+00,0.000000E+00,0.000000E+00,0.000000E+00,2.099649E+01,4.823994E+01,2.399233E+01,5.087542E+01,3.975858E+03,5.834994E+03,2.051750E-01,5.721205E-01,0.000000E+00,0.000000E+00,0.000000E+00,0.000000E+00,0.000000E+00,0.000000E+00,0.000000E+00,0.000000E+00,2.099670E+01,4.849972E+01,2.399272E+01,4.778177E+01,8.165907E+03,4.527424E+03,4.213989E-01,4.439873E-01,0.000000E+00,0.000000E+00,0.000000E+00,0.000000E+00,0.000000E+00,0.000000E+00,0.000000E+00,0.000000E+00,2.099650E+01,4.825676E+01,2.399103E+01,5.227110E+01,3.975858E+03,2.317630E+03,2.051750E-01,2.272703E-01,0.000000E+00,0.000000E+00,0.000000E+00,0.000000E+00,0.000000E+00,0.000000E+00,0.000000E+00,0.000000E+00,2.099670E+01,4.849972E+01,2.399152E+01,5.137278E+01,6.385240E+03,6.689286E+03,3.294974E-01,6.560114E-01,0.000000E+00,0.000000E+00,0.000000E+00,0.000000E+00,0.000000E+00,0.000000E+00,0.000000E+00,0.000000E+00,2.099587E+01,4.478046E+01,2.399069E+01,5.440871E+01
17:15:00,8.106433E+03,5.529797E+03,4.183297E-01,5.422166E-01,0.000000E+00,0.000000E+00,0.000000E+00,0.000000E+00,0.000000E+00,0.000000E+00,0.000000E+00,0.000000E+00,2.099649E+01,4.823994E+01,2.399158E+01,5.115523E+01,3.975860E+03,5.849114E+03,2.051751E-01,5.735014E-01,0.000000E+00,0.000000E+00,0.000000E+00,0.000000E+00,0.000000E+00,0.000000E+00,0.000000E+00,0.000000E+00,2.099670E+01,4.849972E+01,2.399278E+01,4.777834E+01,8.165911E+03,4.489456E+03,4.213991E-01,4.402625E-01,0.000000E+00,0.000000E+00,0.000000E+00,0.000000E+00,0.000000E+00,0.000000E+00,0.000000E+00,0.000000E+00,2.099650E+01,4.825676E+01,2.399104E+01,5.234242E+01,3.975860E+03,2.270626E+03,2.051751E-01,2.226600E-01,0.000000E+00,0.000000E+00,0.000000E+00,0.000000E+00,0.000000E+00,0.000000E+00,0.000000E+00,0.000000E+00,2.099670E+01,4.849972E+01,2.399156E+01,5.147966E+01,6.385231E+03,6.645751E+03,3.294969E-01,6.517418E-01,0.000000E+00,0.000000E+00,0.000000E+00,0.000000E+00,0.000000E+00,0.000000E+00,0.000000E+00,0.000000E+00,2.099587E+01,4.478049E+01,2.399068E+01,5.444853E+01
17:30:00,8.106439E+03,5.253283E+03,4.183300E-01,5.151162E-01,0.000000E+00,0.000000E+00,0.000000E+00,0.000000E+00,0.000000E+00,0.000000E+00,0.000000E+00,0.000000E+00,2.099649E+01,4.823994E+01,2.399153E+01,5.140596E+01,3.975862E+03,5.828023E+03,2.051752E-01,5.714301E-01,0.000000E+00,0.000000E+00,0.000000E+00,0.000000E+00,0.000000E+00,0.000000E+00,0.000000E+00,0.000000E+00,2.099670E+01,4.849972E+01,2.399283E+01,4.779536E+01,8.165915E+03,4.486536E+03,4.213993E-01,4.399764E-01,0.000000E+00,0.000000E+00,0.000000E+00,0.000000E+00,0.000000E+00,0.000000E+00,0.000000E+00,0.000000E+00,2.099650E+01,4.825677E+01,2.399092E+01,5.236616E+01,3.975862E+03,2.220070E+03,2.051752E-01,2.177015E-01,0.000000E+00,0.000000E+00,0.000000E+00,0.000000E+00,0.000000E+00,0.000000E+00,0.000000E+00,0.000000E+00,2.099670E+01,4.849972E+01,2.399160E+01,5.159782E+01,6.385223E+03,6.595986E+03,3.294965E-01,6.468619E-01,0.000000E+00,0.000000E+00,0.000000E+00,0.000000E+00,0.000000E+00,0.000000E+00,0.000000E+00,0.000000E+00,2.099587E+01,4.478052E+01,2.399066E+01,5.449777E+01
17:45:00,8.106445E+03,5.040069E+03,4.183304E-01,4.942219E-01,0.000000E+00,0.000000E+00,0.000000E+00,0.000000E+00,0.000000E+00,0.000000E+00,0.000000E+00,0.000000E+00,2.099649E+01,4.823994E+01,2.399150E+01,5.163067E+01,3.975865E+03,5.764337E+03,2.051754E-01,5.651828E-01,0.000000E+00,0.000000E+00,0.000000E+00,0.000000E+00,0.000000E+00,0.000000E+00,0.000000E+00,0.000000E+00,2.099670E+01,4.849972E+01,2.399289E+01,4.783244E+01,8.165919E+03,4.527147E+03,4.213995E-01,4.439623E-01,0.000000E+00,0.000000E+00,0.000000E+00,0.000000E+00,0.000000E+00,0.000000E+00,0.000000E+00,0.000000E+00,2.099650E+01,4.825677E+01,2.399070E+01,5.232066E+01,3.975865E+03,2.168004E+03,2.051754E-01,2.125950E-01,0.000000E+00,0.000000E+00,0.000000E+00,0.000000E+00,0.000000E+00,0.000000E+00,0.000000E+00,0.000000E+00,2.099670E+01,4.849972E+01,2.399163E+01,5.172547E+01,6.385215E+03,6.540414E+03,3.294961E-01,6.414115E-01,0.000000E+00,0.000000E+00,0.000000E+00,0.000000E+00,0.000000E+00,0.000000E+00,0.000000E+00,0.000000E+00,2.099587E+01,4.478054E+01,2.399072E+01,5.455418E+01
18:00:00,8.106451E+03,4.850859E+03,4.183307E-01,4.756790E-01,0.000000E+00,0.000000E+00,0.000000E+00,0.000000E+00,0.000000E+00,0.000000E+00,0.000000E+00,0.000000E+00,2.099649E+01,4.823994E+01,2.399147E+01,5.183921E+01,3.975867E+03,5.655227E+03,2.051755E-01,5.544817E-01,0.000000E+00,0.000000E+00,0.000000E+00,0.000000E+00,0.000000E+00,0.000000E+00,0.000000E+00,0.000000E+00,2.099670E+01,4.849973E+01,2.399294E+01,4.789194E+01,8.165923E+03,4.624089E+03,4.213997E-01,4.534760E-01,0.000000E+00,0.000000E+00,0.000000E+00,0.000000E+00,0.000000E+00,0.000000E+00,0.000000E+00,0.000000E+00,2.099650E+01,4.825677E+01,2.399043E+01,5.223082E+01,3.975867E+03,2.114475E+03,2.051755E-01,2.073452E-01,0.000000E+00,0.000000E+00,0.000000E+00,0.000000E+00,0.000000E+00,0.000000E+00,0.000000E+00,0.000000E+00,2.099670E+01,4.849973E+01,2.399166E+01,5.186029E+01,6.385209E+03,6.479940E+03,3.294958E-01,6.354792E-01,0.000000E+00,0.000000E+00,0.000000E+00,0.000000E+00,0.000000E+00,0.000000E+00,0.000000E+00,0.000000E+00,2.099587E+01,4.478056E+01,2.399080E+01,5.461618E+01
18:15:00,8.814883E+03,4.677290E+03,4.548890E-01,4.586601E-01,0.000000E+00,0.000000E+00,0.000000E+00,0.000000E+00,0.000000E+00,0.000000E+00,0.000000E+00,0.000000E+00,2.099649E+01,4.823994E+01,2.399146E+01,5.203781E+01,4.284395E+03,5.496612E+03,2.210971E-01,5.389270E-01,0.000000E+00,0.000000E+00,0.000000E+00,0.000000E+00,0.000000E+00,0.000000E+00,0.000000E+00,0.000000E+00,2.099670E+01,4.849973E+01,2.399300E+01,4.797781E+01,8.874353E+03,4.746290E+03,4.579580E-01,4.654643E-01,0.000000E+00,0.000000E+00,0.000000E+00,0.000000E+00,0.000000E+00,0.000000E+00,0.000000E+00,0.000000E+00,2.099650E+01,4.825677E+01,2.399067E+01,5.207665E+01,4.284395E+03,2.058002E+03,2.210971E-01,2.018068E-01,0.000000E+00,0.000000E+00,0.000000E+00,0.000000E+00,0.000000E+00,0.000000E+00,0.000000E+00,0.000000E+00,2.099670E+01,4.849973E+01,2.399169E+01,5.200290E+01,7.851516E+03,6.410299E+03,4.051616E-01,6.286471E-01,0.000000E+00,0.000000E+00,0.000000E+00,0.000000E+00,0.000000E+00,0.000000E+00,0.000000E+00,0.000000E+00,2.099587E+01,4.478057E+01,2.399085E+01,5.468172E+01
18:30:00,9.523393E+03,4.510141E+03,4.914452E-01,4.422698E-01,0.000000E+00,0.000000E+00,0.000000E+00,0.000000E+00,0.000000E+00,0.000000E+00,0.000000E+00,0.000000E+00,2.099565E+01,4.592555E+01,2.399149E+01,5.224586E+01,4.592955E+03,5.285583E+03,2.370180E-01,5.182332E-01,0.000000E+00,0.000000E+00,0.000000E+00,0.000000E+00,0.000000E+00,0.000000E+00,0.000000E+00,0.000000E+00,2.099601E+01,4.620317E+01,2.399306E+01,4.810122E+01,9.582862E+03,4.858181E+03,4.945141E-01,4.764372E-01,0.000000E+00,0.000000E+00,0.000000E+00,0.000000E+00,0.000000E+00,0.000000E+00,0.000000E+00,0.000000E+00,2.099566E+01,4.594310E+01,2.399092E+01,5.193165E+01,4.592955E+03,1.998624E+03,2.370180E-01,1.959835E-01,0.000000E+00,0.000000E+00,0.000000E+00,0.000000E+00,0.000000E+00,0.000000E+00,0.000000E+00,0.000000E+00,2.099601E+01,4.620317E+01,2.399174E+01,5.216667E+01,9.318283E+03,6.332485E+03,4.808261E-01,6.210116E-01,0.000000E+00,0.000000E+00,0.000000E+00,0.000000E+00,0.000000E+00,0.000000E+00,0.000000E+00,0.000000E+00,2.099286E+01,4.285218E+01,2.399093E+01,5.476431E+01
18:45:00,1.023207E+04,4.343301E+03,5.279830E-01,4.259090E-01,0.000000E+00,0.000000E+00,0.000000E+00,0.000000E+00,0.000000E+00,0.000000E+00,0.000000E+00,0.000000E+00,2.099205E+01,4.492536E+01,2.399152E+01,5.246169E+01,4.901561E+03,5.014688E+03,2.529285E-01,4.916700E-01,0.000000E+00,0.000000E+00,0.000000E+00,0.000000E+00,0.000000E+00,0.000000E+00,0.000000E+00,0.000000E+00,2.099242E+01,4.527553E+01,2.399313E+01,4.826643E+01,1.029153E+04,4.928952E+03,5.310516E-01,4.833721E-01,0.000000E+00,0.000000E+00,0.000000E+00,0.000000E+00,0.000000E+00,0.000000E+00,0.000000E+00,0.000000E+00,2.099205E+01,4.494717E+01,2.399116E+01,5.183826E+01,4.901561E+03,1.935047E+03,2.529285E-01,1.897485E-01,0.000000E+00,0.000000E+00,0.000000E+00,0.000000E+00,0.000000E+00,0.000000E+00,0.000000E+00,0.000000E+00,2.099242E+01,4.527553E+01,2.399179E+01,5.234691E+01,1.078562E+04,6.246658E+03,5.564986E-01,6.125905E-01,0.000000E+00,0.000000E+00,0.000000E+00,0.000000E+00,0.000000E+00,0.000000E+00,0.000000E+00,0.000000E+00,2.099029E+01,4.168816E+01,2.399100E+01,5.485774E+01
19:00:00,1.094103E+04,4.174335E+03,5.645192E-01,4.093391E-01,0.000000E+00,0.000000E+00,0.000000E+00,0.000000E+00,0.000000E+00,0.000000E+00,0.000000E+00,0.000000E+00,2.098980E+01,4.449058E+01,2.399156E+01,5.269144E+01,5.210289E+03,4.685021E+03,2.688376E-01,4.593444E-01,0.000000E+00,0.000000E+00,0.000000E+00,0.000000E+00,0.000000E+00,0.000000E+00,0.000000E+00,0.000000E+00,2.099022E+01,4.489851E+01,2.399323E+01,4.849478E+01,1.100050E+04,4.919494E+03,5.675874E-01,4.824328E-01,0.000000E+00,0.000000E+00,0.000000E+00,0.000000E+00,0.000000E+00,0.000000E+00,0.000000E+00,0.000000E+00,2.098979E+01,4.451593E+01,2.399142E+01,5.183279E+01,5.210289E+03,1.867486E+03,2.688376E-01,1.831228E-01,0.000000E+00,0.000000E+00,0.000000E+00,0.000000E+00,0.000000E+00,0.000000E+00,0.000000E+00,0.000000E+00,2.099022E+01,4.489851E+01,2.399184E+01,5.254832E+01,1.225349E+04,6.151974E+03,6.321848E-01,6.033012E-01,0.000000E+00,0.000000E+00,0.000000E+00,0.000000E+00,0.000000E+00,0.000000E+00,0.000000E+00,0.000000E+00,2.098863E+01,4.098475E+01,2.399106E+01,5.495902E+01
19:15:00,1.094189E+04,4.011447E+03,5.645051E-01,3.933648E-01,0.000000E+00,0.000000E+00,0.000000E+00,0.000000E+00,0.000000E+00,0.000000E+00,0.000000E+00,0.000000E+00,2.098866E+01,4.430128E+01,2.399160E+01,5.293255E+01,5.210632E+03,4.304486E+03,2.688286E-01,4.220314E-01,0.000000E+00,0.000000E+00,0.000000E+00,0.000000E+00,0.000000E+00,0.000000E+00,0.000000E+00,0.000000E+00,2.098916E+01,4.474501E+01,2.399332E+01,4.879044E+01,1.100135E+04,4.826996E+03,5.675729E-01,4.733506E-01,0.000000E+00,0.000000E+00,0.000000E+00,0.000000E+00,0.000000E+00,0.000000E+00,0.000000E+00,0.000000E+00,2.098866E+01,4.432890E+01,2.399165E+01,5.192218E+01,5.210632E+03,1.800147E+03,2.688286E-01,1.765187E-01,0.000000E+00,0.000000E+00,0.000000E+00,0.000000E+00,0.000000E+00,0.000000E+00,0.000000E+00,0.000000E+00,2.098916E+01,4.474501E+01,2.399189E+01,5.276662E+01,1.225551E+04,6.061236E+03,6.322201E-01,5.943989E-01,0.000000E+00,0.000000E+00,0.000000E+00,0.000000E+00,0.000000E+00,0.000000E+00,0.000000E+00,0.000000E+00,2.098761E+01,4.055975E+01,2.399112E+01,5.506727E+01
19:30:00,1.094294E+04,3.853741E+03,5.645038E-01,3.778991E-01,0.000000E+00,0.000000E+00,0.000000E+00,0.000000E+00,0.000000E+00,0.000000E+00,0.000000E+00,0.000000E+00,2.098814E+01,4.421896E+01,2.399160E+01,5.317076E+01,5.211070E+03,3.859970E+03,2.688253E-01,3.784460E-01,0.000000E+00,0.000000E+00,0.000000E+00,0.000000E+00,0.000000E+00,0.000000E+00,0.000000E+00,0.000000E+00,2.098869E+01,4.468261E+01,2.399341E+01,4.916412E+01,1.100240E+04,4.643408E+03,5.675711E-01,4.553375E-01,0.000000E+00,0.000000E+00,0.000000E+00,0.000000E+00,0.000000E+00,0.000000E+00,0.000000E+00,0.000000E+00,2.098813E+01,4.424789E+01,2.399180E+01,5.209859E+01,5.211070E+03,1.733074E+03,2.688253E-01,1.699410E-01,0.000000E+00,0.000000E+00,0.000000E+00,0.000000E+00,0.000000E+00,0.000000E+00,0.000000E+00,0.000000E+00,2.098869E+01,4.468261E+01,2.399189E+01,5.298665E+01,1.225745E+04,5.973137E+03,6.322717E-01,5.857564E-01,0.000000E+00,0.000000E+00,0.000000E+00,0.000000E+00,0.000000E+00,0.000000E+00,0.000000E+00,0.000000E+00,2.098699E+01,4.030311E+01,2.399114E+01,5.517017E+01
19:45:00,1.094407E+04,3.703533E+03,5.645311E-01,3.631689E-01,0.000000E+00,0.000000E+00,0.000000E+00,0.000000E+00,0.000000E+00,0.000000E+00,0.000000E+00,0.000000E+00,2.098790E+01,4.418331E+01,2.399160E+01,5.341288E+01,5.211569E+03,3.379041E+03,2.688372E-01,3.312900E-01,0.000000E+00,0.000000E+00,0.000000E+00,0.000000E+00,0.000000E+00,0.000000E+00,0.000000E+00,0.000000E+00,2.098849E+01,4.465740E+01,2.399363E+01,4.970451E+01,1.100353E+04,4.395471E+03,5.675982E-01,4.310166E-01,0.000000E+00,0.000000E+00,0.000000E+00,0.000000E+00,0.000000E+00,0.000000E+00,0.000000E+00,0.000000E+00,2.098790E+01,4.421294E+01,2.399189E+01,5.239355E+01,5.211569E+03,1.667709E+03,2.688372E-01,1.635310E-01,0.000000E+00,0.000000E+00,0.000000E+00,0.000000E+00,0.000000E+00,0.000000E+00,0.000000E+00,0.000000E+00,2.098849E+01,4.465740E+01,2.399190E+01,5.321523E+01,1.225916E+04,5.886216E+03,6.323291E-01,5.772298E-01,0.000000E+00,0.000000E+00,0.000000E+00,0.000000E+00,0.000000E+00,0.000000E+00,0.000000E+00,0.000000E+00,2.098661E+01,4.014826E+01,2.399118E+01,5.527321E+01
20:00:00,1.094509E+04,3.560827E+03,5.645691E-01,3.491749E-01,0.000000E+00,0.000000E+00,0.000000E+00,0.000000E+00,0.000000E+00,0.000000E+00,0.000000E+00,0.000000E+00,2.098779E+01,4.416799E+01,2.399158E+01,5.366032E+01,5.212036E+03,2.914755E+03,2.688548E-01,2.857668E-01,0.000000E+00,0.000000E+00,0.000000E+00,0.000000E+00,0.000000E+00,0.000000E+00,0.000000E+00,0.000000E+00,2.098840E+01,4.464734E+01,2.399373E+01,5.037771E+01,1.100455E+04,4.098138E+03,5.676361E-01,4.018556E-01,0.000000E+00,0.000000E+00,0.000000E+00,0.000000E+00,0.000000E+00,0.000000E+00,0.000000E+00,0.000000E+00,2.098779E+01,4.419800E+01,2.399188E+01,5.276374E+01,5.212036E+03,1.604228E+03,2.688548E-01,1.573060E-01,0.000000E+00,0.000000E+00,0.000000E+00,0.000000E+00,0.000000E+00,0.000000E+00,0.000000E+00,0.000000E+00,2.098840E+01,4.464734E+01,2.399190E+01,5.345368E+01,1.226061E+04,5.799070E+03,6.323851E-01,5.686815E-01,0.000000E+00,0.000000E+00,0.000000E+00,0.000000E+00,0.000000E+00,0.000000E+00,0.000000E+00,0.000000E+00,2.098639E+01,4.005493E+01,2.399123E+01,5.538071E+01
20:15:00,1.094596E+04,3.427776E+03,5.646070E-01,3.361283E-01,0.000000E+00,0.000000E+00,0.000000E+00,0.000000E+00,0.000000E+00,0.000000E+00,0.000000E+00,0.000000E+00,2.098775E+01,4.416152E+01,2.399155E+01,5.391384E+01,5.212437E+03,2.510141E+03,2.688727E-01,2.460968E-01,0.000000E+00,0.000000E+00,0.000000E+00,0.000000E+00,0.000000E+00,0.000000E+00,0.000000E+00,0.000000E+00,2.098837E+01,4.464344E+01,2.399339E+01,5.104118E+01,1.100542E+04,3.798630E+03,5.676740E-01,3.724820E-01,0.000000E+00,0.000000E+00,0.000000E+00,0.000000E+00,0.000000E+00,0.000000E+00,0.000000E+00,0.000000E+00,2.098775E+01,4.419171E+01,2.399212E+01,5.321563E+01,5.212437E+03,1.543890E+03,2.688727E-01,1.513894E-01,0.000000E+00,0.000000E+00,0.000000E+00,0.000000E+00,0.000000E+00,0.000000E+00,0.000000E+00,0.000000E+00,2.098837E+01,4.464344E+01,2.399188E+01,5.370302E+01,1.226182E+04,5.707668E+03,6.324364E-01,5.597156E-01,0.000000E+00,0.000000E+00,0.000000E+00,0.000000E+00,0.000000E+00,0.000000E+00,0.000000E+00,0.000000E+00,2.098625E+01,3.999877E+01,2.399131E+01,5.549616E+01
20:30:00,1.094667E+04,3.309299E+03,5.646408E-01,3.245117E-01,0.000000E+00,0.000000E+00,0.000000E+00,0.000000E+00,0.000000E+00,0.000000E+00,0.000000E+00,0.000000E+00,2.098773E+01,4.415887E+01,2.399143E+01,5.415165E+01,5.212771E+03,2.201986E+03,2.688888E-01,2.158869E-01,0.000000E+00,0.000000E+00,0.000000E+00,0.000000E+00,0.000000E+00,0.000000E+00,0.000000E+00,0.000000E+00,2.098835E+01,4.464202E+01,2.399290E+01,5.160335E+01,1.100613E+04,3.538732E+03,5.677077E-01,3.469949E-01,0.000000E+00,0.000000E+00,0.000000E+00,0.000000E+00,0.000000E+00,0.000000E+00,0.000000E+00,0.000000E+00,2.098773E+01,4.418915E+01,2.399207E+01,5.364025E+01,5.212771E+03,1.488889E+03,2.688888E-01,1.459966E-01,0.000000E+00,0.000000E+00,0.000000E+00,0.000000E+00,0.000000E+00,0.000000E+00,0.000000E+00,0.000000E+00,2.098835E+01,4.464202E+01,2.399179E+01,5.394039E+01,1.226284E+04,5.612103E+03,6.324821E-01,5.503409E-01,0.000000E+00,0.000000E+00,0.000000E+00,0.000000E+00,0.000000E+00,0.000000E+00,0.000000E+00,0.000000E+00,2.098617E+01,3.996503E+01,2.399137E+01,5.561496E+01
20:45:00,1.094726E+04,3.204566E+03,5.646695E-01,3.142452E-01,0.000000E+00,0.000000E+00,0.000000E+00,0.000000E+00,0.000000E+00,0.000000E+00,0.000000E+00,0.000000E+00,2.098772E+01,4.415786E+01,2.399112E+01,5.436695E+01,5.213046E+03,1.990684E+03,2.689025E-01,1.951748E-01,0.000000E+00,0.000000E+00,0.000000E+00,0.000000E+00,0.000000E+00,0.000000E+00,0.000000E+00,0.000000E+00,2.098835E+01,4.464158E+01,2.399269E+01,5.210466E+01,1.100671E+04,3.326373E+03,5.677364E-01,3.261716E-01,0.000000E+00,0.000000E+00,0.000000E+00,0.000000E+00,0.000000E+00,0.000000E+00,0.000000E+00,0.000000E+00,2.098772E+01,4.418818E+01,2.399188E+01,5.401408E+01,5.213046E+03,1.440599E+03,2.689025E-01,1.412623E-01,0.000000E+00,0.000000E+00,0.000000E+00,0.000000E+00,0.000000E+00,0.000000E+00,0.000000E+00,0.000000E+00,2.098835E+01,4.464158E+01,2.399162E+01,5.416074E+01,1.226369E+04,5.514201E+03,6.325219E-01,5.407367E-01,0.000000E+00,0.000000E+00,0.000000E+00,0.000000E+00,0.000000E+00,0.000000E+00,0.000000E+00,0.000000E+00,2.098612E+01,3.994483E+01,2.399145E+01,5.573946E+01
21:00:00,1.094773E+04,3.114165E+03,5.646936E-01,3.053832E-01,0.000000E+00,0.000000E+00,0.000000E+00,0.000000E+00,0.000000E+00,0.000000E+00,0.000000E+00,0.000000E+00,2.098772E+01,4.415754E+01,2.399122E+01,5.457039E+01,5.213273E+03,1.840342E+03,2.689140E-01,1.804404E-01,0.000000E+00,0.000000E+00,0.000000E+00,0.000000E+00,0.000000E+00,0.000000E+00,0.000000E+00,0.000000E+00,2.098835E+01,4.464152E+01,2.399254E+01,5.255238E+01,1.100719E+04,3.176081E+03,5.677604E-01,3.114363E-01,0.000000E+00,0.000000E+00,0.000000E+00,0.000000E+00,0.000000E+00,0.000000E+00,0.000000E+00,0.000000E+00,2.098772E+01,4.418787E+01,2.399162E+01,5.434054E+01,5.213273E+03,1.398925E+03,2.689140E-01,1.371774E-01,0.000000E+00,0.000000E+00,0.000000E+00,0.000000E+00,0.000000E+00,0.000000E+00,0.000000E+00,0.000000E+00,2.098835E+01,4.464152E+01,2.399145E+01,5.436295E+01,1.226440E+04,5.414583E+03,6.325562E-01,5.309644E-01,0.000000E+00,0.000000E+00,0.000000E+00,0.000000E+00,0.000000E+00,0.000000E+00,0.000000E+00,0.000000E+00,2.098609E+01,3.993278E+01,2.399150E+01,5.586870E+01
21:15:00,1.094813E+04,3.031535E+03,5.647137E-01,2.972818E-01,0.000000E+00,0.000000E+00,0.000000E+00,0.000000E+00,0.000000E+00,0.000000E+00,0.000000E+00,0.000000E+00,2.098772E+01,4.415750E+01,2.399135E+01,5.476506E+01,5.213463E+03,1.720084E+03,2.689237E-01,1.686537E-01,0.000000E+00,0.000000E+00,0.000000E+00,0.000000E+00,0.000000E+00,0.000000E+00,0.000000E+00,0.000000E+00,2.098835E+01,4.464160E+01,2.399241E+01,5.295524E+01,1.100758E+04,3.055934E+03,5.677804E-01,2.996612E-01,0.000000E+00,0.000000E+00,0.000000E+00,0.000000E+00,0.000000E+00,0.000000E+00,0.000000E+00,0.000000E+00,2.098772E+01,4.418784E+01,2.399129E+01,5.462040E+01,5.213463E+03,1.361067E+03,2.689237E-01,1.334661E-01,0.000000E+00,0.000000E+00,0.000000E+00,0.000000E+00,0.000000E+00,0.000000E+00,0.000000E+00,0.000000E+00,2.098835E+01,4.464160E+01,2.399156E+01,5.455682E+01,1.226500E+04,5.312173E+03,6.325857E-01,5.209176E-01,0.000000E+00,0.000000E+00,0.000000E+00,0.000000E+00,0.000000E+00,0.000000E+00,0.000000E+00,0.000000E+00,2.098607E+01,3.992563E+01,2.399163E+01,5.600506E+01
21:30:00,1.094846E+04,2.952560E+03,5.647306E-01,2.895373E-01,0.000000E+00,0.000000E+00,0.000000E+00,0.000000E+00,0.000000E+00,0.000000E+00,0.000000E+00,0.000000E+00,2.098771E+01,4.415757E+01,2.399144E+01,5.495493E+01,5.213621E+03,1.623107E+03,2.689318E-01,1.591477E-01,0.000000E+00,0.000000E+00,0.000000E+00,0.000000E+00,0.000000E+00,0.000000E+00,0.000000E+00,0.000000E+00,2.098835E+01,4.464172E+01,2.399228E+01,5.332019E+01,1.100791E+04,2.953077E+03,5.677971E-01,2.895797E-01,0.000000E+00,0.000000E+00,0.000000E+00,0.000000E+00,0.000000E+00,0.000000E+00,0.000000E+00,0.000000E+00,2.098772E+01,4.418791E+01,2.399146E+01,5.487962E+01,5.213621E+03,1.325581E+03,2.689318E-01,1.299869E-01,0.000000E+00,0.000000E+00,0.000000E+00,0.000000E+00,0.000000E+00,0.000000E+00,0.000000E+00,0.000000E+00,2.098835E+01,4.464172E+01,2.399163E+01,5.474668E+01,1.226551E+04,5.208393E+03,6.326110E-01,5.107361E-01,0.000000E+00,0.000000E+00,0.000000E+00,0.000000E+00,0.000000E+00,0.000000E+00,0.000000E+00,0.000000E+00,2.098606E+01,3.992144E+01,2.399175E+01,5.614735E+01
21:45:00,1.094873E+04,2.877235E+03,5.647447E-01,2.821481E-01,0.000000E+00,0.000000E+00,0.000000E+00,0.000000E+00,0.000000E+00,0.000000E+00,0.000000E+00,0.000000E+00,2.098771E+01,4.415767E+01,2.399149E+01,5.514039E+01,5.213754E+03,1.542854E+03,2.689387E-01,1.512809E-01,0.000000E+00,0.000000E+00,0.000000E+00,0.000000E+00,0.000000E+00,0.000000E+00,0.000000E+00,0.000000E+00,2.098835E+01,4.464183E+01,2.399213E+01,5.365253E+01,1.100818E+04,2.861042E+03,5.678111E-01,2.805573E-01,0.000000E+00,0.000000E+00,0.000000E+00,0.000000E+00,0.000000E+00,0.000000E+00,0.000000E+00,0.000000E+00,2.098772E+01,4.418801E+01,2.399153E+01,5.512292E+01,5.213754E+03,1.291434E+03,2.689387E-01,1.266384E-01,0.000000E+00,0.000000E+00,0.000000E+00,0.000000E+00,0.000000E+00,0.000000E+00,0.000000E+00,0.000000E+00,2.098835E+01,4.464183E+01,2.399165E+01,5.493291E+01,1.226594E+04,5.103530E+03,6.326325E-01,5.004481E-01,0.000000E+00,0.000000E+00,0.000000E+00,0.000000E+00,0.000000E+00,0.000000E+00,0.000000E+00,0.000000E+00,2.098605E+01,3.991900E+01,2.399185E+01,5.629441E+01
22:00:00,1.094896E+04,2.804772E+03,5.647566E-01,2.750398E-01,0.000000E+00,0.000000E+00,0.000000E+00,0.000000E+00,0.000000E+00,0.000000E+00,0.000000E+00,0.000000E+00,2.098771E+01,4.415777E+01,2.399157E+01,5.532481E+01,5.213866E+03,1.474743E+03,2.689445E-01,1.446042E-01,0.000000E+00,0.000000E+00,0.000000E+00,0.000000E+00,0.000000E+00,0.000000E+00,0.000000E+00,0.000000E+00,2.098835E+01,4.464194E+01,2.399205E+01,5.395594E+01,1.100841E+04,2.773689E+03,5.678230E-01,2.719918E-01,0.000000E+00,0.000000E+00,0.000000E+00,0.000000E+00,0.000000E+00,0.000000E+00,0.000000E+00,0.000000E+00,2.098772E+01,4.418812E+01,2.399157E+01,5.535343E+01,5.213866E+03,1.258473E+03,2.689445E-01,1.234057E-01,0.000000E+00,0.000000E+00,0.000000E+00,0.000000E+00,0.000000E+00,0.000000E+00,0.000000E+00,0.000000E+00,2.098835E+01,4.464194E+01,2.399164E+01,5.511542E+01,1.226630E+04,4.999485E+03,6.326510E-01,4.902400E-01,0.000000E+00,0.000000E+00,0.000000E+00,0.000000E+00,0.000000E+00,0.000000E+00,0.000000E+00,0.000000E+00,2.098605E+01,3.991761E+01,2.399195E+01,5.644529E+01
22:15:00,1.094916E+04,2.076719E+03,5.647667E-01,2.036451E-01,0.000000E+00,0.000000E+00,0.000000E+00,0.000000E+00,0.000000E+00,0.000000E+00,0.000000E+00,0.000000E+00,2.098771E+01,4.415787E+01,2.494466E+01,5.315123E+01,5.213962E+03,1.081595E+03,2.689494E-01,1.060553E-01,0.000000E+00,0.000000E+00,0.000000E+00,0.000000E+00,0.000000E+00,0.000000E+00,0.000000E+00,0.000000E+00,2.098835E+01,4.464204E+01,2.508984E+01,5.156072E+01,1.100860E+04,2.048332E+03,5.678330E-01,2.008610E-01,0.000000E+00,0.000000E+00,0.000000E+00,0.000000E+00,0.000000E+00,0.000000E+00,0.000000E+00,0.000000E+00,2.098772E+01,4.418821E+01,2.493611E+01,5.323871E+01,5.213962E+03,9.316913E+02,2.689494E-01,9.136132E-02,0.000000E+00,0.000000E+00,0.000000E+00,0.000000E+00,0.000000E+00,0.000000E+00,0.000000E+00,0.000000E+00,2.098835E+01,4.464204E+01,2.495164E+01,5.294125E+01,1.226661E+04,3.710609E+03,6.326668E-01,3.638533E-01,0.000000E+00,0.000000E+00,0.000000E+00,0.000000E+00,0.000000E+00,0.000000E+00,0.000000E+00,0.000000E+00,2.098605E+01,3.991685E+01,2.478386E+01,5.465730E+01
22:30:00,1.094933E+04,1.366808E+03,5.647753E-01,1.340301E-01,0.000000E+00,0.000000E+00,0.000000E+00,0.000000E+00,0.000000E+00,0.000000E+00,0.000000E+00,0.000000E+00,2.098771E+01,4.415796E+01,2.558581E+01,5.205199E+01,5.214043E+03,7.063555E+02,2.689536E-01,6.926181E-02,0.000000E+00,0.000000E+00,0.000000E+00,0.000000E+00,0.000000E+00,0.000000E+00,0.000000E+00,0.000000E+00,2.098835E+01,4.464212E+01,2.583767E+01,5.026539E+01,1.100877E+04,1.345356E+03,5.678415E-01,1.319263E-01,0.000000E+00,0.000000E+00,0.000000E+00,0.000000E+00,0.000000E+00,0.000000E+00,0.000000E+00,0.000000E+00,2.098772E+01,4.418829E+01,2.555459E+01,5.220304E+01,5.214043E+03,6.132337E+02,2.689536E-01,6.013345E-02,0.000000E+00,0.000000E+00,0.000000E+00,0.000000E+00,0.000000E+00,0.000000E+00,0.000000E+00,0.000000E+00,2.098835E+01,4.464212E+01,2.557255E+01,5.192310E+01,1.226688E+04,2.447935E+03,6.326803E-01,2.400373E-01,0.000000E+00,0.000000E+00,0.000000E+00,0.000000E+00,0.000000E+00,0.000000E+00,0.000000E+00,0.000000E+00,2.098605E+01,3.991645E+01,2.537062E+01,5.362045E+01
22:45:00,1.094947E+04,6.748388E+02,5.647827E-01,6.617486E-02,0.000000E+00,0.000000E+00,0.000000E+00,0.000000E+00,0.000000E+00,0.000000E+00,0.000000E+00,0.000000E+00,2.098771E+01,4.415803E+01,2.603589E+01,5.202588E+01,5.214113E+03,3.463531E+02,2.689572E-01,3.396185E-02,0.000000E+00,0.000000E+00,0.000000E+00,0.000000E+00,0.000000E+00,0.000000E+00,0.000000E+00,0.000000E+00,2.098835E+01,4.464219E+01,2.640630E+01,5.002123E+01,1.100891E+04,6.629611E+02,5.678487E-01,6.501015E-02,0.000000E+00,0.000000E+00,0.000000E+00,0.000000E+00,0.000000E+00,0.000000E+00,0.000000E+00,0.000000E+00,2.098772E+01,4.418837E+01,2.595534E+01,5.232197E+01,5.214113E+03,3.026296E+02,2.689572E-01,2.967575E-02,0.000000E+00,0.000000E+00,0.000000E+00,0.000000E+00,0.000000E+00,0.000000E+00,0.000000E+00,0.000000E+00,2.098835E+01,4.464219E+01,2.599359E+01,5.200731E+01,1.226710E+04,1.211178E+03,6.326919E-01,1.187640E-01,0.000000E+00,0.000000E+00,0.000000E+00,0.000000E+00,0.000000E+00,0.000000E+00,0.000000E+00,0.000000E+00,2.098604E+01,3.991626E+01,2.587527E+01,5.330389E+01
23:00:00,1.094959E+04,0.000000E+00,5.647890E-01,0.000000E+00,0.000000E+00,0.000000E+00,0.000000E+00,0.000000E+00,0.000000E+00,0.000000E+00,0.000000E+00,0.000000E+00,2.098771E+01,4.415810E+01,2.616354E+01,5.285550E+01,5.214172E+03,0.000000E+00,2.689603E-01,0.000000E+00,0.000000E+00,0.000000E+00,0.000000E+00,0.000000E+00,0.000000E+00,0.000000E+00,0.000000E+00,0.000000E+00,2.098835E+01,4.464225E+01,2.651848E+01,5.098102E+01,1.100903E+04,0.000000E+00,5.678550E-01,0.000000E+00,0.000000E+00,0.000000E+00,0.000000E+00,0.000000E+00,0.000000E+00,0.000000E+00,0.000000E+00,0.000000E+00,2.098772E+01,4.418843E+01,2.606820E+01,5.319574E+01,5.214172E+03,0.000000E+00,2.689603E-01,0.000000E+00,0.000000E+00,0.000000E+00,0.000000E+00,0.000000E+00,0.000000E+00,0.000000E+00,0.000000E+00,0.000000E+00,2.098835E+01,4.464225E+01,2.610913E+01,5.289280E+01,1.226730E+04,0.000000E+00,6.327019E-01,0.000000E+00,0.000000E+00,0.000000E+00,0.000000E+00,0.000000E+00,0.000000E+00,0.000000E+00,0.000000E+00,0.000000E+00,2.098604E+01,3.991620E+01,2.605682E+01,5.388110E+01
23:15:00,1.094970E+04,0.000000E+00,5.647944E-01,0.000000E+00,0.000000E+00,0.000000E+00,0.000000E+00,0.000000E+00,0.000000E+00,0.000000E+00,0.000000E+00,0.000000E+00,2.098771E+01,4.415815E+01,2.624662E+01,5.368634E+01,5.214224E+03,0.000000E+00,2.689629E-01,0.000000E+00,0.000000E+00,0.000000E+00,0.000000E+00,0.000000E+00,0.000000E+00,0.000000E+00,0.000000E+00,0.000000E+00,2.098835E+01,4.464231E+01,2.658512E+01,5.193308E+01,1.100913E+04,0.000000E+00,5.678603E-01,0.000000E+00,0.000000E+00,0.000000E+00,0.000000E+00,0.000000E+00,0.000000E+00,0.000000E+00,0.000000E+00,0.000000E+00,2.098772E+01,4.418849E+01,2.613915E+01,5.406449E+01,5.214224E+03,0.000000E+00,2.689629E-01,0.000000E+00,0.000000E+00,0.000000E+00,0.000000E+00,0.000000E+00,0.000000E+00,0.000000E+00,0.000000E+00,0.000000E+00,2.098835E+01,4.464231E+01,2.618265E+01,5.377053E+01,1.226747E+04,0.000000E+00,6.327105E-01,0.000000E+00,0.000000E+00,0.000000E+00,0.000000E+00,0.000000E+00,0.000000E+00,0.000000E+00,0.000000E+00,0.000000E+00,2.098604E+01,3.991620E+01,2.618468E+01,5.449685E+01
23:30:00,1.094979E+04,0.000000E+00,5.647991E-01,0.000000E+00,0.000000E+00,0.000000E+00,0.000000E+00,0.000000E+00,0.000000E+00,0.000000E+00,0.000000E+00,0.000000E+00,2.098771E+01,4.415820E+01,2.631011E+01,5.445883E+01,5.214268E+03,0.000000E+00,2.689652E-01,0.000000E+00,0.000000E+00,0.000000E+00,0.000000E+00,0.000000E+00,0.000000E+00,0.000000E+00,0.000000E+00,0.000000E+00,2.098835E+01,4.464235E+01,2.663149E+01,5.282116E+01,1.100922E+04,0.000000E+00,5.678650E-01,0.000000E+00,0.000000E+00,0.000000E+00,0.000000E+00,0.000000E+00,0.000000E+00,0.000000E+00,0.000000E+00,0.000000E+00,2.098772E+01,4.418853E+01,2.619321E+01,5.486753E+01,5.214268E+03,0.000000E+00,2.689652E-01,0.000000E+00,0.000000E+00,0.000000E+00,0.000000E+00,0.000000E+00,0.000000E+00,0.000000E+00,0.000000E+00,0.000000E+00,2.098835E+01,4.464235E+01,2.623978E+01,5.457863E+01,1.226761E+04,0.000000E+00,6.327180E-01,0.000000E+00,0.000000E+00,0.000000E+00,0.000000E+00,0.000000E+00,0.000000E+00,0.000000E+00,0.000000E+00,0.000000E+00,2.098604E+01,3.991624E+01,2.628483E+01,5.508628E+01
23:45:00,1.094987E+04,0.000000E+00,5.648032E-01,0.000000E+00,0.000000E+00,0.000000E+00,0.000000E+00,0.000000E+00,0.000000E+00,0.000000E+00,0.000000E+00,0.000000E+00,2.098771E+01,4.415824E+01,2.635840E+01,5.517397E+01,5.214306E+03,0.000000E+00,2.689672E-01,0.000000E+00,0.000000E+00,0.000000E+00,0.000000E+00,0.000000E+00,0.000000E+00,0.000000E+00,0.000000E+00,0.000000E+00,2.098835E+01,4.464239E+01,2.666353E+01,5.364277E+01,1.100930E+04,0.000000E+00,5.678690E-01,0.000000E+00,0.000000E+00,0.000000E+00,0.000000E+00,0.000000E+00,0.000000E+00,0.000000E+00,0.000000E+00,0.000000E+00,2.098772E+01,4.418857E+01,2.623375E+01,5.560867E+01,5.214306E+03,0.000000E+00,2.689672E-01,0.000000E+00,0.000000E+00,0.000000E+00,0.000000E+00,0.000000E+00,0.000000E+00,0.000000E+00,0.000000E+00,0.000000E+00,2.098835E+01,4.464239E+01,2.628357E+01,5.532222E+01,1.226774E+04,0.000000E+00,6.327244E-01,0.000000E+00,0.000000E+00,0.000000E+00,0.000000E+00,0.000000E+00,0.000000E+00,0.000000E+00,0.000000E+00,0.000000E+00,2.098604E+01,3.991629E+01,2.636570E+01,5.563693E+01
24:00:00,1.094994E+04,0.000000E+00,5.648068E-01,0.000000E+00,0.000000E+00,0.000000E+00,0.000000E+00,0.000000E+00,0.000000E+00,0.000000E+00,0.000000E+00,0.000000E+00,2.098771E+01,4.415828E+01,2.639441E+01,5.583511E+01,5.214340E+03,0.000000E+00,2.689689E-01,0.000000E+00,0.000000E+00,0.000000E+00,0.000000E+00,0.000000E+00,0.000000E+00,0.000000E+00,0.000000E+00,0.000000E+00,2.098835E+01,4.464243E+01,2.668432E+01,5.440156E+01,1.100937E+04,0.000000E+00,5.678725E-01,0.000000E+00,0.000000E+00,0.000000E+00,0.000000E+00,0.000000E+00,0.000000E+00,0.000000E+00,0.000000E+00,0.000000E+00,2.098772E+01,4.418861E+01,2.626339E+01,5.629194E+01,5.214340E+03,0.000000E+00,2.689689E-01,0.000000E+00,0.000000E+00,0.000000E+00,0.000000E+00,0.000000E+00,0.000000E+00,0.000000E+00,0.000000E+00,0.000000E+00,2.098835E+01,4.464243E+01,2.631644E+01,5.600623E+01,1.226785E+04,0.000000E+00,6.327301E-01,0.000000E+00,0.000000E+00,0.000000E+00,0.000000E+00,0.000000E+00,0.000000E+00,0.000000E+00,0.000000E+00,0.000000E+00,2.098604E+01,3.991635E+01,2.643161E+01,5.614706E+01
Peak,1.094994E+04,9.323109E+03,5.648068E-01,9.141867E-01,0.000000E+00,0.000000E+00,0.000000E+00,0.000000E+00,0.000000E+00,0.000000E+00,0.000000E+00,0.000000E+00,,,,,5.214340E+03,5.849114E+03,2.689689E-01,5.735014E-01,0.000000E+00,0.000000E+00,0.000000E+00,0.000000E+00,0.000000E+00,0.000000E+00,0.000000E+00,0.000000E+00,,,,,1.100937E+04,4.928952E+03,5.678725E-01,4.833721E-01,0.000000E+00,0.000000E+00,0.000000E+00,0.000000E+00,0.000000E+00,0.000000E+00,0.000000E+00,0.000000E+00,,,,,5.214340E+03,5.127343E+03,2.689689E-01,5.027384E-01,0.000000E+00,0.000000E+00,0.000000E+00,0.000000E+00,0.000000E+00,0.000000E+00,0.000000E+00,0.000000E+00,,,,,1.226827E+04,6.811962E+03,6.327518E-01,6.680473E-01,0.000000E+00,0.000000E+00,0.000000E+00,0.000000E+00,0.000000E+00,0.000000E+00,0.000000E+00,0.000000E+00,,,,

Peak Vol Flow (m3/s),,,4.787492E-01,7.748953E-01,,,0.000000E+00,0.000000E+00,,,,,,,,,,,2.279871E-01,4.861190E-01,,,0.000000E+00,0.000000E+00,,,,,,,,,,,4.813477E-01,4.097223E-01,,,0.000000E+00,0.000000E+00,,,,,,,,,,,2.279871E-01,4.261379E-01,,,0.000000E+00,0.000000E+00,,,,,,,,,,,5.363416E-01,5.662593E-01,,,0.000000E+00,0.000000E+00,,,,,,,,
